2025-08-23 17:48:47.198 | INFO     | obscam.logging_config:setup_logging:73 | {'log_dir': '/Users/gheadley/logs', 'debug_mode': False, 'console_level': 'INFO'} | Logging initialized
2025-08-24 18:23:42.183 | INFO     | obscam.logging_config:setup_logging:73 | {'log_dir': '/Users/gheadley/logs', 'debug_mode': False, 'console_level': 'INFO'} | Logging initialized
2025-08-24 18:30:07.044 | INFO     | obscam.logging_config:setup_logging:73 | {'log_dir': '/Users/gheadley/logs', 'debug_mode': False, 'console_level': 'INFO'} | Logging initialized
2025-08-24 18:34:10.668 | INFO     | obscam.logging_config:setup_logging:73 | {'log_dir': '/Users/gheadley/logs', 'debug_mode': False, 'console_level': 'INFO'} | Logging initialized
2025-08-24 18:36:39.486 | INFO     | obscam.logging_config:setup_logging:73 | {'log_dir': '/Users/gheadley/logs', 'debug_mode': False, 'console_level': 'INFO'} | Logging initialized
2025-08-24 18:37:10.427 | INFO     | obscam.logging_config:setup_logging:73 | {'log_dir': '/Users/gheadley/logs', 'debug_mode': False, 'console_level': 'INFO'} | Logging initialized
2025-08-24 18:37:49.493 | INFO     | obscam.logging_config:setup_logging:73 | {'log_dir': '/Users/gheadley/logs', 'debug_mode': False, 'console_level': 'INFO'} | Logging initialized
2025-08-24 18:46:45.846 | INFO     | obscam.logging_config:setup_logging:73 | {'log_dir': '/Users/gheadley/logs', 'debug_mode': False, 'console_level': 'INFO'} | Logging initialized
2025-08-24 18:55:33.685 | INFO     | obscam.logging_config:setup_logging:66 | {'log_dir': '/Users/gheadley/nas/develop/python/obscam/logs', 'debug_mode': False, 'console_level': 'INFO'} | Logging initialized
2025-08-25 00:32:52.586 | INFO     | obscam.logging_config:setup_logging:66 | {'log_dir': '/Users/gheadley/nas/develop/python/obscam/logs', 'debug_mode': False, 'console_level': 'INFO'} | Logging initialized
2025-08-25 00:33:05.504 | INFO     | obscam.logging_config:setup_logging:66 | {'log_dir': '/Users/gheadley/nas/develop/python/obscam/logs', 'debug_mode': False, 'console_level': 'INFO'} | Logging initialized
2025-08-25 01:32:31.478 | INFO     | obscam.logging_config:setup_logging:66 | {'log_dir': '/Users/gheadley/nas/develop/python/obscam/logs', 'debug_mode': False, 'console_level': 'INFO'} | Logging initialized
2025-08-25 12:46:24.997 | INFO     | obscam.logging_config:setup_logging:66 | {'log_dir': '/Users/gheadley/nas/develop/python/obscam/logs', 'debug_mode': False, 'console_level': 'INFO'} | Logging initialized
2025-08-25 14:25:24.269 | INFO     | obscam.logging_config:setup_logging:66 | {'log_dir': '/Users/gheadley/nas/develop/python/obscam/logs', 'debug_mode': False, 'console_level': 'INFO'} | Logging initialized
2025-08-25 14:25:24.269 | INFO     | obscam.web:start_web_servers:276 | {'module': 'web_server'} | Starting backend service...
2025-08-25 14:25:24.269 | INFO     | obscam.backend_service:start_backend:56 | {'module': 'backend_service'} | Starting camera backend service
2025-08-25 14:25:24.269 | INFO     | obscam.settings_manager:start:44 | {'module': 'settings_manager'} | Settings save worker started
2025-08-25 14:25:24.269 | INFO     | obscam.frame_cache:start:40 | {'module': 'frame_cache'} | Frame cache writer started
2025-08-25 14:25:24.434 | INFO     | obscam.logging_config:log_camera_event:109 | {'event_type': 'connected', 'camera_status': {'status': 'connected', 'camera_model': 'Nikon Zf (via gphoto2)', 'is_color_camera': True, 'current_exposure_ms': 200.0, 'current_gain': 100, 'shutter_mode': 'Bulb'}} | Camera event
2025-08-25 14:25:24.435 | INFO     | obscam.settings_manager:load_settings:62 | {'module': 'settings_manager', 'settings': {'exposure_ms': 250.0, 'gain': 100, 'wb_r': 75, 'wb_b': 120, 'timestamp': 1756127648.26571}} | Settings loaded successfully
2025-08-25 14:25:24.435 | INFO     | obscam.backend_service:start_backend:75 | {'module': 'backend_service', 'settings': {'exposure_ms': 250.0, 'gain': 100, 'wb_r': 75, 'wb_b': 120, 'timestamp': 1756127648.26571}} | Applying cached settings
2025-08-25 14:25:24.437 | INFO     | obscam.logging_config:log_camera_event:109 | {'event_type': 'settings_applied', 'settings': {'exposure_ms': 250.0, 'gain': 100, 'wb_r': 75, 'wb_b': 120, 'timestamp': 1756127648.26571}} | Camera event
2025-08-25 14:25:24.439 | INFO     | obscam.capture_loop:_capture_worker:102 | {'module': 'capture_loop'} | Capture loop thread started
2025-08-25 14:25:24.439 | INFO     | obscam.logging_config:log_camera_event:109 | {'event_type': 'capture_loop_started'} | Camera event
2025-08-25 14:25:24.439 | INFO     | obscam.backend_service:start_backend:90 | {'module': 'backend_service'} | Backend service started successfully
2025-08-25 14:25:24.439 | INFO     | obscam.logging_config:log_camera_event:109 | {'event_type': 'backend_started', 'status': {'backend_service': 'running', 'continuous_capture': True, 'has_frame': False, 'status': 'connected', 'camera_model': 'Nikon Zf (via gphoto2)', 'is_color_camera': True, 'current_exposure_ms': 250.0, 'current_gain': 100, 'shutter_mode': 'Unknown', 'has_cached_frame': True}} | Camera event
2025-08-25 14:25:24.439 | INFO     | obscam.web:start_web_servers:278 | {'module': 'web_server'} | Backend service started successfully!
2025-08-25 14:25:24.439 | INFO     | obscam.web:start_web_servers:279 | {'module': 'web_server'} | Available endpoints:
2025-08-25 14:25:24.439 | INFO     | obscam.web:start_web_servers:280 | {'module': 'web_server'} |   - Latest frame: http://localhost:8000/api/latest-frame
2025-08-25 14:25:24.439 | INFO     | obscam.web:start_web_servers:283 | {'module': 'web_server'} |   - Update settings: POST http://localhost:8000/api/update-settings
2025-08-25 14:25:24.439 | INFO     | obscam.web:start_web_servers:286 | {'module': 'web_server'} |   - Status: http://localhost:8000/api/status
2025-08-25 14:25:24.439 | INFO     | obscam.web:start_web_servers:297 | {'module': 'web_server'} | Starting web servers...
2025-08-25 14:25:24.439 | INFO     | obscam.web:start_web_servers:298 | {'module': 'web_server'} | Flask (web pages): http://localhost:5001
2025-08-25 14:25:24.439 | INFO     | obscam.web:start_web_servers:299 | {'module': 'web_server'} | FastAPI (API): http://localhost:8000
2025-08-25 14:25:28.934 | INFO     | obscam.backend_service:start_backend:53 | {'module': 'backend_service'} | Backend service already started
2025-08-25 14:25:33.200 | INFO     | obscam.backend_service:update_settings:168 | {'module': 'backend_service', 'new_settings': {'exposure_ms': 300.0, 'gain': 250, 'wb_r': 75, 'wb_b': 120}} | Updating camera settings
2025-08-25 14:25:34.312 | INFO     | obscam.capture_loop:_capture_worker:204 | {'module': 'capture_loop', 'final_frame_count': 8} | Capture loop thread ended
2025-08-25 14:25:34.313 | INFO     | obscam.logging_config:log_camera_event:109 | {'event_type': 'capture_loop_stopped'} | Camera event
2025-08-25 14:25:34.542 | INFO     | obscam.capture_loop:_capture_worker:102 | {'module': 'capture_loop'} | Capture loop thread started
2025-08-25 14:25:34.542 | INFO     | obscam.logging_config:log_camera_event:109 | {'event_type': 'capture_loop_started'} | Camera event
2025-08-25 14:25:34.543 | INFO     | obscam.logging_config:log_camera_event:109 | {'event_type': 'settings_updated', 'settings': {'exposure_ms': 300.0, 'gain': 250, 'wb_r': 75, 'wb_b': 120, 'timestamp': 1756128324.2601259}} | Camera event
2025-08-25 14:25:34.544 | INFO     | obscam.backend_service:update_settings:197 | {'module': 'backend_service', 'settings': {'exposure_ms': 300.0, 'gain': 250, 'wb_r': 75, 'wb_b': 120, 'timestamp': 1756128324.2601259}} | Settings updated successfully
2025-08-25 14:25:34.546 | INFO     | obscam.settings_manager:_save_settings_to_disk:125 | {'module': 'settings_manager', 'settings': {'exposure_ms': 300.0, 'gain': 250, 'wb_r': 75, 'wb_b': 120, 'timestamp': 1756128324.2601259}} | Settings saved successfully
2025-08-25 14:25:34.548 | INFO     | obscam.backend_service:update_settings:168 | {'module': 'backend_service', 'new_settings': {'exposure_ms': 500.0, 'gain': 250, 'wb_r': 75, 'wb_b': 120}} | Updating camera settings
2025-08-25 14:25:35.759 | INFO     | obscam.capture_loop:_capture_worker:204 | {'module': 'capture_loop', 'final_frame_count': 1} | Capture loop thread ended
2025-08-25 14:25:35.759 | INFO     | obscam.logging_config:log_camera_event:109 | {'event_type': 'capture_loop_stopped'} | Camera event
2025-08-25 14:25:36.081 | INFO     | obscam.capture_loop:_capture_worker:102 | {'module': 'capture_loop'} | Capture loop thread started
2025-08-25 14:25:36.081 | INFO     | obscam.logging_config:log_camera_event:109 | {'event_type': 'capture_loop_started'} | Camera event
2025-08-25 14:25:36.081 | INFO     | obscam.logging_config:log_camera_event:109 | {'event_type': 'settings_updated', 'settings': {'exposure_ms': 500.0, 'gain': 250, 'wb_r': 75, 'wb_b': 120, 'timestamp': 1756128324.2601259}} | Camera event
2025-08-25 14:25:36.081 | INFO     | obscam.backend_service:update_settings:197 | {'module': 'backend_service', 'settings': {'exposure_ms': 500.0, 'gain': 250, 'wb_r': 75, 'wb_b': 120, 'timestamp': 1756128324.2601259}} | Settings updated successfully
2025-08-25 14:25:36.082 | INFO     | obscam.backend_service:update_settings:168 | {'module': 'backend_service', 'new_settings': {'exposure_ms': 2000.0, 'gain': 250, 'wb_r': 75, 'wb_b': 120}} | Updating camera settings
2025-08-25 14:25:36.082 | INFO     | obscam.settings_manager:_save_settings_to_disk:125 | {'module': 'settings_manager', 'settings': {'exposure_ms': 500.0, 'gain': 250, 'wb_r': 75, 'wb_b': 120, 'timestamp': 1756128324.2601259}} | Settings saved successfully
2025-08-25 14:25:37.426 | INFO     | obscam.capture_loop:_capture_worker:204 | {'module': 'capture_loop', 'final_frame_count': 1} | Capture loop thread ended
2025-08-25 14:25:37.426 | INFO     | obscam.logging_config:log_camera_event:109 | {'event_type': 'capture_loop_stopped'} | Camera event
2025-08-25 14:25:37.637 | INFO     | obscam.capture_loop:_capture_worker:102 | {'module': 'capture_loop'} | Capture loop thread started
2025-08-25 14:25:37.637 | INFO     | obscam.logging_config:log_camera_event:109 | {'event_type': 'capture_loop_started'} | Camera event
2025-08-25 14:25:37.638 | INFO     | obscam.logging_config:log_camera_event:109 | {'event_type': 'settings_updated', 'settings': {'exposure_ms': 2000.0, 'gain': 250, 'wb_r': 75, 'wb_b': 120, 'timestamp': 1756128324.2601259}} | Camera event
2025-08-25 14:25:37.639 | INFO     | obscam.backend_service:update_settings:197 | {'module': 'backend_service', 'settings': {'exposure_ms': 2000.0, 'gain': 250, 'wb_r': 75, 'wb_b': 120, 'timestamp': 1756128324.2601259}} | Settings updated successfully
2025-08-25 14:25:37.645 | INFO     | obscam.backend_service:update_settings:168 | {'module': 'backend_service', 'new_settings': {'exposure_ms': 750.0, 'gain': 250, 'wb_r': 75, 'wb_b': 120}} | Updating camera settings
2025-08-25 14:25:37.646 | INFO     | obscam.settings_manager:_save_settings_to_disk:125 | {'module': 'settings_manager', 'settings': {'exposure_ms': 2000.0, 'gain': 250, 'wb_r': 75, 'wb_b': 120, 'timestamp': 1756128324.2601259}} | Settings saved successfully
2025-08-25 14:25:39.650 | INFO     | obscam.logging_config:log_camera_event:109 | {'event_type': 'capture_loop_stopped'} | Camera event
2025-08-25 14:25:39.856 | ERROR    | obscam.backend_service:update_settings:199 | {'module': 'backend_service', 'settings': {'exposure_ms': 750.0, 'gain': 250, 'wb_r': 75, 'wb_b': 120}} | Failed to update camera settings
2025-08-25 14:25:39.857 | INFO     | obscam.capture_loop:_capture_worker:102 | {'module': 'capture_loop'} | Capture loop thread started
2025-08-25 14:25:39.858 | INFO     | obscam.logging_config:log_camera_event:109 | {'event_type': 'capture_loop_started'} | Camera event
2025-08-25 14:25:39.858 | WARNING  | obscam.capture_loop:_capture_worker:162 | {'module': 'capture_loop'} | Frame capture returned no data
2025-08-25 14:25:39.860 | INFO     | obscam.backend_service:update_settings:168 | {'module': 'backend_service', 'new_settings': {'exposure_ms': 1000.0, 'gain': 250, 'wb_r': 75, 'wb_b': 120}} | Updating camera settings
2025-08-25 14:25:39.964 | INFO     | obscam.capture_loop:_capture_worker:204 | {'module': 'capture_loop', 'final_frame_count': 0} | Capture loop thread ended
2025-08-25 14:25:39.965 | INFO     | obscam.logging_config:log_camera_event:109 | {'event_type': 'capture_loop_stopped'} | Camera event
2025-08-25 14:25:40.249 | INFO     | obscam.capture_loop:_capture_worker:102 | {'module': 'capture_loop'} | Capture loop thread started
2025-08-25 14:25:40.249 | INFO     | obscam.logging_config:log_camera_event:109 | {'event_type': 'capture_loop_started'} | Camera event
2025-08-25 14:25:40.249 | INFO     | obscam.logging_config:log_camera_event:109 | {'event_type': 'settings_updated', 'settings': {'exposure_ms': 1000.0, 'gain': 250, 'wb_r': 75, 'wb_b': 120, 'timestamp': 1756128324.2601259}} | Camera event
2025-08-25 14:25:40.249 | INFO     | obscam.backend_service:update_settings:197 | {'module': 'backend_service', 'settings': {'exposure_ms': 1000.0, 'gain': 250, 'wb_r': 75, 'wb_b': 120, 'timestamp': 1756128324.2601259}} | Settings updated successfully
2025-08-25 14:25:40.250 | INFO     | obscam.backend_service:update_settings:168 | {'module': 'backend_service', 'new_settings': {'exposure_ms': 1500.0, 'gain': 250, 'wb_r': 75, 'wb_b': 120}} | Updating camera settings
2025-08-25 14:25:40.250 | INFO     | obscam.settings_manager:_save_settings_to_disk:125 | {'module': 'settings_manager', 'settings': {'exposure_ms': 1000.0, 'gain': 250, 'wb_r': 75, 'wb_b': 120, 'timestamp': 1756128324.2601259}} | Settings saved successfully
2025-08-25 14:25:40.377 | INFO     | obscam.capture_loop:_capture_worker:204 | {'module': 'capture_loop', 'final_frame_count': 1} | Capture loop thread ended
2025-08-25 14:25:41.965 | INFO     | obscam.capture_loop:_capture_worker:204 | {'module': 'capture_loop', 'final_frame_count': 1} | Capture loop thread ended
2025-08-25 14:25:41.966 | INFO     | obscam.logging_config:log_camera_event:109 | {'event_type': 'capture_loop_stopped'} | Camera event
2025-08-25 14:25:42.278 | INFO     | obscam.capture_loop:_capture_worker:102 | {'module': 'capture_loop'} | Capture loop thread started
2025-08-25 14:25:42.278 | INFO     | obscam.logging_config:log_camera_event:109 | {'event_type': 'capture_loop_started'} | Camera event
2025-08-25 14:25:42.279 | INFO     | obscam.logging_config:log_camera_event:109 | {'event_type': 'settings_updated', 'settings': {'exposure_ms': 1500.0, 'gain': 250, 'wb_r': 75, 'wb_b': 120, 'timestamp': 1756128324.2601259}} | Camera event
2025-08-25 14:25:42.279 | INFO     | obscam.backend_service:update_settings:197 | {'module': 'backend_service', 'settings': {'exposure_ms': 1500.0, 'gain': 250, 'wb_r': 75, 'wb_b': 120, 'timestamp': 1756128324.2601259}} | Settings updated successfully
2025-08-25 14:25:42.284 | INFO     | obscam.backend_service:update_settings:168 | {'module': 'backend_service', 'new_settings': {'exposure_ms': 3000.0, 'gain': 250, 'wb_r': 75, 'wb_b': 120}} | Updating camera settings
2025-08-25 14:25:42.284 | INFO     | obscam.settings_manager:_save_settings_to_disk:125 | {'module': 'settings_manager', 'settings': {'exposure_ms': 1500.0, 'gain': 250, 'wb_r': 75, 'wb_b': 120, 'timestamp': 1756128324.2601259}} | Settings saved successfully
2025-08-25 14:25:44.285 | INFO     | obscam.logging_config:log_camera_event:109 | {'event_type': 'capture_loop_stopped'} | Camera event
2025-08-25 14:25:44.522 | INFO     | obscam.capture_loop:_capture_worker:204 | {'module': 'capture_loop', 'final_frame_count': 1} | Capture loop thread ended
2025-08-25 14:25:44.578 | INFO     | obscam.capture_loop:_capture_worker:102 | {'module': 'capture_loop'} | Capture loop thread started
2025-08-25 14:25:44.579 | INFO     | obscam.logging_config:log_camera_event:109 | {'event_type': 'capture_loop_started'} | Camera event
2025-08-25 14:25:44.579 | INFO     | obscam.logging_config:log_camera_event:109 | {'event_type': 'settings_updated', 'settings': {'exposure_ms': 3000.0, 'gain': 250, 'wb_r': 75, 'wb_b': 120, 'timestamp': 1756128324.2601259}} | Camera event
2025-08-25 14:25:44.579 | INFO     | obscam.backend_service:update_settings:197 | {'module': 'backend_service', 'settings': {'exposure_ms': 3000.0, 'gain': 250, 'wb_r': 75, 'wb_b': 120, 'timestamp': 1756128324.2601259}} | Settings updated successfully
2025-08-25 14:25:44.580 | INFO     | obscam.settings_manager:_save_settings_to_disk:125 | {'module': 'settings_manager', 'settings': {'exposure_ms': 3000.0, 'gain': 250, 'wb_r': 75, 'wb_b': 120, 'timestamp': 1756128324.2601259}} | Settings saved successfully
2025-08-25 14:25:44.581 | INFO     | obscam.backend_service:update_settings:168 | {'module': 'backend_service', 'new_settings': {'exposure_ms': 3000.0, 'gain': 200, 'wb_r': 75, 'wb_b': 120}} | Updating camera settings
2025-08-25 14:25:46.585 | INFO     | obscam.logging_config:log_camera_event:109 | {'event_type': 'capture_loop_stopped'} | Camera event
2025-08-25 14:25:46.883 | INFO     | obscam.capture_loop:_capture_worker:102 | {'module': 'capture_loop'} | Capture loop thread started
2025-08-25 14:25:46.884 | INFO     | obscam.logging_config:log_camera_event:109 | {'event_type': 'capture_loop_started'} | Camera event
2025-08-25 14:25:46.884 | INFO     | obscam.logging_config:log_camera_event:109 | {'event_type': 'settings_updated', 'settings': {'exposure_ms': 3000.0, 'gain': 200, 'wb_r': 75, 'wb_b': 120, 'timestamp': 1756128324.2601259}} | Camera event
2025-08-25 14:25:46.885 | INFO     | obscam.backend_service:update_settings:197 | {'module': 'backend_service', 'settings': {'exposure_ms': 3000.0, 'gain': 200, 'wb_r': 75, 'wb_b': 120, 'timestamp': 1756128324.2601259}} | Settings updated successfully
2025-08-25 14:25:46.890 | INFO     | obscam.backend_service:update_settings:168 | {'module': 'backend_service', 'new_settings': {'exposure_ms': 3000.0, 'gain': 150, 'wb_r': 75, 'wb_b': 120}} | Updating camera settings
2025-08-25 14:25:46.891 | INFO     | obscam.settings_manager:_save_settings_to_disk:125 | {'module': 'settings_manager', 'settings': {'exposure_ms': 3000.0, 'gain': 200, 'wb_r': 75, 'wb_b': 120, 'timestamp': 1756128324.2601259}} | Settings saved successfully
2025-08-25 14:25:46.893 | WARNING  | obscam.capture_loop:_capture_worker:162 | {'module': 'capture_loop'} | Frame capture returned no data
2025-08-25 14:25:46.996 | INFO     | obscam.capture_loop:_capture_worker:204 | {'module': 'capture_loop', 'final_frame_count': 0} | Capture loop thread ended
2025-08-25 14:25:46.997 | INFO     | obscam.logging_config:log_camera_event:109 | {'event_type': 'capture_loop_stopped'} | Camera event
2025-08-25 14:25:47.214 | INFO     | obscam.capture_loop:_capture_worker:102 | {'module': 'capture_loop'} | Capture loop thread started
2025-08-25 14:25:47.215 | INFO     | obscam.logging_config:log_camera_event:109 | {'event_type': 'capture_loop_started'} | Camera event
2025-08-25 14:25:47.215 | INFO     | obscam.logging_config:log_camera_event:109 | {'event_type': 'settings_updated', 'settings': {'exposure_ms': 3000.0, 'gain': 150, 'wb_r': 75, 'wb_b': 120, 'timestamp': 1756128324.2601259}} | Camera event
2025-08-25 14:25:47.216 | INFO     | obscam.backend_service:update_settings:197 | {'module': 'backend_service', 'settings': {'exposure_ms': 3000.0, 'gain': 150, 'wb_r': 75, 'wb_b': 120, 'timestamp': 1756128324.2601259}} | Settings updated successfully
2025-08-25 14:25:47.220 | INFO     | obscam.backend_service:update_settings:168 | {'module': 'backend_service', 'new_settings': {'exposure_ms': 3000.0, 'gain': 125, 'wb_r': 75, 'wb_b': 120}} | Updating camera settings
2025-08-25 14:25:47.223 | INFO     | obscam.settings_manager:_save_settings_to_disk:125 | {'module': 'settings_manager', 'settings': {'exposure_ms': 3000.0, 'gain': 150, 'wb_r': 75, 'wb_b': 120, 'timestamp': 1756128324.2601259}} | Settings saved successfully
2025-08-25 14:25:47.224 | WARNING  | obscam.capture_loop:_capture_worker:162 | {'module': 'capture_loop'} | Frame capture returned no data
2025-08-25 14:25:47.325 | INFO     | obscam.capture_loop:_capture_worker:204 | {'module': 'capture_loop', 'final_frame_count': 0} | Capture loop thread ended
2025-08-25 14:25:47.326 | INFO     | obscam.logging_config:log_camera_event:109 | {'event_type': 'capture_loop_stopped'} | Camera event
2025-08-25 14:25:47.543 | INFO     | obscam.capture_loop:_capture_worker:102 | {'module': 'capture_loop'} | Capture loop thread started
2025-08-25 14:25:47.543 | INFO     | obscam.logging_config:log_camera_event:109 | {'event_type': 'capture_loop_started'} | Camera event
2025-08-25 14:25:47.544 | INFO     | obscam.logging_config:log_camera_event:109 | {'event_type': 'settings_updated', 'settings': {'exposure_ms': 3000.0, 'gain': 125, 'wb_r': 75, 'wb_b': 120, 'timestamp': 1756128324.2601259}} | Camera event
2025-08-25 14:25:47.544 | INFO     | obscam.backend_service:update_settings:197 | {'module': 'backend_service', 'settings': {'exposure_ms': 3000.0, 'gain': 125, 'wb_r': 75, 'wb_b': 120, 'timestamp': 1756128324.2601259}} | Settings updated successfully
2025-08-25 14:25:47.546 | INFO     | obscam.backend_service:update_settings:168 | {'module': 'backend_service', 'new_settings': {'exposure_ms': 3000.0, 'gain': 100, 'wb_r': 75, 'wb_b': 120}} | Updating camera settings
2025-08-25 14:25:47.547 | INFO     | obscam.settings_manager:_save_settings_to_disk:125 | {'module': 'settings_manager', 'settings': {'exposure_ms': 3000.0, 'gain': 125, 'wb_r': 75, 'wb_b': 120, 'timestamp': 1756128324.2601259}} | Settings saved successfully
2025-08-25 14:25:47.548 | WARNING  | obscam.capture_loop:_capture_worker:162 | {'module': 'capture_loop'} | Frame capture returned no data
2025-08-25 14:25:47.653 | INFO     | obscam.capture_loop:_capture_worker:204 | {'module': 'capture_loop', 'final_frame_count': 0} | Capture loop thread ended
2025-08-25 14:25:47.654 | INFO     | obscam.logging_config:log_camera_event:109 | {'event_type': 'capture_loop_stopped'} | Camera event
2025-08-25 14:25:47.859 | ERROR    | obscam.backend_service:update_settings:199 | {'module': 'backend_service', 'settings': {'exposure_ms': 3000.0, 'gain': 100, 'wb_r': 75, 'wb_b': 120}} | Failed to update camera settings
2025-08-25 14:25:47.860 | INFO     | obscam.capture_loop:_capture_worker:102 | {'module': 'capture_loop'} | Capture loop thread started
2025-08-25 14:25:47.861 | INFO     | obscam.logging_config:log_camera_event:109 | {'event_type': 'capture_loop_started'} | Camera event
2025-08-25 14:25:47.861 | WARNING  | obscam.capture_loop:_capture_worker:162 | {'module': 'capture_loop'} | Frame capture returned no data
2025-08-25 14:25:47.865 | INFO     | obscam.backend_service:update_settings:168 | {'module': 'backend_service', 'new_settings': {'exposure_ms': 3000.0, 'gain': 75, 'wb_r': 75, 'wb_b': 120}} | Updating camera settings
2025-08-25 14:25:47.968 | INFO     | obscam.capture_loop:_capture_worker:204 | {'module': 'capture_loop', 'final_frame_count': 0} | Capture loop thread ended
2025-08-25 14:25:47.968 | INFO     | obscam.logging_config:log_camera_event:109 | {'event_type': 'capture_loop_stopped'} | Camera event
2025-08-25 14:25:48.262 | INFO     | obscam.capture_loop:_capture_worker:102 | {'module': 'capture_loop'} | Capture loop thread started
2025-08-25 14:25:48.262 | INFO     | obscam.logging_config:log_camera_event:109 | {'event_type': 'capture_loop_started'} | Camera event
2025-08-25 14:25:48.262 | INFO     | obscam.logging_config:log_camera_event:109 | {'event_type': 'settings_updated', 'settings': {'exposure_ms': 3000.0, 'gain': 75, 'wb_r': 75, 'wb_b': 120, 'timestamp': 1756128324.2601259}} | Camera event
2025-08-25 14:25:48.262 | INFO     | obscam.backend_service:update_settings:197 | {'module': 'backend_service', 'settings': {'exposure_ms': 3000.0, 'gain': 75, 'wb_r': 75, 'wb_b': 120, 'timestamp': 1756128324.2601259}} | Settings updated successfully
2025-08-25 14:25:48.263 | INFO     | obscam.backend_service:update_settings:168 | {'module': 'backend_service', 'new_settings': {'exposure_ms': 3000.0, 'gain': 25, 'wb_r': 75, 'wb_b': 120}} | Updating camera settings
2025-08-25 14:25:48.263 | INFO     | obscam.settings_manager:_save_settings_to_disk:125 | {'module': 'settings_manager', 'settings': {'exposure_ms': 3000.0, 'gain': 75, 'wb_r': 75, 'wb_b': 120, 'timestamp': 1756128324.2601259}} | Settings saved successfully
2025-08-25 14:25:48.278 | INFO     | obscam.capture_loop:_capture_worker:204 | {'module': 'capture_loop', 'final_frame_count': 1} | Capture loop thread ended
2025-08-25 14:25:50.268 | INFO     | obscam.logging_config:log_camera_event:109 | {'event_type': 'capture_loop_stopped'} | Camera event
2025-08-25 14:25:50.563 | INFO     | obscam.capture_loop:_capture_worker:102 | {'module': 'capture_loop'} | Capture loop thread started
2025-08-25 14:25:50.563 | INFO     | obscam.logging_config:log_camera_event:109 | {'event_type': 'capture_loop_started'} | Camera event
2025-08-25 14:25:50.564 | INFO     | obscam.logging_config:log_camera_event:109 | {'event_type': 'settings_updated', 'settings': {'exposure_ms': 3000.0, 'gain': 25, 'wb_r': 75, 'wb_b': 120, 'timestamp': 1756128324.2601259}} | Camera event
2025-08-25 14:25:50.564 | INFO     | obscam.backend_service:update_settings:197 | {'module': 'backend_service', 'settings': {'exposure_ms': 3000.0, 'gain': 25, 'wb_r': 75, 'wb_b': 120, 'timestamp': 1756128324.2601259}} | Settings updated successfully
2025-08-25 14:25:50.566 | INFO     | obscam.backend_service:update_settings:168 | {'module': 'backend_service', 'new_settings': {'exposure_ms': 3000.0, 'gain': 50, 'wb_r': 75, 'wb_b': 120}} | Updating camera settings
2025-08-25 14:25:50.568 | INFO     | obscam.settings_manager:_save_settings_to_disk:125 | {'module': 'settings_manager', 'settings': {'exposure_ms': 3000.0, 'gain': 25, 'wb_r': 75, 'wb_b': 120, 'timestamp': 1756128324.2601259}} | Settings saved successfully
2025-08-25 14:25:50.569 | WARNING  | obscam.capture_loop:_capture_worker:162 | {'module': 'capture_loop'} | Frame capture returned no data
2025-08-25 14:25:50.674 | INFO     | obscam.capture_loop:_capture_worker:204 | {'module': 'capture_loop', 'final_frame_count': 0} | Capture loop thread ended
2025-08-25 14:25:50.675 | INFO     | obscam.logging_config:log_camera_event:109 | {'event_type': 'capture_loop_stopped'} | Camera event
2025-08-25 14:25:50.887 | INFO     | obscam.capture_loop:_capture_worker:102 | {'module': 'capture_loop'} | Capture loop thread started
2025-08-25 14:25:50.888 | INFO     | obscam.logging_config:log_camera_event:109 | {'event_type': 'capture_loop_started'} | Camera event
2025-08-25 14:25:50.888 | INFO     | obscam.logging_config:log_camera_event:109 | {'event_type': 'settings_updated', 'settings': {'exposure_ms': 3000.0, 'gain': 50, 'wb_r': 75, 'wb_b': 120, 'timestamp': 1756128324.2601259}} | Camera event
2025-08-25 14:25:50.889 | INFO     | obscam.backend_service:update_settings:197 | {'module': 'backend_service', 'settings': {'exposure_ms': 3000.0, 'gain': 50, 'wb_r': 75, 'wb_b': 120, 'timestamp': 1756128324.2601259}} | Settings updated successfully
2025-08-25 14:25:50.890 | INFO     | obscam.backend_service:update_settings:168 | {'module': 'backend_service', 'new_settings': {'exposure_ms': 3000.0, 'gain': 75, 'wb_r': 75, 'wb_b': 120}} | Updating camera settings
2025-08-25 14:25:50.892 | INFO     | obscam.settings_manager:_save_settings_to_disk:125 | {'module': 'settings_manager', 'settings': {'exposure_ms': 3000.0, 'gain': 50, 'wb_r': 75, 'wb_b': 120, 'timestamp': 1756128324.2601259}} | Settings saved successfully
2025-08-25 14:25:50.894 | WARNING  | obscam.capture_loop:_capture_worker:162 | {'module': 'capture_loop'} | Frame capture returned no data
2025-08-25 14:25:50.999 | INFO     | obscam.capture_loop:_capture_worker:204 | {'module': 'capture_loop', 'final_frame_count': 0} | Capture loop thread ended
2025-08-25 14:25:51.000 | INFO     | obscam.logging_config:log_camera_event:109 | {'event_type': 'capture_loop_stopped'} | Camera event
2025-08-25 14:25:51.213 | INFO     | obscam.capture_loop:_capture_worker:102 | {'module': 'capture_loop'} | Capture loop thread started
2025-08-25 14:25:51.214 | INFO     | obscam.logging_config:log_camera_event:109 | {'event_type': 'capture_loop_started'} | Camera event
2025-08-25 14:25:51.214 | INFO     | obscam.logging_config:log_camera_event:109 | {'event_type': 'settings_updated', 'settings': {'exposure_ms': 3000.0, 'gain': 75, 'wb_r': 75, 'wb_b': 120, 'timestamp': 1756128324.2601259}} | Camera event
2025-08-25 14:25:51.215 | INFO     | obscam.backend_service:update_settings:197 | {'module': 'backend_service', 'settings': {'exposure_ms': 3000.0, 'gain': 75, 'wb_r': 75, 'wb_b': 120, 'timestamp': 1756128324.2601259}} | Settings updated successfully
2025-08-25 14:25:51.217 | INFO     | obscam.backend_service:update_settings:168 | {'module': 'backend_service', 'new_settings': {'exposure_ms': 3000.0, 'gain': 100, 'wb_r': 75, 'wb_b': 120}} | Updating camera settings
2025-08-25 14:25:51.219 | INFO     | obscam.settings_manager:_save_settings_to_disk:125 | {'module': 'settings_manager', 'settings': {'exposure_ms': 3000.0, 'gain': 75, 'wb_r': 75, 'wb_b': 120, 'timestamp': 1756128324.2601259}} | Settings saved successfully
2025-08-25 14:25:51.221 | WARNING  | obscam.capture_loop:_capture_worker:162 | {'module': 'capture_loop'} | Frame capture returned no data
2025-08-25 14:25:51.325 | INFO     | obscam.capture_loop:_capture_worker:204 | {'module': 'capture_loop', 'final_frame_count': 0} | Capture loop thread ended
2025-08-25 14:25:51.326 | INFO     | obscam.logging_config:log_camera_event:109 | {'event_type': 'capture_loop_stopped'} | Camera event
2025-08-25 14:25:51.528 | ERROR    | obscam.backend_service:update_settings:199 | {'module': 'backend_service', 'settings': {'exposure_ms': 3000.0, 'gain': 100, 'wb_r': 75, 'wb_b': 120}} | Failed to update camera settings
2025-08-25 14:25:51.530 | INFO     | obscam.capture_loop:_capture_worker:102 | {'module': 'capture_loop'} | Capture loop thread started
2025-08-25 14:25:51.530 | INFO     | obscam.logging_config:log_camera_event:109 | {'event_type': 'capture_loop_started'} | Camera event
2025-08-25 14:25:51.531 | WARNING  | obscam.capture_loop:_capture_worker:162 | {'module': 'capture_loop'} | Frame capture returned no data
2025-08-25 14:25:51.637 | WARNING  | obscam.capture_loop:_capture_worker:162 | {'module': 'capture_loop'} | Frame capture returned no data
2025-08-25 14:25:51.742 | WARNING  | obscam.capture_loop:_capture_worker:162 | {'module': 'capture_loop'} | Frame capture returned no data
2025-08-25 14:25:52.222 | WARNING  | obscam.capture_loop:_capture_worker:162 | {'module': 'capture_loop'} | Frame capture returned no data
2025-08-25 14:25:52.340 | WARNING  | obscam.capture_loop:_capture_worker:162 | {'module': 'capture_loop'} | Frame capture returned no data
2025-08-25 14:25:52.447 | WARNING  | obscam.capture_loop:_capture_worker:162 | {'module': 'capture_loop'} | Frame capture returned no data
2025-08-25 14:25:52.554 | WARNING  | obscam.capture_loop:_capture_worker:162 | {'module': 'capture_loop'} | Frame capture returned no data
2025-08-25 14:25:52.664 | WARNING  | obscam.capture_loop:_capture_worker:162 | {'module': 'capture_loop'} | Frame capture returned no data
2025-08-25 14:25:52.774 | WARNING  | obscam.capture_loop:_capture_worker:162 | {'module': 'capture_loop'} | Frame capture returned no data
2025-08-25 14:25:52.884 | WARNING  | obscam.capture_loop:_capture_worker:162 | {'module': 'capture_loop'} | Frame capture returned no data
2025-08-25 14:25:52.996 | WARNING  | obscam.capture_loop:_capture_worker:162 | {'module': 'capture_loop'} | Frame capture returned no data
2025-08-25 14:25:53.107 | WARNING  | obscam.capture_loop:_capture_worker:162 | {'module': 'capture_loop'} | Frame capture returned no data
2025-08-25 14:25:53.214 | WARNING  | obscam.capture_loop:_capture_worker:162 | {'module': 'capture_loop'} | Frame capture returned no data
2025-08-25 14:25:53.321 | WARNING  | obscam.capture_loop:_capture_worker:162 | {'module': 'capture_loop'} | Frame capture returned no data
2025-08-25 14:25:53.430 | WARNING  | obscam.capture_loop:_capture_worker:162 | {'module': 'capture_loop'} | Frame capture returned no data
2025-08-25 14:25:53.540 | WARNING  | obscam.capture_loop:_capture_worker:162 | {'module': 'capture_loop'} | Frame capture returned no data
2025-08-25 14:25:53.648 | WARNING  | obscam.capture_loop:_capture_worker:162 | {'module': 'capture_loop'} | Frame capture returned no data
2025-08-25 14:25:53.759 | WARNING  | obscam.capture_loop:_capture_worker:162 | {'module': 'capture_loop'} | Frame capture returned no data
2025-08-25 14:25:53.870 | WARNING  | obscam.capture_loop:_capture_worker:162 | {'module': 'capture_loop'} | Frame capture returned no data
2025-08-25 14:25:53.976 | WARNING  | obscam.capture_loop:_capture_worker:162 | {'module': 'capture_loop'} | Frame capture returned no data
2025-08-25 14:25:54.149 | WARNING  | obscam.capture_loop:_capture_worker:162 | {'module': 'capture_loop'} | Frame capture returned no data
2025-08-25 14:25:54.266 | WARNING  | obscam.capture_loop:_capture_worker:162 | {'module': 'capture_loop'} | Frame capture returned no data
2025-08-25 14:25:54.374 | WARNING  | obscam.capture_loop:_capture_worker:162 | {'module': 'capture_loop'} | Frame capture returned no data
2025-08-25 14:25:54.483 | WARNING  | obscam.capture_loop:_capture_worker:162 | {'module': 'capture_loop'} | Frame capture returned no data
2025-08-25 14:25:54.589 | WARNING  | obscam.capture_loop:_capture_worker:162 | {'module': 'capture_loop'} | Frame capture returned no data
2025-08-25 14:25:54.699 | WARNING  | obscam.capture_loop:_capture_worker:162 | {'module': 'capture_loop'} | Frame capture returned no data
2025-08-25 14:25:54.808 | WARNING  | obscam.capture_loop:_capture_worker:162 | {'module': 'capture_loop'} | Frame capture returned no data
2025-08-25 14:25:54.909 | WARNING  | obscam.capture_loop:_capture_worker:162 | {'module': 'capture_loop'} | Frame capture returned no data
2025-08-25 14:25:55.011 | WARNING  | obscam.capture_loop:_capture_worker:162 | {'module': 'capture_loop'} | Frame capture returned no data
2025-08-25 14:25:55.117 | WARNING  | obscam.capture_loop:_capture_worker:162 | {'module': 'capture_loop'} | Frame capture returned no data
2025-08-25 14:25:55.598 | WARNING  | obscam.capture_loop:_capture_worker:162 | {'module': 'capture_loop'} | Frame capture returned no data
2025-08-25 14:25:55.709 | WARNING  | obscam.capture_loop:_capture_worker:162 | {'module': 'capture_loop'} | Frame capture returned no data
2025-08-25 14:25:55.819 | WARNING  | obscam.capture_loop:_capture_worker:162 | {'module': 'capture_loop'} | Frame capture returned no data
2025-08-25 14:25:55.926 | WARNING  | obscam.capture_loop:_capture_worker:162 | {'module': 'capture_loop'} | Frame capture returned no data
2025-08-25 14:25:56.105 | WARNING  | obscam.capture_loop:_capture_worker:162 | {'module': 'capture_loop'} | Frame capture returned no data
2025-08-25 14:25:56.221 | WARNING  | obscam.capture_loop:_capture_worker:162 | {'module': 'capture_loop'} | Frame capture returned no data
2025-08-25 14:25:56.330 | WARNING  | obscam.capture_loop:_capture_worker:162 | {'module': 'capture_loop'} | Frame capture returned no data
2025-08-25 14:25:56.441 | WARNING  | obscam.capture_loop:_capture_worker:162 | {'module': 'capture_loop'} | Frame capture returned no data
2025-08-25 14:25:56.551 | WARNING  | obscam.capture_loop:_capture_worker:162 | {'module': 'capture_loop'} | Frame capture returned no data
2025-08-25 14:25:56.661 | WARNING  | obscam.capture_loop:_capture_worker:162 | {'module': 'capture_loop'} | Frame capture returned no data
2025-08-25 14:25:56.770 | WARNING  | obscam.capture_loop:_capture_worker:162 | {'module': 'capture_loop'} | Frame capture returned no data
2025-08-25 14:25:56.881 | WARNING  | obscam.capture_loop:_capture_worker:162 | {'module': 'capture_loop'} | Frame capture returned no data
2025-08-25 14:25:56.989 | WARNING  | obscam.capture_loop:_capture_worker:162 | {'module': 'capture_loop'} | Frame capture returned no data
2025-08-25 14:25:57.097 | WARNING  | obscam.capture_loop:_capture_worker:162 | {'module': 'capture_loop'} | Frame capture returned no data
2025-08-25 14:25:57.206 | WARNING  | obscam.capture_loop:_capture_worker:162 | {'module': 'capture_loop'} | Frame capture returned no data
2025-08-25 14:25:57.314 | WARNING  | obscam.capture_loop:_capture_worker:162 | {'module': 'capture_loop'} | Frame capture returned no data
2025-08-25 14:25:57.424 | WARNING  | obscam.capture_loop:_capture_worker:162 | {'module': 'capture_loop'} | Frame capture returned no data
2025-08-25 14:25:57.530 | WARNING  | obscam.capture_loop:_capture_worker:162 | {'module': 'capture_loop'} | Frame capture returned no data
2025-08-25 14:25:57.640 | WARNING  | obscam.capture_loop:_capture_worker:162 | {'module': 'capture_loop'} | Frame capture returned no data
2025-08-25 14:25:57.750 | WARNING  | obscam.capture_loop:_capture_worker:162 | {'module': 'capture_loop'} | Frame capture returned no data
2025-08-25 14:25:57.856 | WARNING  | obscam.capture_loop:_capture_worker:162 | {'module': 'capture_loop'} | Frame capture returned no data
2025-08-25 14:25:57.962 | WARNING  | obscam.capture_loop:_capture_worker:162 | {'module': 'capture_loop'} | Frame capture returned no data
2025-08-25 14:25:58.150 | WARNING  | obscam.capture_loop:_capture_worker:162 | {'module': 'capture_loop'} | Frame capture returned no data
2025-08-25 14:25:58.251 | WARNING  | obscam.capture_loop:_capture_worker:162 | {'module': 'capture_loop'} | Frame capture returned no data
2025-08-25 14:25:58.355 | WARNING  | obscam.capture_loop:_capture_worker:162 | {'module': 'capture_loop'} | Frame capture returned no data
2025-08-25 14:25:58.457 | WARNING  | obscam.capture_loop:_capture_worker:162 | {'module': 'capture_loop'} | Frame capture returned no data
2025-08-25 14:25:58.559 | WARNING  | obscam.capture_loop:_capture_worker:162 | {'module': 'capture_loop'} | Frame capture returned no data
2025-08-25 14:25:58.944 | WARNING  | obscam.capture_loop:_capture_worker:162 | {'module': 'capture_loop'} | Frame capture returned no data
2025-08-25 14:25:59.052 | WARNING  | obscam.capture_loop:_capture_worker:162 | {'module': 'capture_loop'} | Frame capture returned no data
2025-08-25 14:25:59.161 | WARNING  | obscam.capture_loop:_capture_worker:162 | {'module': 'capture_loop'} | Frame capture returned no data
2025-08-25 14:25:59.270 | WARNING  | obscam.capture_loop:_capture_worker:162 | {'module': 'capture_loop'} | Frame capture returned no data
2025-08-25 14:25:59.377 | WARNING  | obscam.capture_loop:_capture_worker:162 | {'module': 'capture_loop'} | Frame capture returned no data
2025-08-25 14:25:59.487 | WARNING  | obscam.capture_loop:_capture_worker:162 | {'module': 'capture_loop'} | Frame capture returned no data
2025-08-25 14:25:59.594 | WARNING  | obscam.capture_loop:_capture_worker:162 | {'module': 'capture_loop'} | Frame capture returned no data
2025-08-25 14:25:59.704 | WARNING  | obscam.capture_loop:_capture_worker:162 | {'module': 'capture_loop'} | Frame capture returned no data
2025-08-25 14:25:59.810 | WARNING  | obscam.capture_loop:_capture_worker:162 | {'module': 'capture_loop'} | Frame capture returned no data
2025-08-25 14:25:59.919 | WARNING  | obscam.capture_loop:_capture_worker:162 | {'module': 'capture_loop'} | Frame capture returned no data
2025-08-25 14:26:00.096 | WARNING  | obscam.capture_loop:_capture_worker:162 | {'module': 'capture_loop'} | Frame capture returned no data
2025-08-25 14:26:00.213 | WARNING  | obscam.capture_loop:_capture_worker:162 | {'module': 'capture_loop'} | Frame capture returned no data
2025-08-25 14:26:00.319 | WARNING  | obscam.capture_loop:_capture_worker:162 | {'module': 'capture_loop'} | Frame capture returned no data
2025-08-25 14:26:00.428 | WARNING  | obscam.capture_loop:_capture_worker:162 | {'module': 'capture_loop'} | Frame capture returned no data
2025-08-25 14:26:00.538 | WARNING  | obscam.capture_loop:_capture_worker:162 | {'module': 'capture_loop'} | Frame capture returned no data
2025-08-25 14:26:00.647 | WARNING  | obscam.capture_loop:_capture_worker:162 | {'module': 'capture_loop'} | Frame capture returned no data
2025-08-25 14:26:00.757 | WARNING  | obscam.capture_loop:_capture_worker:162 | {'module': 'capture_loop'} | Frame capture returned no data
2025-08-25 14:26:00.867 | WARNING  | obscam.capture_loop:_capture_worker:162 | {'module': 'capture_loop'} | Frame capture returned no data
2025-08-25 14:26:00.976 | WARNING  | obscam.capture_loop:_capture_worker:162 | {'module': 'capture_loop'} | Frame capture returned no data
2025-08-25 14:26:01.087 | WARNING  | obscam.capture_loop:_capture_worker:162 | {'module': 'capture_loop'} | Frame capture returned no data
2025-08-25 14:26:01.193 | WARNING  | obscam.capture_loop:_capture_worker:162 | {'module': 'capture_loop'} | Frame capture returned no data
2025-08-25 14:26:01.303 | WARNING  | obscam.capture_loop:_capture_worker:162 | {'module': 'capture_loop'} | Frame capture returned no data
2025-08-25 14:26:01.339 | INFO     | obscam.web:start_web_servers:305 | {'module': 'web_server'} | Shutting down backend service...
2025-08-25 14:26:01.340 | INFO     | obscam.backend_service:shutdown_gracefully:262 | {'module': 'backend_service'} | Performing graceful shutdown
2025-08-25 14:26:01.341 | INFO     | obscam.settings_manager:_save_settings_to_disk:125 | {'module': 'settings_manager', 'settings': {'exposure_ms': 3000.0, 'gain': 100, 'wb_r': 75, 'wb_b': 120, 'timestamp': 1756128324.2601259}} | Settings saved successfully
2025-08-25 14:26:01.341 | INFO     | obscam.backend_service:stop_backend:99 | {'module': 'backend_service'} | Stopping backend service
2025-08-25 14:26:01.404 | INFO     | obscam.capture_loop:_capture_worker:204 | {'module': 'capture_loop', 'final_frame_count': 2} | Capture loop thread ended
2025-08-25 14:26:02.433 | INFO     | obscam.capture_loop:_capture_worker:204 | {'module': 'capture_loop', 'final_frame_count': 2} | Capture loop thread ended
2025-08-25 14:26:02.433 | INFO     | obscam.logging_config:log_camera_event:109 | {'event_type': 'capture_loop_stopped'} | Camera event
2025-08-25 14:26:02.444 | INFO     | obscam.settings_manager:stop:54 | {'module': 'settings_manager'} | Settings save worker stopped
2025-08-25 14:26:02.444 | INFO     | obscam.frame_cache:stop:54 | {'module': 'frame_cache'} | Frame cache writer stopped
2025-08-25 14:26:02.444 | INFO     | obscam.logging_config:log_camera_event:109 | {'event_type': 'backend_stopped'} | Camera event
2025-08-25 14:26:02.444 | INFO     | obscam.backend_service:shutdown_gracefully:273 | {'module': 'backend_service'} | Graceful shutdown completed
2025-08-31 22:46:06.877 | INFO     | obscam.common.logging_config:setup_logging:71 | {'log_dir': '/Users/gheadley/nas/develop/python/obscam/logs', 'debug_mode': False, 'console_level': 'INFO'} | Logging initialized
2025-08-31 22:46:06.877 | INFO     | obscam:main:20 | {'module': 'main'} | Starting ObsCam with debug_mode=False
2025-08-31 22:46:07.015 | INFO     | obscam.core.camera_factory:get_backend_service:43 | {'module': 'camera_factory'} | Using gphoto2 camera implementation (development mode)
2025-08-31 22:46:07.197 | INFO     | obscam.core.capture_loop:__init__:31 | {'module': 'capture_loop'} | Capture loop initialized
2025-08-31 22:46:07.197 | INFO     | obscam.storage.settings_manager:__init__:30 | {'module': 'settings_manager', 'settings_file': '/tmp/obscam/obscam_settings.json'} | Settings manager initialized
2025-08-31 22:46:07.197 | INFO     | obscam.core.backend_service:__init__:42 | {'module': 'backend_service', 'camera_type': 'Gphoto2Camera', 'cache_dir': '/tmp/obscam'} | Backend service initialized
2025-08-31 22:46:07.197 | INFO     | obscam.core.camera_factory:get_backend_service:54 | {'module': 'camera_factory', 'cache_dir': '/tmp/obscam'} | Backend service created
2025-08-31 22:46:07.197 | INFO     | obscam.api.main:start_server:555 | {'module': 'api_main'} | Starting backend service...
2025-08-31 22:46:07.197 | INFO     | obscam.core.backend_service:start_backend:54 | {'module': 'backend_service'} | Starting camera backend service
2025-08-31 22:46:07.197 | INFO     | obscam.storage.settings_manager:start:44 | {'module': 'settings_manager'} | Settings save worker started
2025-08-31 22:46:07.705 | INFO     | obscam.common.logging_config:log_camera_event:114 | {'event_type': 'connected', 'camera_status': {'status': 'connected', 'camera_model': 'Nikon Zf (via gphoto2)', 'is_color_camera': True, 'current_exposure_ms': 200.0, 'current_gain': 100, 'image_format': 'color', 'shutter_mode': 'Bulb'}} | Camera event
2025-08-31 22:46:07.705 | INFO     | obscam.storage.settings_manager:load_settings:65 | {'module': 'settings_manager'} | No settings file found, using defaults
2025-08-31 22:46:07.707 | INFO     | obscam.core.capture_loop:_capture_worker:107 | {'module': 'capture_loop'} | Capture loop thread started
2025-08-31 22:46:07.707 | INFO     | obscam.common.logging_config:log_camera_event:114 | {'event_type': 'capture_loop_started'} | Camera event
2025-08-31 22:46:07.707 | INFO     | obscam.core.backend_service:start_backend:87 | {'module': 'backend_service'} | Backend service started successfully
2025-08-31 22:46:07.707 | INFO     | obscam.common.logging_config:log_camera_event:114 | {'event_type': 'backend_started', 'status': {'backend_service': 'running', 'continuous_capture': True, 'has_frame': False, 'status': 'connected', 'camera_model': 'Nikon Zf (via gphoto2)', 'is_color_camera': True, 'current_exposure_ms': 200.0, 'current_gain': 100, 'image_format': 'color', 'shutter_mode': 'Unknown'}} | Camera event
2025-08-31 22:46:07.707 | INFO     | obscam.api.main:start_server:557 | {'module': 'api_main'} | Backend service started successfully!
2025-08-31 22:46:07.707 | INFO     | obscam.api.main:start_server:558 | {'module': 'api_main'} | Available endpoints:
2025-08-31 22:46:07.707 | INFO     | obscam.api.main:start_server:559 | {'module': 'api_main'} |   - Main page: http://localhost:8000/
2025-08-31 22:46:07.707 | INFO     | obscam.api.main:start_server:560 | {'module': 'api_main'} |   - Latest frame: http://localhost:8000/api/latest-frame
2025-08-31 22:46:07.707 | INFO     | obscam.api.main:start_server:561 | {'module': 'api_main'} |   - Update settings: POST http://localhost:8000/api/update-settings
2025-08-31 22:46:07.707 | INFO     | obscam.api.main:start_server:564 | {'module': 'api_main'} |   - Status: http://localhost:8000/api/status
2025-08-31 22:46:07.707 | INFO     | obscam.api.main:start_server:569 | {'module': 'api_main'} | Starting web server on port 8000...
2025-08-31 22:46:07.707 | INFO     | obscam.api.main:start_server:570 | {'module': 'api_main'} | Press Ctrl+C to shut down gracefully
2025-08-31 22:46:09.788 | WARNING  | obscam.core.capture_loop:_capture_worker:168 | {'module': 'capture_loop'} | Frame capture returned no data
2025-08-31 22:46:10.984 | WARNING  | obscam.core.capture_loop:_capture_worker:168 | {'module': 'capture_loop'} | Frame capture returned no data
2025-08-31 22:46:11.841 | INFO     | obscam.api.main:shutdown:56 | {'module': 'api_main'} | FastAPI shutdown event triggered
2025-08-31 22:46:12.146 | WARNING  | obscam.core.capture_loop:_capture_worker:168 | {'module': 'capture_loop'} | Frame capture returned no data
2025-08-31 22:46:12.342 | INFO     | obscam.api.main:shutdown:60 | {'module': 'api_main'} | FastAPI shutdown cleanup completed
2025-08-31 22:46:12.346 | INFO     | obscam.api.main:start_server:576 | {'module': 'api_main'} | Shutting down backend service...
2025-08-31 22:46:12.346 | INFO     | obscam.core.backend_service:shutdown_gracefully:240 | {'module': 'backend_service'} | Performing graceful shutdown of backend service
2025-08-31 22:46:12.346 | INFO     | obscam.storage.settings_manager:_save_settings_to_disk:125 | {'module': 'settings_manager', 'settings': {'exposure_ms': 200.0, 'gain': 100, 'wb_r': 100, 'wb_b': 100, 'image_format': 'color', 'timestamp': 1756676767.197595}} | Settings saved successfully
2025-08-31 22:46:12.346 | INFO     | obscam.core.backend_service:shutdown_gracefully:246 | {'module': 'backend_service'} | Settings saved successfully during shutdown
2025-08-31 22:46:12.346 | INFO     | obscam.core.backend_service:stop_backend:96 | {'module': 'backend_service'} | Stopping backend service
2025-08-31 22:46:12.346 | INFO     | obscam.core.capture_loop:stop:57 | {'module': 'capture_loop'} | Stopping capture loop...
2025-08-31 22:46:13.234 | WARNING  | obscam.core.capture_loop:_capture_worker:168 | {'module': 'capture_loop'} | Frame capture returned no data
2025-08-31 22:46:13.246 | INFO     | obscam.core.capture_loop:_capture_worker:218 | {'module': 'capture_loop', 'final_frame_count': 0} | Capture loop thread ended
2025-08-31 22:46:13.247 | INFO     | obscam.core.capture_loop:stop:70 | {'module': 'capture_loop'} | Capture thread stopped successfully
2025-08-31 22:46:13.247 | INFO     | obscam.common.logging_config:log_camera_event:114 | {'event_type': 'capture_loop_stopped'} | Camera event
2025-08-31 22:46:13.258 | INFO     | obscam.storage.settings_manager:stop:54 | {'module': 'settings_manager'} | Settings save worker stopped
2025-08-31 22:46:13.258 | INFO     | obscam.common.logging_config:log_camera_event:114 | {'event_type': 'backend_stopped'} | Camera event
2025-08-31 22:46:13.258 | INFO     | obscam.core.backend_service:shutdown_gracefully:252 | {'module': 'backend_service'} | Backend service graceful shutdown completed
2025-08-31 22:46:13.258 | INFO     | obscam.api.main:start_server:578 | {'module': 'api_main'} | Shutdown complete. Goodbye!
2025-08-31 22:46:28.794 | INFO     | obscam.common.logging_config:setup_logging:71 | {'log_dir': '/Users/gheadley/nas/develop/python/obscam/logs', 'debug_mode': False, 'console_level': 'INFO'} | Logging initialized
2025-08-31 22:46:28.794 | INFO     | obscam:main:20 | {'module': 'main'} | Starting ObsCam with debug_mode=False
2025-08-31 22:46:28.910 | INFO     | obscam.core.camera_factory:get_backend_service:43 | {'module': 'camera_factory'} | Using gphoto2 camera implementation (development mode)
2025-08-31 22:46:28.923 | INFO     | obscam.core.capture_loop:__init__:31 | {'module': 'capture_loop'} | Capture loop initialized
2025-08-31 22:46:28.923 | INFO     | obscam.storage.settings_manager:__init__:30 | {'module': 'settings_manager', 'settings_file': '/tmp/obscam/obscam_settings.json'} | Settings manager initialized
2025-08-31 22:46:28.923 | INFO     | obscam.core.backend_service:__init__:42 | {'module': 'backend_service', 'camera_type': 'Gphoto2Camera', 'cache_dir': '/tmp/obscam'} | Backend service initialized
2025-08-31 22:46:28.923 | INFO     | obscam.core.camera_factory:get_backend_service:54 | {'module': 'camera_factory', 'cache_dir': '/tmp/obscam'} | Backend service created
2025-08-31 22:46:28.923 | INFO     | obscam.api.main:start_server:555 | {'module': 'api_main'} | Starting backend service...
2025-08-31 22:46:28.923 | INFO     | obscam.core.backend_service:start_backend:54 | {'module': 'backend_service'} | Starting camera backend service
2025-08-31 22:46:28.923 | INFO     | obscam.storage.settings_manager:start:44 | {'module': 'settings_manager'} | Settings save worker started
2025-08-31 22:46:29.064 | INFO     | obscam.common.logging_config:log_camera_event:114 | {'event_type': 'connected', 'camera_status': {'status': 'connected', 'camera_model': 'Nikon Zf (via gphoto2)', 'is_color_camera': True, 'current_exposure_ms': 200.0, 'current_gain': 100, 'image_format': 'color', 'shutter_mode': 'Bulb'}} | Camera event
2025-08-31 22:46:29.065 | INFO     | obscam.storage.settings_manager:load_settings:62 | {'module': 'settings_manager', 'settings': {'exposure_ms': 200.0, 'gain': 100, 'wb_r': 100, 'wb_b': 100, 'image_format': 'color', 'timestamp': 1756676767.197595}} | Settings loaded successfully
2025-08-31 22:46:29.065 | INFO     | obscam.core.backend_service:start_backend:72 | {'module': 'backend_service', 'settings': {'exposure_ms': 200.0, 'gain': 100, 'wb_r': 100, 'wb_b': 100, 'image_format': 'color', 'timestamp': 1756676767.197595}} | Applying cached settings
2025-08-31 22:46:29.067 | INFO     | obscam.common.logging_config:log_camera_event:114 | {'event_type': 'settings_applied', 'settings': {'exposure_ms': 200.0, 'gain': 100, 'wb_r': 100, 'wb_b': 100, 'image_format': 'color', 'timestamp': 1756676767.197595}} | Camera event
2025-08-31 22:46:29.069 | INFO     | obscam.core.capture_loop:_capture_worker:107 | {'module': 'capture_loop'} | Capture loop thread started
2025-08-31 22:46:29.069 | INFO     | obscam.common.logging_config:log_camera_event:114 | {'event_type': 'capture_loop_started'} | Camera event
2025-08-31 22:46:29.069 | INFO     | obscam.core.backend_service:start_backend:87 | {'module': 'backend_service'} | Backend service started successfully
2025-08-31 22:46:29.069 | INFO     | obscam.common.logging_config:log_camera_event:114 | {'event_type': 'backend_started', 'status': {'backend_service': 'running', 'continuous_capture': True, 'has_frame': False, 'status': 'connected', 'camera_model': 'Nikon Zf (via gphoto2)', 'is_color_camera': True, 'current_exposure_ms': 200.0, 'current_gain': 100, 'image_format': 'color', 'shutter_mode': 'Unknown'}} | Camera event
2025-08-31 22:46:29.069 | INFO     | obscam.api.main:start_server:557 | {'module': 'api_main'} | Backend service started successfully!
2025-08-31 22:46:29.069 | INFO     | obscam.api.main:start_server:558 | {'module': 'api_main'} | Available endpoints:
2025-08-31 22:46:29.069 | INFO     | obscam.api.main:start_server:559 | {'module': 'api_main'} |   - Main page: http://localhost:8000/
2025-08-31 22:46:29.069 | INFO     | obscam.api.main:start_server:560 | {'module': 'api_main'} |   - Latest frame: http://localhost:8000/api/latest-frame
2025-08-31 22:46:29.069 | INFO     | obscam.api.main:start_server:561 | {'module': 'api_main'} |   - Update settings: POST http://localhost:8000/api/update-settings
2025-08-31 22:46:29.069 | INFO     | obscam.api.main:start_server:564 | {'module': 'api_main'} |   - Status: http://localhost:8000/api/status
2025-08-31 22:46:29.069 | INFO     | obscam.api.main:start_server:569 | {'module': 'api_main'} | Starting web server on port 8000...
2025-08-31 22:46:29.069 | INFO     | obscam.api.main:start_server:570 | {'module': 'api_main'} | Press Ctrl+C to shut down gracefully
2025-08-31 22:46:30.352 | WARNING  | obscam.core.capture_loop:_capture_worker:168 | {'module': 'capture_loop'} | Frame capture returned no data
2025-08-31 22:46:31.478 | WARNING  | obscam.core.capture_loop:_capture_worker:168 | {'module': 'capture_loop'} | Frame capture returned no data
2025-08-31 22:46:32.624 | WARNING  | obscam.core.capture_loop:_capture_worker:168 | {'module': 'capture_loop'} | Frame capture returned no data
2025-08-31 22:46:33.767 | WARNING  | obscam.core.capture_loop:_capture_worker:168 | {'module': 'capture_loop'} | Frame capture returned no data
2025-08-31 22:46:34.928 | WARNING  | obscam.core.capture_loop:_capture_worker:168 | {'module': 'capture_loop'} | Frame capture returned no data
2025-08-31 22:46:36.023 | WARNING  | obscam.core.capture_loop:_capture_worker:168 | {'module': 'capture_loop'} | Frame capture returned no data
2025-08-31 22:46:37.197 | WARNING  | obscam.core.capture_loop:_capture_worker:168 | {'module': 'capture_loop'} | Frame capture returned no data
2025-08-31 22:46:38.294 | WARNING  | obscam.core.capture_loop:_capture_worker:168 | {'module': 'capture_loop'} | Frame capture returned no data
2025-08-31 22:46:39.437 | WARNING  | obscam.core.capture_loop:_capture_worker:168 | {'module': 'capture_loop'} | Frame capture returned no data
2025-08-31 22:46:40.529 | WARNING  | obscam.core.capture_loop:_capture_worker:168 | {'module': 'capture_loop'} | Frame capture returned no data
2025-08-31 22:46:41.682 | WARNING  | obscam.core.capture_loop:_capture_worker:168 | {'module': 'capture_loop'} | Frame capture returned no data
2025-08-31 22:46:42.778 | WARNING  | obscam.core.capture_loop:_capture_worker:168 | {'module': 'capture_loop'} | Frame capture returned no data
2025-08-31 22:46:43.944 | WARNING  | obscam.core.capture_loop:_capture_worker:168 | {'module': 'capture_loop'} | Frame capture returned no data
2025-08-31 22:46:45.034 | WARNING  | obscam.core.capture_loop:_capture_worker:168 | {'module': 'capture_loop'} | Frame capture returned no data
2025-08-31 22:46:46.200 | WARNING  | obscam.core.capture_loop:_capture_worker:168 | {'module': 'capture_loop'} | Frame capture returned no data
2025-08-31 22:46:47.289 | WARNING  | obscam.core.capture_loop:_capture_worker:168 | {'module': 'capture_loop'} | Frame capture returned no data
2025-08-31 22:46:48.436 | WARNING  | obscam.core.capture_loop:_capture_worker:168 | {'module': 'capture_loop'} | Frame capture returned no data
2025-08-31 22:46:49.518 | WARNING  | obscam.core.capture_loop:_capture_worker:168 | {'module': 'capture_loop'} | Frame capture returned no data
2025-08-31 22:46:50.674 | WARNING  | obscam.core.capture_loop:_capture_worker:168 | {'module': 'capture_loop'} | Frame capture returned no data
2025-08-31 22:46:51.764 | WARNING  | obscam.core.capture_loop:_capture_worker:168 | {'module': 'capture_loop'} | Frame capture returned no data
2025-08-31 22:46:52.922 | WARNING  | obscam.core.capture_loop:_capture_worker:168 | {'module': 'capture_loop'} | Frame capture returned no data
2025-08-31 22:46:54.021 | WARNING  | obscam.core.capture_loop:_capture_worker:168 | {'module': 'capture_loop'} | Frame capture returned no data
2025-08-31 22:46:55.192 | WARNING  | obscam.core.capture_loop:_capture_worker:168 | {'module': 'capture_loop'} | Frame capture returned no data
2025-08-31 22:46:56.283 | WARNING  | obscam.core.capture_loop:_capture_worker:168 | {'module': 'capture_loop'} | Frame capture returned no data
2025-08-31 22:46:57.369 | WARNING  | obscam.core.capture_loop:_capture_worker:168 | {'module': 'capture_loop'} | Frame capture returned no data
2025-08-31 22:46:57.500 | WARNING  | obscam.core.capture_loop:_capture_worker:168 | {'module': 'capture_loop'} | Frame capture returned no data
2025-08-31 22:46:57.607 | WARNING  | obscam.core.capture_loop:_capture_worker:168 | {'module': 'capture_loop'} | Frame capture returned no data
2025-08-31 22:46:57.833 | WARNING  | obscam.core.capture_loop:_capture_worker:168 | {'module': 'capture_loop'} | Frame capture returned no data
2025-08-31 22:46:58.054 | WARNING  | obscam.core.capture_loop:_capture_worker:168 | {'module': 'capture_loop'} | Frame capture returned no data
2025-08-31 22:46:58.277 | WARNING  | obscam.core.capture_loop:_capture_worker:168 | {'module': 'capture_loop'} | Frame capture returned no data
2025-08-31 22:46:58.502 | WARNING  | obscam.core.capture_loop:_capture_worker:168 | {'module': 'capture_loop'} | Frame capture returned no data
2025-08-31 22:46:58.725 | WARNING  | obscam.core.capture_loop:_capture_worker:168 | {'module': 'capture_loop'} | Frame capture returned no data
2025-08-31 22:46:58.950 | WARNING  | obscam.core.capture_loop:_capture_worker:168 | {'module': 'capture_loop'} | Frame capture returned no data
2025-08-31 22:46:59.176 | WARNING  | obscam.core.capture_loop:_capture_worker:168 | {'module': 'capture_loop'} | Frame capture returned no data
2025-08-31 22:46:59.401 | WARNING  | obscam.core.capture_loop:_capture_worker:168 | {'module': 'capture_loop'} | Frame capture returned no data
2025-08-31 22:46:59.621 | WARNING  | obscam.core.capture_loop:_capture_worker:168 | {'module': 'capture_loop'} | Frame capture returned no data
2025-08-31 22:46:59.843 | WARNING  | obscam.core.capture_loop:_capture_worker:168 | {'module': 'capture_loop'} | Frame capture returned no data
2025-08-31 22:47:00.068 | WARNING  | obscam.core.capture_loop:_capture_worker:168 | {'module': 'capture_loop'} | Frame capture returned no data
2025-08-31 22:47:00.292 | WARNING  | obscam.core.capture_loop:_capture_worker:168 | {'module': 'capture_loop'} | Frame capture returned no data
2025-08-31 22:47:00.513 | WARNING  | obscam.core.capture_loop:_capture_worker:168 | {'module': 'capture_loop'} | Frame capture returned no data
2025-08-31 22:47:00.738 | WARNING  | obscam.core.capture_loop:_capture_worker:168 | {'module': 'capture_loop'} | Frame capture returned no data
2025-08-31 22:47:00.963 | WARNING  | obscam.core.capture_loop:_capture_worker:168 | {'module': 'capture_loop'} | Frame capture returned no data
2025-08-31 22:47:01.187 | WARNING  | obscam.core.capture_loop:_capture_worker:168 | {'module': 'capture_loop'} | Frame capture returned no data
2025-08-31 22:47:01.408 | WARNING  | obscam.core.capture_loop:_capture_worker:168 | {'module': 'capture_loop'} | Frame capture returned no data
2025-08-31 22:47:01.633 | WARNING  | obscam.core.capture_loop:_capture_worker:168 | {'module': 'capture_loop'} | Frame capture returned no data
2025-08-31 22:47:01.858 | WARNING  | obscam.core.capture_loop:_capture_worker:168 | {'module': 'capture_loop'} | Frame capture returned no data
2025-08-31 22:47:02.083 | WARNING  | obscam.core.capture_loop:_capture_worker:168 | {'module': 'capture_loop'} | Frame capture returned no data
2025-08-31 22:47:02.308 | WARNING  | obscam.core.capture_loop:_capture_worker:168 | {'module': 'capture_loop'} | Frame capture returned no data
2025-08-31 22:47:02.532 | WARNING  | obscam.core.capture_loop:_capture_worker:168 | {'module': 'capture_loop'} | Frame capture returned no data
2025-08-31 22:47:02.753 | WARNING  | obscam.core.capture_loop:_capture_worker:168 | {'module': 'capture_loop'} | Frame capture returned no data
2025-08-31 22:47:02.978 | WARNING  | obscam.core.capture_loop:_capture_worker:168 | {'module': 'capture_loop'} | Frame capture returned no data
2025-08-31 22:47:03.203 | WARNING  | obscam.core.capture_loop:_capture_worker:168 | {'module': 'capture_loop'} | Frame capture returned no data
2025-08-31 22:47:03.428 | WARNING  | obscam.core.capture_loop:_capture_worker:168 | {'module': 'capture_loop'} | Frame capture returned no data
2025-08-31 22:47:03.653 | WARNING  | obscam.core.capture_loop:_capture_worker:168 | {'module': 'capture_loop'} | Frame capture returned no data
2025-08-31 22:47:03.878 | WARNING  | obscam.core.capture_loop:_capture_worker:168 | {'module': 'capture_loop'} | Frame capture returned no data
2025-08-31 22:47:04.103 | WARNING  | obscam.core.capture_loop:_capture_worker:168 | {'module': 'capture_loop'} | Frame capture returned no data
2025-08-31 22:47:04.328 | WARNING  | obscam.core.capture_loop:_capture_worker:168 | {'module': 'capture_loop'} | Frame capture returned no data
2025-08-31 22:47:04.554 | WARNING  | obscam.core.capture_loop:_capture_worker:168 | {'module': 'capture_loop'} | Frame capture returned no data
2025-08-31 22:47:04.779 | WARNING  | obscam.core.capture_loop:_capture_worker:168 | {'module': 'capture_loop'} | Frame capture returned no data
2025-08-31 22:47:05.000 | WARNING  | obscam.core.capture_loop:_capture_worker:168 | {'module': 'capture_loop'} | Frame capture returned no data
2025-08-31 22:47:05.225 | WARNING  | obscam.core.capture_loop:_capture_worker:168 | {'module': 'capture_loop'} | Frame capture returned no data
2025-08-31 22:47:05.450 | WARNING  | obscam.core.capture_loop:_capture_worker:168 | {'module': 'capture_loop'} | Frame capture returned no data
2025-08-31 22:47:05.671 | WARNING  | obscam.core.capture_loop:_capture_worker:168 | {'module': 'capture_loop'} | Frame capture returned no data
2025-08-31 22:47:05.892 | WARNING  | obscam.core.capture_loop:_capture_worker:168 | {'module': 'capture_loop'} | Frame capture returned no data
2025-08-31 22:47:06.117 | WARNING  | obscam.core.capture_loop:_capture_worker:168 | {'module': 'capture_loop'} | Frame capture returned no data
2025-08-31 22:47:06.342 | WARNING  | obscam.core.capture_loop:_capture_worker:168 | {'module': 'capture_loop'} | Frame capture returned no data
2025-08-31 22:47:06.567 | WARNING  | obscam.core.capture_loop:_capture_worker:168 | {'module': 'capture_loop'} | Frame capture returned no data
2025-08-31 22:47:06.792 | WARNING  | obscam.core.capture_loop:_capture_worker:168 | {'module': 'capture_loop'} | Frame capture returned no data
2025-08-31 22:47:07.014 | WARNING  | obscam.core.capture_loop:_capture_worker:168 | {'module': 'capture_loop'} | Frame capture returned no data
2025-08-31 22:47:07.234 | WARNING  | obscam.core.capture_loop:_capture_worker:168 | {'module': 'capture_loop'} | Frame capture returned no data
2025-08-31 22:47:07.459 | WARNING  | obscam.core.capture_loop:_capture_worker:168 | {'module': 'capture_loop'} | Frame capture returned no data
2025-08-31 22:47:07.685 | WARNING  | obscam.core.capture_loop:_capture_worker:168 | {'module': 'capture_loop'} | Frame capture returned no data
2025-08-31 22:47:07.905 | WARNING  | obscam.core.capture_loop:_capture_worker:168 | {'module': 'capture_loop'} | Frame capture returned no data
2025-08-31 22:47:08.130 | WARNING  | obscam.core.capture_loop:_capture_worker:168 | {'module': 'capture_loop'} | Frame capture returned no data
2025-08-31 22:47:08.351 | WARNING  | obscam.core.capture_loop:_capture_worker:168 | {'module': 'capture_loop'} | Frame capture returned no data
2025-08-31 22:47:08.575 | WARNING  | obscam.core.capture_loop:_capture_worker:168 | {'module': 'capture_loop'} | Frame capture returned no data
2025-08-31 22:47:08.796 | WARNING  | obscam.core.capture_loop:_capture_worker:168 | {'module': 'capture_loop'} | Frame capture returned no data
2025-08-31 22:47:09.022 | WARNING  | obscam.core.capture_loop:_capture_worker:168 | {'module': 'capture_loop'} | Frame capture returned no data
2025-08-31 22:47:09.243 | WARNING  | obscam.core.capture_loop:_capture_worker:168 | {'module': 'capture_loop'} | Frame capture returned no data
2025-08-31 22:47:09.468 | WARNING  | obscam.core.capture_loop:_capture_worker:168 | {'module': 'capture_loop'} | Frame capture returned no data
2025-08-31 22:47:09.692 | WARNING  | obscam.core.capture_loop:_capture_worker:168 | {'module': 'capture_loop'} | Frame capture returned no data
2025-08-31 22:47:09.917 | WARNING  | obscam.core.capture_loop:_capture_worker:168 | {'module': 'capture_loop'} | Frame capture returned no data
2025-08-31 22:47:10.138 | WARNING  | obscam.core.capture_loop:_capture_worker:168 | {'module': 'capture_loop'} | Frame capture returned no data
2025-08-31 22:47:10.363 | WARNING  | obscam.core.capture_loop:_capture_worker:168 | {'module': 'capture_loop'} | Frame capture returned no data
2025-08-31 22:47:10.586 | WARNING  | obscam.core.capture_loop:_capture_worker:168 | {'module': 'capture_loop'} | Frame capture returned no data
2025-08-31 22:47:10.812 | WARNING  | obscam.core.capture_loop:_capture_worker:168 | {'module': 'capture_loop'} | Frame capture returned no data
2025-08-31 22:47:11.033 | WARNING  | obscam.core.capture_loop:_capture_worker:168 | {'module': 'capture_loop'} | Frame capture returned no data
2025-08-31 22:47:11.253 | WARNING  | obscam.core.capture_loop:_capture_worker:168 | {'module': 'capture_loop'} | Frame capture returned no data
2025-08-31 22:47:11.478 | WARNING  | obscam.core.capture_loop:_capture_worker:168 | {'module': 'capture_loop'} | Frame capture returned no data
2025-08-31 22:47:11.703 | WARNING  | obscam.core.capture_loop:_capture_worker:168 | {'module': 'capture_loop'} | Frame capture returned no data
2025-08-31 22:47:11.929 | WARNING  | obscam.core.capture_loop:_capture_worker:168 | {'module': 'capture_loop'} | Frame capture returned no data
2025-08-31 22:47:12.151 | WARNING  | obscam.core.capture_loop:_capture_worker:168 | {'module': 'capture_loop'} | Frame capture returned no data
2025-08-31 22:47:12.376 | WARNING  | obscam.core.capture_loop:_capture_worker:168 | {'module': 'capture_loop'} | Frame capture returned no data
2025-08-31 22:47:12.601 | WARNING  | obscam.core.capture_loop:_capture_worker:168 | {'module': 'capture_loop'} | Frame capture returned no data
2025-08-31 22:47:12.824 | WARNING  | obscam.core.capture_loop:_capture_worker:168 | {'module': 'capture_loop'} | Frame capture returned no data
2025-08-31 22:47:13.047 | WARNING  | obscam.core.capture_loop:_capture_worker:168 | {'module': 'capture_loop'} | Frame capture returned no data
2025-08-31 22:47:13.272 | WARNING  | obscam.core.capture_loop:_capture_worker:168 | {'module': 'capture_loop'} | Frame capture returned no data
2025-08-31 22:47:13.498 | WARNING  | obscam.core.capture_loop:_capture_worker:168 | {'module': 'capture_loop'} | Frame capture returned no data
2025-08-31 22:47:13.722 | WARNING  | obscam.core.capture_loop:_capture_worker:168 | {'module': 'capture_loop'} | Frame capture returned no data
2025-08-31 22:47:13.947 | WARNING  | obscam.core.capture_loop:_capture_worker:168 | {'module': 'capture_loop'} | Frame capture returned no data
2025-08-31 22:47:14.169 | WARNING  | obscam.core.capture_loop:_capture_worker:168 | {'module': 'capture_loop'} | Frame capture returned no data
2025-08-31 22:47:14.394 | WARNING  | obscam.core.capture_loop:_capture_worker:168 | {'module': 'capture_loop'} | Frame capture returned no data
2025-08-31 22:47:14.619 | WARNING  | obscam.core.capture_loop:_capture_worker:168 | {'module': 'capture_loop'} | Frame capture returned no data
2025-08-31 22:47:14.844 | WARNING  | obscam.core.capture_loop:_capture_worker:168 | {'module': 'capture_loop'} | Frame capture returned no data
2025-08-31 22:47:15.069 | WARNING  | obscam.core.capture_loop:_capture_worker:168 | {'module': 'capture_loop'} | Frame capture returned no data
2025-08-31 22:47:15.290 | WARNING  | obscam.core.capture_loop:_capture_worker:168 | {'module': 'capture_loop'} | Frame capture returned no data
2025-08-31 22:47:15.516 | WARNING  | obscam.core.capture_loop:_capture_worker:168 | {'module': 'capture_loop'} | Frame capture returned no data
2025-08-31 22:47:15.741 | WARNING  | obscam.core.capture_loop:_capture_worker:168 | {'module': 'capture_loop'} | Frame capture returned no data
2025-08-31 22:47:15.966 | WARNING  | obscam.core.capture_loop:_capture_worker:168 | {'module': 'capture_loop'} | Frame capture returned no data
2025-08-31 22:47:16.188 | WARNING  | obscam.core.capture_loop:_capture_worker:168 | {'module': 'capture_loop'} | Frame capture returned no data
2025-08-31 22:47:16.413 | WARNING  | obscam.core.capture_loop:_capture_worker:168 | {'module': 'capture_loop'} | Frame capture returned no data
2025-08-31 22:47:16.639 | WARNING  | obscam.core.capture_loop:_capture_worker:168 | {'module': 'capture_loop'} | Frame capture returned no data
2025-08-31 22:47:16.859 | WARNING  | obscam.core.capture_loop:_capture_worker:168 | {'module': 'capture_loop'} | Frame capture returned no data
2025-08-31 22:47:17.084 | WARNING  | obscam.core.capture_loop:_capture_worker:168 | {'module': 'capture_loop'} | Frame capture returned no data
2025-08-31 22:47:17.305 | WARNING  | obscam.core.capture_loop:_capture_worker:168 | {'module': 'capture_loop'} | Frame capture returned no data
2025-08-31 22:47:17.530 | WARNING  | obscam.core.capture_loop:_capture_worker:168 | {'module': 'capture_loop'} | Frame capture returned no data
2025-08-31 22:47:17.755 | WARNING  | obscam.core.capture_loop:_capture_worker:168 | {'module': 'capture_loop'} | Frame capture returned no data
2025-08-31 22:47:17.977 | WARNING  | obscam.core.capture_loop:_capture_worker:168 | {'module': 'capture_loop'} | Frame capture returned no data
2025-08-31 22:47:18.198 | WARNING  | obscam.core.capture_loop:_capture_worker:168 | {'module': 'capture_loop'} | Frame capture returned no data
2025-08-31 22:47:18.421 | WARNING  | obscam.core.capture_loop:_capture_worker:168 | {'module': 'capture_loop'} | Frame capture returned no data
2025-08-31 22:47:18.644 | WARNING  | obscam.core.capture_loop:_capture_worker:168 | {'module': 'capture_loop'} | Frame capture returned no data
2025-08-31 22:47:18.869 | WARNING  | obscam.core.capture_loop:_capture_worker:168 | {'module': 'capture_loop'} | Frame capture returned no data
2025-08-31 22:47:19.095 | WARNING  | obscam.core.capture_loop:_capture_worker:168 | {'module': 'capture_loop'} | Frame capture returned no data
2025-08-31 22:47:19.320 | WARNING  | obscam.core.capture_loop:_capture_worker:168 | {'module': 'capture_loop'} | Frame capture returned no data
2025-08-31 22:47:19.542 | WARNING  | obscam.core.capture_loop:_capture_worker:168 | {'module': 'capture_loop'} | Frame capture returned no data
2025-08-31 22:47:19.768 | WARNING  | obscam.core.capture_loop:_capture_worker:168 | {'module': 'capture_loop'} | Frame capture returned no data
2025-08-31 22:47:19.993 | WARNING  | obscam.core.capture_loop:_capture_worker:168 | {'module': 'capture_loop'} | Frame capture returned no data
2025-08-31 22:47:20.218 | WARNING  | obscam.core.capture_loop:_capture_worker:168 | {'module': 'capture_loop'} | Frame capture returned no data
2025-08-31 22:47:20.443 | WARNING  | obscam.core.capture_loop:_capture_worker:168 | {'module': 'capture_loop'} | Frame capture returned no data
2025-08-31 22:47:20.668 | WARNING  | obscam.core.capture_loop:_capture_worker:168 | {'module': 'capture_loop'} | Frame capture returned no data
2025-08-31 22:47:20.893 | WARNING  | obscam.core.capture_loop:_capture_worker:168 | {'module': 'capture_loop'} | Frame capture returned no data
2025-08-31 22:47:21.117 | WARNING  | obscam.core.capture_loop:_capture_worker:168 | {'module': 'capture_loop'} | Frame capture returned no data
2025-08-31 22:47:21.342 | WARNING  | obscam.core.capture_loop:_capture_worker:168 | {'module': 'capture_loop'} | Frame capture returned no data
2025-08-31 22:47:21.568 | WARNING  | obscam.core.capture_loop:_capture_worker:168 | {'module': 'capture_loop'} | Frame capture returned no data
2025-08-31 22:47:21.793 | WARNING  | obscam.core.capture_loop:_capture_worker:168 | {'module': 'capture_loop'} | Frame capture returned no data
2025-08-31 22:47:22.014 | WARNING  | obscam.core.capture_loop:_capture_worker:168 | {'module': 'capture_loop'} | Frame capture returned no data
2025-08-31 22:47:22.239 | WARNING  | obscam.core.capture_loop:_capture_worker:168 | {'module': 'capture_loop'} | Frame capture returned no data
2025-08-31 22:47:22.460 | WARNING  | obscam.core.capture_loop:_capture_worker:168 | {'module': 'capture_loop'} | Frame capture returned no data
2025-08-31 22:47:22.688 | WARNING  | obscam.core.capture_loop:_capture_worker:168 | {'module': 'capture_loop'} | Frame capture returned no data
2025-08-31 22:47:22.908 | WARNING  | obscam.core.capture_loop:_capture_worker:168 | {'module': 'capture_loop'} | Frame capture returned no data
2025-08-31 22:47:23.133 | WARNING  | obscam.core.capture_loop:_capture_worker:168 | {'module': 'capture_loop'} | Frame capture returned no data
2025-08-31 22:47:23.358 | WARNING  | obscam.core.capture_loop:_capture_worker:168 | {'module': 'capture_loop'} | Frame capture returned no data
2025-08-31 22:47:23.579 | WARNING  | obscam.core.capture_loop:_capture_worker:168 | {'module': 'capture_loop'} | Frame capture returned no data
2025-08-31 22:47:23.803 | WARNING  | obscam.core.capture_loop:_capture_worker:168 | {'module': 'capture_loop'} | Frame capture returned no data
2025-08-31 22:47:24.024 | WARNING  | obscam.core.capture_loop:_capture_worker:168 | {'module': 'capture_loop'} | Frame capture returned no data
2025-08-31 22:47:24.248 | WARNING  | obscam.core.capture_loop:_capture_worker:168 | {'module': 'capture_loop'} | Frame capture returned no data
2025-08-31 22:47:24.469 | WARNING  | obscam.core.capture_loop:_capture_worker:168 | {'module': 'capture_loop'} | Frame capture returned no data
2025-08-31 22:47:24.692 | WARNING  | obscam.core.capture_loop:_capture_worker:168 | {'module': 'capture_loop'} | Frame capture returned no data
2025-08-31 22:47:24.917 | WARNING  | obscam.core.capture_loop:_capture_worker:168 | {'module': 'capture_loop'} | Frame capture returned no data
2025-08-31 22:47:25.141 | WARNING  | obscam.core.capture_loop:_capture_worker:168 | {'module': 'capture_loop'} | Frame capture returned no data
2025-08-31 22:47:25.366 | WARNING  | obscam.core.capture_loop:_capture_worker:168 | {'module': 'capture_loop'} | Frame capture returned no data
2025-08-31 22:47:25.590 | WARNING  | obscam.core.capture_loop:_capture_worker:168 | {'module': 'capture_loop'} | Frame capture returned no data
2025-08-31 22:47:25.815 | WARNING  | obscam.core.capture_loop:_capture_worker:168 | {'module': 'capture_loop'} | Frame capture returned no data
2025-08-31 22:47:26.040 | WARNING  | obscam.core.capture_loop:_capture_worker:168 | {'module': 'capture_loop'} | Frame capture returned no data
2025-08-31 22:47:26.265 | WARNING  | obscam.core.capture_loop:_capture_worker:168 | {'module': 'capture_loop'} | Frame capture returned no data
2025-08-31 22:47:26.486 | WARNING  | obscam.core.capture_loop:_capture_worker:168 | {'module': 'capture_loop'} | Frame capture returned no data
2025-08-31 22:47:26.709 | WARNING  | obscam.core.capture_loop:_capture_worker:168 | {'module': 'capture_loop'} | Frame capture returned no data
2025-08-31 22:47:26.934 | WARNING  | obscam.core.capture_loop:_capture_worker:168 | {'module': 'capture_loop'} | Frame capture returned no data
2025-08-31 22:47:27.160 | WARNING  | obscam.core.capture_loop:_capture_worker:168 | {'module': 'capture_loop'} | Frame capture returned no data
2025-08-31 22:47:27.383 | WARNING  | obscam.core.capture_loop:_capture_worker:168 | {'module': 'capture_loop'} | Frame capture returned no data
2025-08-31 22:47:27.605 | WARNING  | obscam.core.capture_loop:_capture_worker:168 | {'module': 'capture_loop'} | Frame capture returned no data
2025-08-31 22:47:27.826 | WARNING  | obscam.core.capture_loop:_capture_worker:168 | {'module': 'capture_loop'} | Frame capture returned no data
2025-08-31 22:47:28.051 | WARNING  | obscam.core.capture_loop:_capture_worker:168 | {'module': 'capture_loop'} | Frame capture returned no data
2025-08-31 22:47:28.272 | WARNING  | obscam.core.capture_loop:_capture_worker:168 | {'module': 'capture_loop'} | Frame capture returned no data
2025-08-31 22:47:28.494 | WARNING  | obscam.core.capture_loop:_capture_worker:168 | {'module': 'capture_loop'} | Frame capture returned no data
2025-08-31 22:47:28.715 | WARNING  | obscam.core.capture_loop:_capture_worker:168 | {'module': 'capture_loop'} | Frame capture returned no data
2025-08-31 22:47:28.939 | WARNING  | obscam.core.capture_loop:_capture_worker:168 | {'module': 'capture_loop'} | Frame capture returned no data
2025-08-31 22:47:29.165 | WARNING  | obscam.core.capture_loop:_capture_worker:168 | {'module': 'capture_loop'} | Frame capture returned no data
2025-08-31 22:47:29.166 | INFO     | obscam.common.logging_config:log_performance:99 | {'function': 'continuous_capture', 'duration_ms': 0.0, 'frames_captured': 0, 'error_count': 0, 'fps': 0.0} | Performance metric
2025-08-31 22:47:29.391 | WARNING  | obscam.core.capture_loop:_capture_worker:168 | {'module': 'capture_loop'} | Frame capture returned no data
2025-08-31 22:47:29.617 | WARNING  | obscam.core.capture_loop:_capture_worker:168 | {'module': 'capture_loop'} | Frame capture returned no data
2025-08-31 22:47:29.842 | WARNING  | obscam.core.capture_loop:_capture_worker:168 | {'module': 'capture_loop'} | Frame capture returned no data
2025-08-31 22:47:30.065 | WARNING  | obscam.core.capture_loop:_capture_worker:168 | {'module': 'capture_loop'} | Frame capture returned no data
2025-08-31 22:47:30.290 | WARNING  | obscam.core.capture_loop:_capture_worker:168 | {'module': 'capture_loop'} | Frame capture returned no data
2025-08-31 22:47:30.517 | WARNING  | obscam.core.capture_loop:_capture_worker:168 | {'module': 'capture_loop'} | Frame capture returned no data
2025-08-31 22:47:30.742 | WARNING  | obscam.core.capture_loop:_capture_worker:168 | {'module': 'capture_loop'} | Frame capture returned no data
2025-08-31 22:47:30.965 | WARNING  | obscam.core.capture_loop:_capture_worker:168 | {'module': 'capture_loop'} | Frame capture returned no data
2025-08-31 22:47:31.190 | WARNING  | obscam.core.capture_loop:_capture_worker:168 | {'module': 'capture_loop'} | Frame capture returned no data
2025-08-31 22:47:31.416 | WARNING  | obscam.core.capture_loop:_capture_worker:168 | {'module': 'capture_loop'} | Frame capture returned no data
2025-08-31 22:47:31.642 | WARNING  | obscam.core.capture_loop:_capture_worker:168 | {'module': 'capture_loop'} | Frame capture returned no data
2025-08-31 22:47:31.868 | WARNING  | obscam.core.capture_loop:_capture_worker:168 | {'module': 'capture_loop'} | Frame capture returned no data
2025-08-31 22:47:32.089 | WARNING  | obscam.core.capture_loop:_capture_worker:168 | {'module': 'capture_loop'} | Frame capture returned no data
2025-08-31 22:47:32.313 | WARNING  | obscam.core.capture_loop:_capture_worker:168 | {'module': 'capture_loop'} | Frame capture returned no data
2025-08-31 22:47:32.537 | WARNING  | obscam.core.capture_loop:_capture_worker:168 | {'module': 'capture_loop'} | Frame capture returned no data
2025-08-31 22:47:32.763 | WARNING  | obscam.core.capture_loop:_capture_worker:168 | {'module': 'capture_loop'} | Frame capture returned no data
2025-08-31 22:47:32.988 | WARNING  | obscam.core.capture_loop:_capture_worker:168 | {'module': 'capture_loop'} | Frame capture returned no data
2025-08-31 22:47:33.214 | WARNING  | obscam.core.capture_loop:_capture_worker:168 | {'module': 'capture_loop'} | Frame capture returned no data
2025-08-31 22:47:33.439 | WARNING  | obscam.core.capture_loop:_capture_worker:168 | {'module': 'capture_loop'} | Frame capture returned no data
2025-08-31 22:47:33.659 | WARNING  | obscam.core.capture_loop:_capture_worker:168 | {'module': 'capture_loop'} | Frame capture returned no data
2025-08-31 22:47:33.886 | WARNING  | obscam.core.capture_loop:_capture_worker:168 | {'module': 'capture_loop'} | Frame capture returned no data
2025-08-31 22:47:34.108 | WARNING  | obscam.core.capture_loop:_capture_worker:168 | {'module': 'capture_loop'} | Frame capture returned no data
2025-08-31 22:47:34.334 | WARNING  | obscam.core.capture_loop:_capture_worker:168 | {'module': 'capture_loop'} | Frame capture returned no data
2025-08-31 22:47:34.556 | WARNING  | obscam.core.capture_loop:_capture_worker:168 | {'module': 'capture_loop'} | Frame capture returned no data
2025-08-31 22:47:34.778 | WARNING  | obscam.core.capture_loop:_capture_worker:168 | {'module': 'capture_loop'} | Frame capture returned no data
2025-08-31 22:47:35.005 | WARNING  | obscam.core.capture_loop:_capture_worker:168 | {'module': 'capture_loop'} | Frame capture returned no data
2025-08-31 22:47:35.230 | WARNING  | obscam.core.capture_loop:_capture_worker:168 | {'module': 'capture_loop'} | Frame capture returned no data
2025-08-31 22:47:35.455 | WARNING  | obscam.core.capture_loop:_capture_worker:168 | {'module': 'capture_loop'} | Frame capture returned no data
2025-08-31 22:47:35.681 | WARNING  | obscam.core.capture_loop:_capture_worker:168 | {'module': 'capture_loop'} | Frame capture returned no data
2025-08-31 22:47:35.907 | WARNING  | obscam.core.capture_loop:_capture_worker:168 | {'module': 'capture_loop'} | Frame capture returned no data
2025-08-31 22:47:36.131 | WARNING  | obscam.core.capture_loop:_capture_worker:168 | {'module': 'capture_loop'} | Frame capture returned no data
2025-08-31 22:47:36.355 | WARNING  | obscam.core.capture_loop:_capture_worker:168 | {'module': 'capture_loop'} | Frame capture returned no data
2025-08-31 22:47:36.581 | WARNING  | obscam.core.capture_loop:_capture_worker:168 | {'module': 'capture_loop'} | Frame capture returned no data
2025-08-31 22:47:36.806 | WARNING  | obscam.core.capture_loop:_capture_worker:168 | {'module': 'capture_loop'} | Frame capture returned no data
2025-08-31 22:47:37.032 | WARNING  | obscam.core.capture_loop:_capture_worker:168 | {'module': 'capture_loop'} | Frame capture returned no data
2025-08-31 22:47:37.257 | WARNING  | obscam.core.capture_loop:_capture_worker:168 | {'module': 'capture_loop'} | Frame capture returned no data
2025-08-31 22:47:37.482 | WARNING  | obscam.core.capture_loop:_capture_worker:168 | {'module': 'capture_loop'} | Frame capture returned no data
2025-08-31 22:47:37.708 | WARNING  | obscam.core.capture_loop:_capture_worker:168 | {'module': 'capture_loop'} | Frame capture returned no data
2025-08-31 22:47:37.933 | WARNING  | obscam.core.capture_loop:_capture_worker:168 | {'module': 'capture_loop'} | Frame capture returned no data
2025-08-31 22:47:38.159 | WARNING  | obscam.core.capture_loop:_capture_worker:168 | {'module': 'capture_loop'} | Frame capture returned no data
2025-08-31 22:47:38.382 | WARNING  | obscam.core.capture_loop:_capture_worker:168 | {'module': 'capture_loop'} | Frame capture returned no data
2025-08-31 22:47:38.606 | WARNING  | obscam.core.capture_loop:_capture_worker:168 | {'module': 'capture_loop'} | Frame capture returned no data
2025-08-31 22:47:38.829 | WARNING  | obscam.core.capture_loop:_capture_worker:168 | {'module': 'capture_loop'} | Frame capture returned no data
2025-08-31 22:47:39.055 | WARNING  | obscam.core.capture_loop:_capture_worker:168 | {'module': 'capture_loop'} | Frame capture returned no data
2025-08-31 22:47:39.282 | WARNING  | obscam.core.capture_loop:_capture_worker:168 | {'module': 'capture_loop'} | Frame capture returned no data
2025-08-31 22:47:39.506 | WARNING  | obscam.core.capture_loop:_capture_worker:168 | {'module': 'capture_loop'} | Frame capture returned no data
2025-08-31 22:47:39.729 | WARNING  | obscam.core.capture_loop:_capture_worker:168 | {'module': 'capture_loop'} | Frame capture returned no data
2025-08-31 22:47:39.952 | WARNING  | obscam.core.capture_loop:_capture_worker:168 | {'module': 'capture_loop'} | Frame capture returned no data
2025-08-31 22:47:40.176 | WARNING  | obscam.core.capture_loop:_capture_worker:168 | {'module': 'capture_loop'} | Frame capture returned no data
2025-08-31 22:47:40.402 | WARNING  | obscam.core.capture_loop:_capture_worker:168 | {'module': 'capture_loop'} | Frame capture returned no data
2025-08-31 22:47:40.623 | WARNING  | obscam.core.capture_loop:_capture_worker:168 | {'module': 'capture_loop'} | Frame capture returned no data
2025-08-31 22:47:40.850 | WARNING  | obscam.core.capture_loop:_capture_worker:168 | {'module': 'capture_loop'} | Frame capture returned no data
2025-08-31 22:47:41.075 | WARNING  | obscam.core.capture_loop:_capture_worker:168 | {'module': 'capture_loop'} | Frame capture returned no data
2025-08-31 22:47:41.299 | WARNING  | obscam.core.capture_loop:_capture_worker:168 | {'module': 'capture_loop'} | Frame capture returned no data
2025-08-31 22:47:41.522 | WARNING  | obscam.core.capture_loop:_capture_worker:168 | {'module': 'capture_loop'} | Frame capture returned no data
2025-08-31 22:47:41.747 | WARNING  | obscam.core.capture_loop:_capture_worker:168 | {'module': 'capture_loop'} | Frame capture returned no data
2025-08-31 22:47:41.976 | WARNING  | obscam.core.capture_loop:_capture_worker:168 | {'module': 'capture_loop'} | Frame capture returned no data
2025-08-31 22:47:42.202 | WARNING  | obscam.core.capture_loop:_capture_worker:168 | {'module': 'capture_loop'} | Frame capture returned no data
2025-08-31 22:47:42.428 | WARNING  | obscam.core.capture_loop:_capture_worker:168 | {'module': 'capture_loop'} | Frame capture returned no data
2025-08-31 22:47:42.655 | WARNING  | obscam.core.capture_loop:_capture_worker:168 | {'module': 'capture_loop'} | Frame capture returned no data
2025-08-31 22:47:42.880 | WARNING  | obscam.core.capture_loop:_capture_worker:168 | {'module': 'capture_loop'} | Frame capture returned no data
2025-08-31 22:47:43.103 | WARNING  | obscam.core.capture_loop:_capture_worker:168 | {'module': 'capture_loop'} | Frame capture returned no data
2025-08-31 22:47:43.326 | WARNING  | obscam.core.capture_loop:_capture_worker:168 | {'module': 'capture_loop'} | Frame capture returned no data
2025-08-31 22:47:43.552 | WARNING  | obscam.core.capture_loop:_capture_worker:168 | {'module': 'capture_loop'} | Frame capture returned no data
2025-08-31 22:47:43.778 | WARNING  | obscam.core.capture_loop:_capture_worker:168 | {'module': 'capture_loop'} | Frame capture returned no data
2025-08-31 22:47:43.999 | WARNING  | obscam.core.capture_loop:_capture_worker:168 | {'module': 'capture_loop'} | Frame capture returned no data
2025-08-31 22:47:44.225 | WARNING  | obscam.core.capture_loop:_capture_worker:168 | {'module': 'capture_loop'} | Frame capture returned no data
2025-08-31 22:47:44.450 | WARNING  | obscam.core.capture_loop:_capture_worker:168 | {'module': 'capture_loop'} | Frame capture returned no data
2025-08-31 22:47:44.676 | WARNING  | obscam.core.capture_loop:_capture_worker:168 | {'module': 'capture_loop'} | Frame capture returned no data
2025-08-31 22:47:44.900 | WARNING  | obscam.core.capture_loop:_capture_worker:168 | {'module': 'capture_loop'} | Frame capture returned no data
2025-08-31 22:47:45.127 | WARNING  | obscam.core.capture_loop:_capture_worker:168 | {'module': 'capture_loop'} | Frame capture returned no data
2025-08-31 22:47:45.350 | WARNING  | obscam.core.capture_loop:_capture_worker:168 | {'module': 'capture_loop'} | Frame capture returned no data
2025-08-31 22:47:45.572 | WARNING  | obscam.core.capture_loop:_capture_worker:168 | {'module': 'capture_loop'} | Frame capture returned no data
2025-08-31 22:47:45.794 | WARNING  | obscam.core.capture_loop:_capture_worker:168 | {'module': 'capture_loop'} | Frame capture returned no data
2025-08-31 22:47:46.020 | WARNING  | obscam.core.capture_loop:_capture_worker:168 | {'module': 'capture_loop'} | Frame capture returned no data
2025-08-31 22:47:46.246 | WARNING  | obscam.core.capture_loop:_capture_worker:168 | {'module': 'capture_loop'} | Frame capture returned no data
2025-08-31 22:47:46.468 | WARNING  | obscam.core.capture_loop:_capture_worker:168 | {'module': 'capture_loop'} | Frame capture returned no data
2025-08-31 22:47:46.693 | WARNING  | obscam.core.capture_loop:_capture_worker:168 | {'module': 'capture_loop'} | Frame capture returned no data
2025-08-31 22:47:46.918 | WARNING  | obscam.core.capture_loop:_capture_worker:168 | {'module': 'capture_loop'} | Frame capture returned no data
2025-08-31 22:47:47.142 | WARNING  | obscam.core.capture_loop:_capture_worker:168 | {'module': 'capture_loop'} | Frame capture returned no data
2025-08-31 22:47:47.367 | WARNING  | obscam.core.capture_loop:_capture_worker:168 | {'module': 'capture_loop'} | Frame capture returned no data
2025-08-31 22:47:47.589 | WARNING  | obscam.core.capture_loop:_capture_worker:168 | {'module': 'capture_loop'} | Frame capture returned no data
2025-08-31 22:47:47.815 | WARNING  | obscam.core.capture_loop:_capture_worker:168 | {'module': 'capture_loop'} | Frame capture returned no data
2025-08-31 22:47:48.037 | WARNING  | obscam.core.capture_loop:_capture_worker:168 | {'module': 'capture_loop'} | Frame capture returned no data
2025-08-31 22:47:48.262 | WARNING  | obscam.core.capture_loop:_capture_worker:168 | {'module': 'capture_loop'} | Frame capture returned no data
2025-08-31 22:47:48.488 | WARNING  | obscam.core.capture_loop:_capture_worker:168 | {'module': 'capture_loop'} | Frame capture returned no data
2025-08-31 22:47:48.713 | WARNING  | obscam.core.capture_loop:_capture_worker:168 | {'module': 'capture_loop'} | Frame capture returned no data
2025-08-31 22:47:48.935 | WARNING  | obscam.core.capture_loop:_capture_worker:168 | {'module': 'capture_loop'} | Frame capture returned no data
2025-08-31 22:47:49.160 | WARNING  | obscam.core.capture_loop:_capture_worker:168 | {'module': 'capture_loop'} | Frame capture returned no data
2025-08-31 22:47:49.386 | WARNING  | obscam.core.capture_loop:_capture_worker:168 | {'module': 'capture_loop'} | Frame capture returned no data
2025-08-31 22:47:49.611 | WARNING  | obscam.core.capture_loop:_capture_worker:168 | {'module': 'capture_loop'} | Frame capture returned no data
2025-08-31 22:47:49.837 | WARNING  | obscam.core.capture_loop:_capture_worker:168 | {'module': 'capture_loop'} | Frame capture returned no data
2025-08-31 22:47:50.062 | WARNING  | obscam.core.capture_loop:_capture_worker:168 | {'module': 'capture_loop'} | Frame capture returned no data
2025-08-31 22:47:50.285 | WARNING  | obscam.core.capture_loop:_capture_worker:168 | {'module': 'capture_loop'} | Frame capture returned no data
2025-08-31 22:47:50.506 | WARNING  | obscam.core.capture_loop:_capture_worker:168 | {'module': 'capture_loop'} | Frame capture returned no data
2025-08-31 22:47:50.729 | WARNING  | obscam.core.capture_loop:_capture_worker:168 | {'module': 'capture_loop'} | Frame capture returned no data
2025-08-31 22:47:50.951 | WARNING  | obscam.core.capture_loop:_capture_worker:168 | {'module': 'capture_loop'} | Frame capture returned no data
2025-08-31 22:47:51.177 | WARNING  | obscam.core.capture_loop:_capture_worker:168 | {'module': 'capture_loop'} | Frame capture returned no data
2025-08-31 22:47:51.402 | WARNING  | obscam.core.capture_loop:_capture_worker:168 | {'module': 'capture_loop'} | Frame capture returned no data
2025-08-31 22:47:51.628 | WARNING  | obscam.core.capture_loop:_capture_worker:168 | {'module': 'capture_loop'} | Frame capture returned no data
2025-08-31 22:47:51.851 | WARNING  | obscam.core.capture_loop:_capture_worker:168 | {'module': 'capture_loop'} | Frame capture returned no data
2025-08-31 22:47:52.077 | WARNING  | obscam.core.capture_loop:_capture_worker:168 | {'module': 'capture_loop'} | Frame capture returned no data
2025-08-31 22:47:52.300 | WARNING  | obscam.core.capture_loop:_capture_worker:168 | {'module': 'capture_loop'} | Frame capture returned no data
2025-08-31 22:47:52.522 | WARNING  | obscam.core.capture_loop:_capture_worker:168 | {'module': 'capture_loop'} | Frame capture returned no data
2025-08-31 22:47:52.747 | WARNING  | obscam.core.capture_loop:_capture_worker:168 | {'module': 'capture_loop'} | Frame capture returned no data
2025-08-31 22:47:52.973 | WARNING  | obscam.core.capture_loop:_capture_worker:168 | {'module': 'capture_loop'} | Frame capture returned no data
2025-08-31 22:47:53.199 | WARNING  | obscam.core.capture_loop:_capture_worker:168 | {'module': 'capture_loop'} | Frame capture returned no data
2025-08-31 22:47:53.424 | WARNING  | obscam.core.capture_loop:_capture_worker:168 | {'module': 'capture_loop'} | Frame capture returned no data
2025-08-31 22:47:53.647 | WARNING  | obscam.core.capture_loop:_capture_worker:168 | {'module': 'capture_loop'} | Frame capture returned no data
2025-08-31 22:47:53.868 | WARNING  | obscam.core.capture_loop:_capture_worker:168 | {'module': 'capture_loop'} | Frame capture returned no data
2025-08-31 22:47:54.089 | WARNING  | obscam.core.capture_loop:_capture_worker:168 | {'module': 'capture_loop'} | Frame capture returned no data
2025-08-31 22:47:54.314 | WARNING  | obscam.core.capture_loop:_capture_worker:168 | {'module': 'capture_loop'} | Frame capture returned no data
2025-08-31 22:47:54.539 | WARNING  | obscam.core.capture_loop:_capture_worker:168 | {'module': 'capture_loop'} | Frame capture returned no data
2025-08-31 22:47:54.765 | WARNING  | obscam.core.capture_loop:_capture_worker:168 | {'module': 'capture_loop'} | Frame capture returned no data
2025-08-31 22:47:54.990 | WARNING  | obscam.core.capture_loop:_capture_worker:168 | {'module': 'capture_loop'} | Frame capture returned no data
2025-08-31 22:47:55.216 | WARNING  | obscam.core.capture_loop:_capture_worker:168 | {'module': 'capture_loop'} | Frame capture returned no data
2025-08-31 22:47:55.440 | WARNING  | obscam.core.capture_loop:_capture_worker:168 | {'module': 'capture_loop'} | Frame capture returned no data
2025-08-31 22:47:55.665 | WARNING  | obscam.core.capture_loop:_capture_worker:168 | {'module': 'capture_loop'} | Frame capture returned no data
2025-08-31 22:47:55.889 | WARNING  | obscam.core.capture_loop:_capture_worker:168 | {'module': 'capture_loop'} | Frame capture returned no data
2025-08-31 22:47:56.113 | WARNING  | obscam.core.capture_loop:_capture_worker:168 | {'module': 'capture_loop'} | Frame capture returned no data
2025-08-31 22:47:56.337 | WARNING  | obscam.core.capture_loop:_capture_worker:168 | {'module': 'capture_loop'} | Frame capture returned no data
2025-08-31 22:47:56.561 | WARNING  | obscam.core.capture_loop:_capture_worker:168 | {'module': 'capture_loop'} | Frame capture returned no data
2025-08-31 22:47:56.788 | WARNING  | obscam.core.capture_loop:_capture_worker:168 | {'module': 'capture_loop'} | Frame capture returned no data
2025-08-31 22:47:57.008 | WARNING  | obscam.core.capture_loop:_capture_worker:168 | {'module': 'capture_loop'} | Frame capture returned no data
2025-08-31 22:47:57.233 | WARNING  | obscam.core.capture_loop:_capture_worker:168 | {'module': 'capture_loop'} | Frame capture returned no data
2025-08-31 22:47:57.456 | WARNING  | obscam.core.capture_loop:_capture_worker:168 | {'module': 'capture_loop'} | Frame capture returned no data
2025-08-31 22:47:57.678 | WARNING  | obscam.core.capture_loop:_capture_worker:168 | {'module': 'capture_loop'} | Frame capture returned no data
2025-08-31 22:47:57.904 | WARNING  | obscam.core.capture_loop:_capture_worker:168 | {'module': 'capture_loop'} | Frame capture returned no data
2025-08-31 22:47:58.130 | WARNING  | obscam.core.capture_loop:_capture_worker:168 | {'module': 'capture_loop'} | Frame capture returned no data
2025-08-31 22:47:58.355 | WARNING  | obscam.core.capture_loop:_capture_worker:168 | {'module': 'capture_loop'} | Frame capture returned no data
2025-08-31 22:47:58.579 | WARNING  | obscam.core.capture_loop:_capture_worker:168 | {'module': 'capture_loop'} | Frame capture returned no data
2025-08-31 22:47:58.805 | WARNING  | obscam.core.capture_loop:_capture_worker:168 | {'module': 'capture_loop'} | Frame capture returned no data
2025-08-31 22:47:59.029 | WARNING  | obscam.core.capture_loop:_capture_worker:168 | {'module': 'capture_loop'} | Frame capture returned no data
2025-08-31 22:47:59.252 | WARNING  | obscam.core.capture_loop:_capture_worker:168 | {'module': 'capture_loop'} | Frame capture returned no data
2025-08-31 22:47:59.475 | WARNING  | obscam.core.capture_loop:_capture_worker:168 | {'module': 'capture_loop'} | Frame capture returned no data
2025-08-31 22:47:59.698 | WARNING  | obscam.core.capture_loop:_capture_worker:168 | {'module': 'capture_loop'} | Frame capture returned no data
2025-08-31 22:47:59.924 | WARNING  | obscam.core.capture_loop:_capture_worker:168 | {'module': 'capture_loop'} | Frame capture returned no data
2025-08-31 22:48:00.149 | WARNING  | obscam.core.capture_loop:_capture_worker:168 | {'module': 'capture_loop'} | Frame capture returned no data
2025-08-31 22:48:00.373 | WARNING  | obscam.core.capture_loop:_capture_worker:168 | {'module': 'capture_loop'} | Frame capture returned no data
2025-08-31 22:48:00.596 | WARNING  | obscam.core.capture_loop:_capture_worker:168 | {'module': 'capture_loop'} | Frame capture returned no data
2025-08-31 22:48:00.821 | WARNING  | obscam.core.capture_loop:_capture_worker:168 | {'module': 'capture_loop'} | Frame capture returned no data
2025-08-31 22:48:01.043 | WARNING  | obscam.core.capture_loop:_capture_worker:168 | {'module': 'capture_loop'} | Frame capture returned no data
2025-08-31 22:48:01.269 | WARNING  | obscam.core.capture_loop:_capture_worker:168 | {'module': 'capture_loop'} | Frame capture returned no data
2025-08-31 22:48:01.490 | WARNING  | obscam.core.capture_loop:_capture_worker:168 | {'module': 'capture_loop'} | Frame capture returned no data
2025-08-31 22:48:01.715 | WARNING  | obscam.core.capture_loop:_capture_worker:168 | {'module': 'capture_loop'} | Frame capture returned no data
2025-08-31 22:48:01.940 | WARNING  | obscam.core.capture_loop:_capture_worker:168 | {'module': 'capture_loop'} | Frame capture returned no data
2025-08-31 22:48:02.166 | WARNING  | obscam.core.capture_loop:_capture_worker:168 | {'module': 'capture_loop'} | Frame capture returned no data
2025-08-31 22:48:02.391 | WARNING  | obscam.core.capture_loop:_capture_worker:168 | {'module': 'capture_loop'} | Frame capture returned no data
2025-08-31 22:48:02.617 | WARNING  | obscam.core.capture_loop:_capture_worker:168 | {'module': 'capture_loop'} | Frame capture returned no data
2025-08-31 22:48:02.839 | WARNING  | obscam.core.capture_loop:_capture_worker:168 | {'module': 'capture_loop'} | Frame capture returned no data
2025-08-31 22:48:03.063 | WARNING  | obscam.core.capture_loop:_capture_worker:168 | {'module': 'capture_loop'} | Frame capture returned no data
2025-08-31 22:48:03.289 | WARNING  | obscam.core.capture_loop:_capture_worker:168 | {'module': 'capture_loop'} | Frame capture returned no data
2025-08-31 22:48:03.510 | WARNING  | obscam.core.capture_loop:_capture_worker:168 | {'module': 'capture_loop'} | Frame capture returned no data
2025-08-31 22:48:03.736 | WARNING  | obscam.core.capture_loop:_capture_worker:168 | {'module': 'capture_loop'} | Frame capture returned no data
2025-08-31 22:48:03.959 | WARNING  | obscam.core.capture_loop:_capture_worker:168 | {'module': 'capture_loop'} | Frame capture returned no data
2025-08-31 22:48:04.185 | WARNING  | obscam.core.capture_loop:_capture_worker:168 | {'module': 'capture_loop'} | Frame capture returned no data
2025-08-31 22:48:04.410 | WARNING  | obscam.core.capture_loop:_capture_worker:168 | {'module': 'capture_loop'} | Frame capture returned no data
2025-08-31 22:48:04.635 | WARNING  | obscam.core.capture_loop:_capture_worker:168 | {'module': 'capture_loop'} | Frame capture returned no data
2025-08-31 22:48:04.858 | WARNING  | obscam.core.capture_loop:_capture_worker:168 | {'module': 'capture_loop'} | Frame capture returned no data
2025-08-31 22:48:05.082 | WARNING  | obscam.core.capture_loop:_capture_worker:168 | {'module': 'capture_loop'} | Frame capture returned no data
2025-08-31 22:48:05.307 | WARNING  | obscam.core.capture_loop:_capture_worker:168 | {'module': 'capture_loop'} | Frame capture returned no data
2025-08-31 22:48:05.533 | WARNING  | obscam.core.capture_loop:_capture_worker:168 | {'module': 'capture_loop'} | Frame capture returned no data
2025-08-31 22:48:05.754 | WARNING  | obscam.core.capture_loop:_capture_worker:168 | {'module': 'capture_loop'} | Frame capture returned no data
2025-08-31 22:48:05.977 | WARNING  | obscam.core.capture_loop:_capture_worker:168 | {'module': 'capture_loop'} | Frame capture returned no data
2025-08-31 22:48:06.203 | WARNING  | obscam.core.capture_loop:_capture_worker:168 | {'module': 'capture_loop'} | Frame capture returned no data
2025-08-31 22:48:06.429 | WARNING  | obscam.core.capture_loop:_capture_worker:168 | {'module': 'capture_loop'} | Frame capture returned no data
2025-08-31 22:48:06.654 | WARNING  | obscam.core.capture_loop:_capture_worker:168 | {'module': 'capture_loop'} | Frame capture returned no data
2025-08-31 22:48:06.880 | WARNING  | obscam.core.capture_loop:_capture_worker:168 | {'module': 'capture_loop'} | Frame capture returned no data
2025-08-31 22:48:07.106 | WARNING  | obscam.core.capture_loop:_capture_worker:168 | {'module': 'capture_loop'} | Frame capture returned no data
2025-08-31 22:48:07.331 | WARNING  | obscam.core.capture_loop:_capture_worker:168 | {'module': 'capture_loop'} | Frame capture returned no data
2025-08-31 22:48:07.557 | WARNING  | obscam.core.capture_loop:_capture_worker:168 | {'module': 'capture_loop'} | Frame capture returned no data
2025-08-31 22:48:07.782 | WARNING  | obscam.core.capture_loop:_capture_worker:168 | {'module': 'capture_loop'} | Frame capture returned no data
2025-08-31 22:48:08.009 | WARNING  | obscam.core.capture_loop:_capture_worker:168 | {'module': 'capture_loop'} | Frame capture returned no data
2025-08-31 22:48:08.234 | WARNING  | obscam.core.capture_loop:_capture_worker:168 | {'module': 'capture_loop'} | Frame capture returned no data
2025-08-31 22:48:08.460 | WARNING  | obscam.core.capture_loop:_capture_worker:168 | {'module': 'capture_loop'} | Frame capture returned no data
2025-08-31 22:48:08.685 | WARNING  | obscam.core.capture_loop:_capture_worker:168 | {'module': 'capture_loop'} | Frame capture returned no data
2025-08-31 22:48:08.910 | WARNING  | obscam.core.capture_loop:_capture_worker:168 | {'module': 'capture_loop'} | Frame capture returned no data
2025-08-31 22:48:09.136 | WARNING  | obscam.core.capture_loop:_capture_worker:168 | {'module': 'capture_loop'} | Frame capture returned no data
2025-08-31 22:48:09.362 | WARNING  | obscam.core.capture_loop:_capture_worker:168 | {'module': 'capture_loop'} | Frame capture returned no data
2025-08-31 22:48:09.587 | WARNING  | obscam.core.capture_loop:_capture_worker:168 | {'module': 'capture_loop'} | Frame capture returned no data
2025-08-31 22:48:09.812 | WARNING  | obscam.core.capture_loop:_capture_worker:168 | {'module': 'capture_loop'} | Frame capture returned no data
2025-08-31 22:48:10.039 | WARNING  | obscam.core.capture_loop:_capture_worker:168 | {'module': 'capture_loop'} | Frame capture returned no data
2025-08-31 22:48:10.262 | WARNING  | obscam.core.capture_loop:_capture_worker:168 | {'module': 'capture_loop'} | Frame capture returned no data
2025-08-31 22:48:10.488 | WARNING  | obscam.core.capture_loop:_capture_worker:168 | {'module': 'capture_loop'} | Frame capture returned no data
2025-08-31 22:48:10.715 | WARNING  | obscam.core.capture_loop:_capture_worker:168 | {'module': 'capture_loop'} | Frame capture returned no data
2025-08-31 22:48:10.940 | WARNING  | obscam.core.capture_loop:_capture_worker:168 | {'module': 'capture_loop'} | Frame capture returned no data
2025-08-31 22:48:11.161 | WARNING  | obscam.core.capture_loop:_capture_worker:168 | {'module': 'capture_loop'} | Frame capture returned no data
2025-08-31 22:48:11.387 | WARNING  | obscam.core.capture_loop:_capture_worker:168 | {'module': 'capture_loop'} | Frame capture returned no data
2025-08-31 22:48:11.612 | WARNING  | obscam.core.capture_loop:_capture_worker:168 | {'module': 'capture_loop'} | Frame capture returned no data
2025-08-31 22:48:11.837 | WARNING  | obscam.core.capture_loop:_capture_worker:168 | {'module': 'capture_loop'} | Frame capture returned no data
2025-08-31 22:48:12.061 | WARNING  | obscam.core.capture_loop:_capture_worker:168 | {'module': 'capture_loop'} | Frame capture returned no data
2025-08-31 22:48:12.284 | WARNING  | obscam.core.capture_loop:_capture_worker:168 | {'module': 'capture_loop'} | Frame capture returned no data
2025-08-31 22:48:12.510 | WARNING  | obscam.core.capture_loop:_capture_worker:168 | {'module': 'capture_loop'} | Frame capture returned no data
2025-08-31 22:48:12.735 | WARNING  | obscam.core.capture_loop:_capture_worker:168 | {'module': 'capture_loop'} | Frame capture returned no data
2025-08-31 22:48:12.957 | WARNING  | obscam.core.capture_loop:_capture_worker:168 | {'module': 'capture_loop'} | Frame capture returned no data
2025-08-31 22:48:13.183 | WARNING  | obscam.core.capture_loop:_capture_worker:168 | {'module': 'capture_loop'} | Frame capture returned no data
2025-08-31 22:48:13.408 | WARNING  | obscam.core.capture_loop:_capture_worker:168 | {'module': 'capture_loop'} | Frame capture returned no data
2025-08-31 22:48:13.634 | WARNING  | obscam.core.capture_loop:_capture_worker:168 | {'module': 'capture_loop'} | Frame capture returned no data
2025-08-31 22:48:13.856 | WARNING  | obscam.core.capture_loop:_capture_worker:168 | {'module': 'capture_loop'} | Frame capture returned no data
2025-08-31 22:48:14.081 | WARNING  | obscam.core.capture_loop:_capture_worker:168 | {'module': 'capture_loop'} | Frame capture returned no data
2025-08-31 22:48:14.307 | WARNING  | obscam.core.capture_loop:_capture_worker:168 | {'module': 'capture_loop'} | Frame capture returned no data
2025-08-31 22:48:14.532 | WARNING  | obscam.core.capture_loop:_capture_worker:168 | {'module': 'capture_loop'} | Frame capture returned no data
2025-08-31 22:48:14.756 | WARNING  | obscam.core.capture_loop:_capture_worker:168 | {'module': 'capture_loop'} | Frame capture returned no data
2025-08-31 22:48:14.983 | WARNING  | obscam.core.capture_loop:_capture_worker:168 | {'module': 'capture_loop'} | Frame capture returned no data
2025-08-31 22:48:15.207 | WARNING  | obscam.core.capture_loop:_capture_worker:168 | {'module': 'capture_loop'} | Frame capture returned no data
2025-08-31 22:48:15.433 | WARNING  | obscam.core.capture_loop:_capture_worker:168 | {'module': 'capture_loop'} | Frame capture returned no data
2025-08-31 22:48:15.655 | WARNING  | obscam.core.capture_loop:_capture_worker:168 | {'module': 'capture_loop'} | Frame capture returned no data
2025-08-31 22:48:15.880 | WARNING  | obscam.core.capture_loop:_capture_worker:168 | {'module': 'capture_loop'} | Frame capture returned no data
2025-08-31 22:48:16.102 | WARNING  | obscam.core.capture_loop:_capture_worker:168 | {'module': 'capture_loop'} | Frame capture returned no data
2025-08-31 22:48:16.322 | WARNING  | obscam.core.capture_loop:_capture_worker:168 | {'module': 'capture_loop'} | Frame capture returned no data
2025-08-31 22:48:16.548 | WARNING  | obscam.core.capture_loop:_capture_worker:168 | {'module': 'capture_loop'} | Frame capture returned no data
2025-08-31 22:48:16.772 | WARNING  | obscam.core.capture_loop:_capture_worker:168 | {'module': 'capture_loop'} | Frame capture returned no data
2025-08-31 22:48:16.997 | WARNING  | obscam.core.capture_loop:_capture_worker:168 | {'module': 'capture_loop'} | Frame capture returned no data
2025-08-31 22:48:17.223 | WARNING  | obscam.core.capture_loop:_capture_worker:168 | {'module': 'capture_loop'} | Frame capture returned no data
2025-08-31 22:48:17.448 | WARNING  | obscam.core.capture_loop:_capture_worker:168 | {'module': 'capture_loop'} | Frame capture returned no data
2025-08-31 22:48:17.674 | WARNING  | obscam.core.capture_loop:_capture_worker:168 | {'module': 'capture_loop'} | Frame capture returned no data
2025-08-31 22:48:17.897 | WARNING  | obscam.core.capture_loop:_capture_worker:168 | {'module': 'capture_loop'} | Frame capture returned no data
2025-08-31 22:48:18.123 | WARNING  | obscam.core.capture_loop:_capture_worker:168 | {'module': 'capture_loop'} | Frame capture returned no data
2025-08-31 22:48:18.346 | WARNING  | obscam.core.capture_loop:_capture_worker:168 | {'module': 'capture_loop'} | Frame capture returned no data
2025-08-31 22:48:18.572 | WARNING  | obscam.core.capture_loop:_capture_worker:168 | {'module': 'capture_loop'} | Frame capture returned no data
2025-08-31 22:48:18.798 | WARNING  | obscam.core.capture_loop:_capture_worker:168 | {'module': 'capture_loop'} | Frame capture returned no data
2025-08-31 22:48:19.023 | WARNING  | obscam.core.capture_loop:_capture_worker:168 | {'module': 'capture_loop'} | Frame capture returned no data
2025-08-31 22:48:19.248 | WARNING  | obscam.core.capture_loop:_capture_worker:168 | {'module': 'capture_loop'} | Frame capture returned no data
2025-08-31 22:48:19.474 | WARNING  | obscam.core.capture_loop:_capture_worker:168 | {'module': 'capture_loop'} | Frame capture returned no data
2025-08-31 22:48:19.696 | WARNING  | obscam.core.capture_loop:_capture_worker:168 | {'module': 'capture_loop'} | Frame capture returned no data
2025-08-31 22:48:19.920 | WARNING  | obscam.core.capture_loop:_capture_worker:168 | {'module': 'capture_loop'} | Frame capture returned no data
2025-08-31 22:48:20.146 | WARNING  | obscam.core.capture_loop:_capture_worker:168 | {'module': 'capture_loop'} | Frame capture returned no data
2025-08-31 22:48:20.371 | WARNING  | obscam.core.capture_loop:_capture_worker:168 | {'module': 'capture_loop'} | Frame capture returned no data
2025-08-31 22:48:20.596 | WARNING  | obscam.core.capture_loop:_capture_worker:168 | {'module': 'capture_loop'} | Frame capture returned no data
2025-08-31 22:48:20.823 | WARNING  | obscam.core.capture_loop:_capture_worker:168 | {'module': 'capture_loop'} | Frame capture returned no data
2025-08-31 22:48:21.047 | WARNING  | obscam.core.capture_loop:_capture_worker:168 | {'module': 'capture_loop'} | Frame capture returned no data
2025-08-31 22:48:21.273 | WARNING  | obscam.core.capture_loop:_capture_worker:168 | {'module': 'capture_loop'} | Frame capture returned no data
2025-08-31 22:48:21.498 | WARNING  | obscam.core.capture_loop:_capture_worker:168 | {'module': 'capture_loop'} | Frame capture returned no data
2025-08-31 22:48:21.722 | WARNING  | obscam.core.capture_loop:_capture_worker:168 | {'module': 'capture_loop'} | Frame capture returned no data
2025-08-31 22:48:21.947 | WARNING  | obscam.core.capture_loop:_capture_worker:168 | {'module': 'capture_loop'} | Frame capture returned no data
2025-08-31 22:48:22.173 | WARNING  | obscam.core.capture_loop:_capture_worker:168 | {'module': 'capture_loop'} | Frame capture returned no data
2025-08-31 22:48:22.398 | WARNING  | obscam.core.capture_loop:_capture_worker:168 | {'module': 'capture_loop'} | Frame capture returned no data
2025-08-31 22:48:22.624 | WARNING  | obscam.core.capture_loop:_capture_worker:168 | {'module': 'capture_loop'} | Frame capture returned no data
2025-08-31 22:48:22.847 | WARNING  | obscam.core.capture_loop:_capture_worker:168 | {'module': 'capture_loop'} | Frame capture returned no data
2025-08-31 22:48:23.071 | WARNING  | obscam.core.capture_loop:_capture_worker:168 | {'module': 'capture_loop'} | Frame capture returned no data
2025-08-31 22:48:23.297 | WARNING  | obscam.core.capture_loop:_capture_worker:168 | {'module': 'capture_loop'} | Frame capture returned no data
2025-08-31 22:48:23.522 | WARNING  | obscam.core.capture_loop:_capture_worker:168 | {'module': 'capture_loop'} | Frame capture returned no data
2025-08-31 22:48:23.747 | WARNING  | obscam.core.capture_loop:_capture_worker:168 | {'module': 'capture_loop'} | Frame capture returned no data
2025-08-31 22:48:23.973 | WARNING  | obscam.core.capture_loop:_capture_worker:168 | {'module': 'capture_loop'} | Frame capture returned no data
2025-08-31 22:48:24.194 | WARNING  | obscam.core.capture_loop:_capture_worker:168 | {'module': 'capture_loop'} | Frame capture returned no data
2025-08-31 22:48:24.420 | WARNING  | obscam.core.capture_loop:_capture_worker:168 | {'module': 'capture_loop'} | Frame capture returned no data
2025-08-31 22:48:24.646 | WARNING  | obscam.core.capture_loop:_capture_worker:168 | {'module': 'capture_loop'} | Frame capture returned no data
2025-08-31 22:48:24.871 | WARNING  | obscam.core.capture_loop:_capture_worker:168 | {'module': 'capture_loop'} | Frame capture returned no data
2025-08-31 22:48:25.097 | WARNING  | obscam.core.capture_loop:_capture_worker:168 | {'module': 'capture_loop'} | Frame capture returned no data
2025-08-31 22:48:25.322 | WARNING  | obscam.core.capture_loop:_capture_worker:168 | {'module': 'capture_loop'} | Frame capture returned no data
2025-08-31 22:48:25.546 | WARNING  | obscam.core.capture_loop:_capture_worker:168 | {'module': 'capture_loop'} | Frame capture returned no data
2025-08-31 22:48:25.772 | WARNING  | obscam.core.capture_loop:_capture_worker:168 | {'module': 'capture_loop'} | Frame capture returned no data
2025-08-31 22:48:25.996 | WARNING  | obscam.core.capture_loop:_capture_worker:168 | {'module': 'capture_loop'} | Frame capture returned no data
2025-08-31 22:48:26.223 | WARNING  | obscam.core.capture_loop:_capture_worker:168 | {'module': 'capture_loop'} | Frame capture returned no data
2025-08-31 22:48:26.445 | WARNING  | obscam.core.capture_loop:_capture_worker:168 | {'module': 'capture_loop'} | Frame capture returned no data
2025-08-31 22:48:26.670 | WARNING  | obscam.core.capture_loop:_capture_worker:168 | {'module': 'capture_loop'} | Frame capture returned no data
2025-08-31 22:48:26.895 | WARNING  | obscam.core.capture_loop:_capture_worker:168 | {'module': 'capture_loop'} | Frame capture returned no data
2025-08-31 22:48:27.121 | WARNING  | obscam.core.capture_loop:_capture_worker:168 | {'module': 'capture_loop'} | Frame capture returned no data
2025-08-31 22:48:27.346 | WARNING  | obscam.core.capture_loop:_capture_worker:168 | {'module': 'capture_loop'} | Frame capture returned no data
2025-08-31 22:48:27.570 | WARNING  | obscam.core.capture_loop:_capture_worker:168 | {'module': 'capture_loop'} | Frame capture returned no data
2025-08-31 22:48:27.795 | WARNING  | obscam.core.capture_loop:_capture_worker:168 | {'module': 'capture_loop'} | Frame capture returned no data
2025-08-31 22:48:28.018 | WARNING  | obscam.core.capture_loop:_capture_worker:168 | {'module': 'capture_loop'} | Frame capture returned no data
2025-08-31 22:48:28.243 | WARNING  | obscam.core.capture_loop:_capture_worker:168 | {'module': 'capture_loop'} | Frame capture returned no data
2025-08-31 22:48:28.469 | WARNING  | obscam.core.capture_loop:_capture_worker:168 | {'module': 'capture_loop'} | Frame capture returned no data
2025-08-31 22:48:28.690 | WARNING  | obscam.core.capture_loop:_capture_worker:168 | {'module': 'capture_loop'} | Frame capture returned no data
2025-08-31 22:48:28.916 | WARNING  | obscam.core.capture_loop:_capture_worker:168 | {'module': 'capture_loop'} | Frame capture returned no data
2025-08-31 22:48:29.142 | WARNING  | obscam.core.capture_loop:_capture_worker:168 | {'module': 'capture_loop'} | Frame capture returned no data
2025-08-31 22:48:29.367 | WARNING  | obscam.core.capture_loop:_capture_worker:168 | {'module': 'capture_loop'} | Frame capture returned no data
2025-08-31 22:48:29.367 | INFO     | obscam.common.logging_config:log_performance:99 | {'function': 'continuous_capture', 'duration_ms': 0.0, 'frames_captured': 0, 'error_count': 0, 'fps': 0.0} | Performance metric
2025-08-31 22:48:29.593 | WARNING  | obscam.core.capture_loop:_capture_worker:168 | {'module': 'capture_loop'} | Frame capture returned no data
2025-08-31 22:48:29.818 | WARNING  | obscam.core.capture_loop:_capture_worker:168 | {'module': 'capture_loop'} | Frame capture returned no data
2025-08-31 22:48:30.042 | WARNING  | obscam.core.capture_loop:_capture_worker:168 | {'module': 'capture_loop'} | Frame capture returned no data
2025-08-31 22:48:30.269 | WARNING  | obscam.core.capture_loop:_capture_worker:168 | {'module': 'capture_loop'} | Frame capture returned no data
2025-08-31 22:48:30.494 | WARNING  | obscam.core.capture_loop:_capture_worker:168 | {'module': 'capture_loop'} | Frame capture returned no data
2025-08-31 22:48:30.720 | WARNING  | obscam.core.capture_loop:_capture_worker:168 | {'module': 'capture_loop'} | Frame capture returned no data
2025-08-31 22:48:30.945 | WARNING  | obscam.core.capture_loop:_capture_worker:168 | {'module': 'capture_loop'} | Frame capture returned no data
2025-08-31 22:48:31.170 | WARNING  | obscam.core.capture_loop:_capture_worker:168 | {'module': 'capture_loop'} | Frame capture returned no data
2025-08-31 22:48:31.396 | WARNING  | obscam.core.capture_loop:_capture_worker:168 | {'module': 'capture_loop'} | Frame capture returned no data
2025-08-31 22:48:31.621 | WARNING  | obscam.core.capture_loop:_capture_worker:168 | {'module': 'capture_loop'} | Frame capture returned no data
2025-08-31 22:48:31.847 | WARNING  | obscam.core.capture_loop:_capture_worker:168 | {'module': 'capture_loop'} | Frame capture returned no data
2025-08-31 22:48:32.067 | WARNING  | obscam.core.capture_loop:_capture_worker:168 | {'module': 'capture_loop'} | Frame capture returned no data
2025-08-31 22:48:32.293 | WARNING  | obscam.core.capture_loop:_capture_worker:168 | {'module': 'capture_loop'} | Frame capture returned no data
2025-08-31 22:48:32.519 | WARNING  | obscam.core.capture_loop:_capture_worker:168 | {'module': 'capture_loop'} | Frame capture returned no data
2025-08-31 22:48:32.741 | WARNING  | obscam.core.capture_loop:_capture_worker:168 | {'module': 'capture_loop'} | Frame capture returned no data
2025-08-31 22:48:32.967 | WARNING  | obscam.core.capture_loop:_capture_worker:168 | {'module': 'capture_loop'} | Frame capture returned no data
2025-08-31 22:48:33.192 | WARNING  | obscam.core.capture_loop:_capture_worker:168 | {'module': 'capture_loop'} | Frame capture returned no data
2025-08-31 22:48:33.417 | WARNING  | obscam.core.capture_loop:_capture_worker:168 | {'module': 'capture_loop'} | Frame capture returned no data
2025-08-31 22:48:33.639 | WARNING  | obscam.core.capture_loop:_capture_worker:168 | {'module': 'capture_loop'} | Frame capture returned no data
2025-08-31 22:48:33.864 | WARNING  | obscam.core.capture_loop:_capture_worker:168 | {'module': 'capture_loop'} | Frame capture returned no data
2025-08-31 22:48:34.090 | WARNING  | obscam.core.capture_loop:_capture_worker:168 | {'module': 'capture_loop'} | Frame capture returned no data
2025-08-31 22:48:34.315 | WARNING  | obscam.core.capture_loop:_capture_worker:168 | {'module': 'capture_loop'} | Frame capture returned no data
2025-08-31 22:48:34.539 | WARNING  | obscam.core.capture_loop:_capture_worker:168 | {'module': 'capture_loop'} | Frame capture returned no data
2025-08-31 22:48:34.764 | WARNING  | obscam.core.capture_loop:_capture_worker:168 | {'module': 'capture_loop'} | Frame capture returned no data
2025-08-31 22:48:34.987 | WARNING  | obscam.core.capture_loop:_capture_worker:168 | {'module': 'capture_loop'} | Frame capture returned no data
2025-08-31 22:48:35.214 | WARNING  | obscam.core.capture_loop:_capture_worker:168 | {'module': 'capture_loop'} | Frame capture returned no data
2025-08-31 22:48:35.440 | WARNING  | obscam.core.capture_loop:_capture_worker:168 | {'module': 'capture_loop'} | Frame capture returned no data
2025-08-31 22:48:35.664 | WARNING  | obscam.core.capture_loop:_capture_worker:168 | {'module': 'capture_loop'} | Frame capture returned no data
2025-08-31 22:48:35.889 | WARNING  | obscam.core.capture_loop:_capture_worker:168 | {'module': 'capture_loop'} | Frame capture returned no data
2025-08-31 22:48:36.115 | WARNING  | obscam.core.capture_loop:_capture_worker:168 | {'module': 'capture_loop'} | Frame capture returned no data
2025-08-31 22:48:36.340 | WARNING  | obscam.core.capture_loop:_capture_worker:168 | {'module': 'capture_loop'} | Frame capture returned no data
2025-08-31 22:48:36.566 | WARNING  | obscam.core.capture_loop:_capture_worker:168 | {'module': 'capture_loop'} | Frame capture returned no data
2025-08-31 22:48:36.789 | WARNING  | obscam.core.capture_loop:_capture_worker:168 | {'module': 'capture_loop'} | Frame capture returned no data
2025-08-31 22:48:37.015 | WARNING  | obscam.core.capture_loop:_capture_worker:168 | {'module': 'capture_loop'} | Frame capture returned no data
2025-08-31 22:48:37.238 | WARNING  | obscam.core.capture_loop:_capture_worker:168 | {'module': 'capture_loop'} | Frame capture returned no data
2025-08-31 22:48:37.463 | WARNING  | obscam.core.capture_loop:_capture_worker:168 | {'module': 'capture_loop'} | Frame capture returned no data
2025-08-31 22:48:37.687 | WARNING  | obscam.core.capture_loop:_capture_worker:168 | {'module': 'capture_loop'} | Frame capture returned no data
2025-08-31 22:48:37.913 | WARNING  | obscam.core.capture_loop:_capture_worker:168 | {'module': 'capture_loop'} | Frame capture returned no data
2025-08-31 22:48:38.135 | WARNING  | obscam.core.capture_loop:_capture_worker:168 | {'module': 'capture_loop'} | Frame capture returned no data
2025-08-31 22:48:38.356 | WARNING  | obscam.core.capture_loop:_capture_worker:168 | {'module': 'capture_loop'} | Frame capture returned no data
2025-08-31 22:48:38.579 | WARNING  | obscam.core.capture_loop:_capture_worker:168 | {'module': 'capture_loop'} | Frame capture returned no data
2025-08-31 22:48:38.805 | WARNING  | obscam.core.capture_loop:_capture_worker:168 | {'module': 'capture_loop'} | Frame capture returned no data
2025-08-31 22:48:39.030 | WARNING  | obscam.core.capture_loop:_capture_worker:168 | {'module': 'capture_loop'} | Frame capture returned no data
2025-08-31 22:48:39.253 | WARNING  | obscam.core.capture_loop:_capture_worker:168 | {'module': 'capture_loop'} | Frame capture returned no data
2025-08-31 22:48:39.478 | WARNING  | obscam.core.capture_loop:_capture_worker:168 | {'module': 'capture_loop'} | Frame capture returned no data
2025-08-31 22:48:39.703 | WARNING  | obscam.core.capture_loop:_capture_worker:168 | {'module': 'capture_loop'} | Frame capture returned no data
2025-08-31 22:48:39.929 | WARNING  | obscam.core.capture_loop:_capture_worker:168 | {'module': 'capture_loop'} | Frame capture returned no data
2025-08-31 22:48:40.154 | WARNING  | obscam.core.capture_loop:_capture_worker:168 | {'module': 'capture_loop'} | Frame capture returned no data
2025-08-31 22:48:40.379 | WARNING  | obscam.core.capture_loop:_capture_worker:168 | {'module': 'capture_loop'} | Frame capture returned no data
2025-08-31 22:48:40.603 | WARNING  | obscam.core.capture_loop:_capture_worker:168 | {'module': 'capture_loop'} | Frame capture returned no data
2025-08-31 22:48:40.830 | WARNING  | obscam.core.capture_loop:_capture_worker:168 | {'module': 'capture_loop'} | Frame capture returned no data
2025-08-31 22:48:41.057 | WARNING  | obscam.core.capture_loop:_capture_worker:168 | {'module': 'capture_loop'} | Frame capture returned no data
2025-08-31 22:48:41.281 | WARNING  | obscam.core.capture_loop:_capture_worker:168 | {'module': 'capture_loop'} | Frame capture returned no data
2025-08-31 22:48:41.506 | WARNING  | obscam.core.capture_loop:_capture_worker:168 | {'module': 'capture_loop'} | Frame capture returned no data
2025-08-31 22:48:41.732 | WARNING  | obscam.core.capture_loop:_capture_worker:168 | {'module': 'capture_loop'} | Frame capture returned no data
2025-08-31 22:48:41.957 | WARNING  | obscam.core.capture_loop:_capture_worker:168 | {'module': 'capture_loop'} | Frame capture returned no data
2025-08-31 22:48:42.183 | WARNING  | obscam.core.capture_loop:_capture_worker:168 | {'module': 'capture_loop'} | Frame capture returned no data
2025-08-31 22:48:42.409 | WARNING  | obscam.core.capture_loop:_capture_worker:168 | {'module': 'capture_loop'} | Frame capture returned no data
2025-08-31 22:48:42.634 | WARNING  | obscam.core.capture_loop:_capture_worker:168 | {'module': 'capture_loop'} | Frame capture returned no data
2025-08-31 22:48:42.856 | WARNING  | obscam.core.capture_loop:_capture_worker:168 | {'module': 'capture_loop'} | Frame capture returned no data
2025-08-31 22:48:43.078 | WARNING  | obscam.core.capture_loop:_capture_worker:168 | {'module': 'capture_loop'} | Frame capture returned no data
2025-08-31 22:48:43.300 | WARNING  | obscam.core.capture_loop:_capture_worker:168 | {'module': 'capture_loop'} | Frame capture returned no data
2025-08-31 22:48:43.525 | WARNING  | obscam.core.capture_loop:_capture_worker:168 | {'module': 'capture_loop'} | Frame capture returned no data
2025-08-31 22:48:43.750 | WARNING  | obscam.core.capture_loop:_capture_worker:168 | {'module': 'capture_loop'} | Frame capture returned no data
2025-08-31 22:48:43.975 | WARNING  | obscam.core.capture_loop:_capture_worker:168 | {'module': 'capture_loop'} | Frame capture returned no data
2025-08-31 22:48:44.200 | WARNING  | obscam.core.capture_loop:_capture_worker:168 | {'module': 'capture_loop'} | Frame capture returned no data
2025-08-31 22:48:44.426 | WARNING  | obscam.core.capture_loop:_capture_worker:168 | {'module': 'capture_loop'} | Frame capture returned no data
2025-08-31 22:48:44.650 | WARNING  | obscam.core.capture_loop:_capture_worker:168 | {'module': 'capture_loop'} | Frame capture returned no data
2025-08-31 22:48:44.876 | WARNING  | obscam.core.capture_loop:_capture_worker:168 | {'module': 'capture_loop'} | Frame capture returned no data
2025-08-31 22:48:45.101 | WARNING  | obscam.core.capture_loop:_capture_worker:168 | {'module': 'capture_loop'} | Frame capture returned no data
2025-08-31 22:48:45.328 | WARNING  | obscam.core.capture_loop:_capture_worker:168 | {'module': 'capture_loop'} | Frame capture returned no data
2025-08-31 22:48:45.551 | WARNING  | obscam.core.capture_loop:_capture_worker:168 | {'module': 'capture_loop'} | Frame capture returned no data
2025-08-31 22:48:45.776 | WARNING  | obscam.core.capture_loop:_capture_worker:168 | {'module': 'capture_loop'} | Frame capture returned no data
2025-08-31 22:48:46.002 | WARNING  | obscam.core.capture_loop:_capture_worker:168 | {'module': 'capture_loop'} | Frame capture returned no data
2025-08-31 22:48:46.227 | WARNING  | obscam.core.capture_loop:_capture_worker:168 | {'module': 'capture_loop'} | Frame capture returned no data
2025-08-31 22:48:46.453 | WARNING  | obscam.core.capture_loop:_capture_worker:168 | {'module': 'capture_loop'} | Frame capture returned no data
2025-08-31 22:48:46.678 | WARNING  | obscam.core.capture_loop:_capture_worker:168 | {'module': 'capture_loop'} | Frame capture returned no data
2025-08-31 22:48:46.903 | WARNING  | obscam.core.capture_loop:_capture_worker:168 | {'module': 'capture_loop'} | Frame capture returned no data
2025-08-31 22:48:47.129 | WARNING  | obscam.core.capture_loop:_capture_worker:168 | {'module': 'capture_loop'} | Frame capture returned no data
2025-08-31 22:48:47.355 | WARNING  | obscam.core.capture_loop:_capture_worker:168 | {'module': 'capture_loop'} | Frame capture returned no data
2025-08-31 22:48:47.582 | WARNING  | obscam.core.capture_loop:_capture_worker:168 | {'module': 'capture_loop'} | Frame capture returned no data
2025-08-31 22:48:47.807 | WARNING  | obscam.core.capture_loop:_capture_worker:168 | {'module': 'capture_loop'} | Frame capture returned no data
2025-08-31 22:48:48.031 | WARNING  | obscam.core.capture_loop:_capture_worker:168 | {'module': 'capture_loop'} | Frame capture returned no data
2025-08-31 22:48:48.255 | WARNING  | obscam.core.capture_loop:_capture_worker:168 | {'module': 'capture_loop'} | Frame capture returned no data
2025-08-31 22:48:48.481 | WARNING  | obscam.core.capture_loop:_capture_worker:168 | {'module': 'capture_loop'} | Frame capture returned no data
2025-08-31 22:48:48.702 | WARNING  | obscam.core.capture_loop:_capture_worker:168 | {'module': 'capture_loop'} | Frame capture returned no data
2025-08-31 22:48:48.928 | WARNING  | obscam.core.capture_loop:_capture_worker:168 | {'module': 'capture_loop'} | Frame capture returned no data
2025-08-31 22:48:49.150 | WARNING  | obscam.core.capture_loop:_capture_worker:168 | {'module': 'capture_loop'} | Frame capture returned no data
2025-08-31 22:48:49.375 | WARNING  | obscam.core.capture_loop:_capture_worker:168 | {'module': 'capture_loop'} | Frame capture returned no data
2025-08-31 22:48:49.600 | WARNING  | obscam.core.capture_loop:_capture_worker:168 | {'module': 'capture_loop'} | Frame capture returned no data
2025-08-31 22:48:49.825 | WARNING  | obscam.core.capture_loop:_capture_worker:168 | {'module': 'capture_loop'} | Frame capture returned no data
2025-08-31 22:48:50.050 | WARNING  | obscam.core.capture_loop:_capture_worker:168 | {'module': 'capture_loop'} | Frame capture returned no data
2025-08-31 22:48:50.276 | WARNING  | obscam.core.capture_loop:_capture_worker:168 | {'module': 'capture_loop'} | Frame capture returned no data
2025-08-31 22:48:50.497 | WARNING  | obscam.core.capture_loop:_capture_worker:168 | {'module': 'capture_loop'} | Frame capture returned no data
2025-08-31 22:48:50.722 | WARNING  | obscam.core.capture_loop:_capture_worker:168 | {'module': 'capture_loop'} | Frame capture returned no data
2025-08-31 22:48:50.948 | WARNING  | obscam.core.capture_loop:_capture_worker:168 | {'module': 'capture_loop'} | Frame capture returned no data
2025-08-31 22:48:51.173 | WARNING  | obscam.core.capture_loop:_capture_worker:168 | {'module': 'capture_loop'} | Frame capture returned no data
2025-08-31 22:48:51.398 | WARNING  | obscam.core.capture_loop:_capture_worker:168 | {'module': 'capture_loop'} | Frame capture returned no data
2025-08-31 22:48:51.624 | WARNING  | obscam.core.capture_loop:_capture_worker:168 | {'module': 'capture_loop'} | Frame capture returned no data
2025-08-31 22:48:51.849 | WARNING  | obscam.core.capture_loop:_capture_worker:168 | {'module': 'capture_loop'} | Frame capture returned no data
2025-08-31 22:48:52.074 | WARNING  | obscam.core.capture_loop:_capture_worker:168 | {'module': 'capture_loop'} | Frame capture returned no data
2025-08-31 22:48:52.301 | WARNING  | obscam.core.capture_loop:_capture_worker:168 | {'module': 'capture_loop'} | Frame capture returned no data
2025-08-31 22:48:52.525 | WARNING  | obscam.core.capture_loop:_capture_worker:168 | {'module': 'capture_loop'} | Frame capture returned no data
2025-08-31 22:48:52.750 | WARNING  | obscam.core.capture_loop:_capture_worker:168 | {'module': 'capture_loop'} | Frame capture returned no data
2025-08-31 22:48:52.974 | WARNING  | obscam.core.capture_loop:_capture_worker:168 | {'module': 'capture_loop'} | Frame capture returned no data
2025-08-31 22:48:53.200 | WARNING  | obscam.core.capture_loop:_capture_worker:168 | {'module': 'capture_loop'} | Frame capture returned no data
2025-08-31 22:48:53.425 | WARNING  | obscam.core.capture_loop:_capture_worker:168 | {'module': 'capture_loop'} | Frame capture returned no data
2025-08-31 22:48:53.650 | WARNING  | obscam.core.capture_loop:_capture_worker:168 | {'module': 'capture_loop'} | Frame capture returned no data
2025-08-31 22:48:53.872 | WARNING  | obscam.core.capture_loop:_capture_worker:168 | {'module': 'capture_loop'} | Frame capture returned no data
2025-08-31 22:48:54.097 | WARNING  | obscam.core.capture_loop:_capture_worker:168 | {'module': 'capture_loop'} | Frame capture returned no data
2025-08-31 22:48:54.323 | WARNING  | obscam.core.capture_loop:_capture_worker:168 | {'module': 'capture_loop'} | Frame capture returned no data
2025-08-31 22:48:54.549 | WARNING  | obscam.core.capture_loop:_capture_worker:168 | {'module': 'capture_loop'} | Frame capture returned no data
2025-08-31 22:48:54.773 | WARNING  | obscam.core.capture_loop:_capture_worker:168 | {'module': 'capture_loop'} | Frame capture returned no data
2025-08-31 22:48:55.002 | WARNING  | obscam.core.capture_loop:_capture_worker:168 | {'module': 'capture_loop'} | Frame capture returned no data
2025-08-31 22:48:55.223 | WARNING  | obscam.core.capture_loop:_capture_worker:168 | {'module': 'capture_loop'} | Frame capture returned no data
2025-08-31 22:48:55.449 | WARNING  | obscam.core.capture_loop:_capture_worker:168 | {'module': 'capture_loop'} | Frame capture returned no data
2025-08-31 22:48:55.673 | WARNING  | obscam.core.capture_loop:_capture_worker:168 | {'module': 'capture_loop'} | Frame capture returned no data
2025-08-31 22:48:55.899 | WARNING  | obscam.core.capture_loop:_capture_worker:168 | {'module': 'capture_loop'} | Frame capture returned no data
2025-08-31 22:48:56.122 | WARNING  | obscam.core.capture_loop:_capture_worker:168 | {'module': 'capture_loop'} | Frame capture returned no data
2025-08-31 22:48:56.347 | WARNING  | obscam.core.capture_loop:_capture_worker:168 | {'module': 'capture_loop'} | Frame capture returned no data
2025-08-31 22:48:56.572 | WARNING  | obscam.core.capture_loop:_capture_worker:168 | {'module': 'capture_loop'} | Frame capture returned no data
2025-08-31 22:48:56.798 | WARNING  | obscam.core.capture_loop:_capture_worker:168 | {'module': 'capture_loop'} | Frame capture returned no data
2025-08-31 22:48:57.020 | WARNING  | obscam.core.capture_loop:_capture_worker:168 | {'module': 'capture_loop'} | Frame capture returned no data
2025-08-31 22:48:57.243 | WARNING  | obscam.core.capture_loop:_capture_worker:168 | {'module': 'capture_loop'} | Frame capture returned no data
2025-08-31 22:48:57.468 | WARNING  | obscam.core.capture_loop:_capture_worker:168 | {'module': 'capture_loop'} | Frame capture returned no data
2025-08-31 22:48:57.689 | WARNING  | obscam.core.capture_loop:_capture_worker:168 | {'module': 'capture_loop'} | Frame capture returned no data
2025-08-31 22:48:57.915 | WARNING  | obscam.core.capture_loop:_capture_worker:168 | {'module': 'capture_loop'} | Frame capture returned no data
2025-08-31 22:48:58.140 | WARNING  | obscam.core.capture_loop:_capture_worker:168 | {'module': 'capture_loop'} | Frame capture returned no data
2025-08-31 22:48:58.362 | WARNING  | obscam.core.capture_loop:_capture_worker:168 | {'module': 'capture_loop'} | Frame capture returned no data
2025-08-31 22:48:58.587 | WARNING  | obscam.core.capture_loop:_capture_worker:168 | {'module': 'capture_loop'} | Frame capture returned no data
2025-08-31 22:48:58.812 | WARNING  | obscam.core.capture_loop:_capture_worker:168 | {'module': 'capture_loop'} | Frame capture returned no data
2025-08-31 22:48:59.037 | WARNING  | obscam.core.capture_loop:_capture_worker:168 | {'module': 'capture_loop'} | Frame capture returned no data
2025-08-31 22:48:59.262 | WARNING  | obscam.core.capture_loop:_capture_worker:168 | {'module': 'capture_loop'} | Frame capture returned no data
2025-08-31 22:48:59.487 | WARNING  | obscam.core.capture_loop:_capture_worker:168 | {'module': 'capture_loop'} | Frame capture returned no data
2025-08-31 22:48:59.709 | WARNING  | obscam.core.capture_loop:_capture_worker:168 | {'module': 'capture_loop'} | Frame capture returned no data
2025-08-31 22:48:59.934 | WARNING  | obscam.core.capture_loop:_capture_worker:168 | {'module': 'capture_loop'} | Frame capture returned no data
2025-08-31 22:49:00.159 | WARNING  | obscam.core.capture_loop:_capture_worker:168 | {'module': 'capture_loop'} | Frame capture returned no data
2025-08-31 22:49:00.384 | WARNING  | obscam.core.capture_loop:_capture_worker:168 | {'module': 'capture_loop'} | Frame capture returned no data
2025-08-31 22:49:00.606 | WARNING  | obscam.core.capture_loop:_capture_worker:168 | {'module': 'capture_loop'} | Frame capture returned no data
2025-08-31 22:49:00.830 | WARNING  | obscam.core.capture_loop:_capture_worker:168 | {'module': 'capture_loop'} | Frame capture returned no data
2025-08-31 22:49:01.055 | WARNING  | obscam.core.capture_loop:_capture_worker:168 | {'module': 'capture_loop'} | Frame capture returned no data
2025-08-31 22:49:01.280 | WARNING  | obscam.core.capture_loop:_capture_worker:168 | {'module': 'capture_loop'} | Frame capture returned no data
2025-08-31 22:49:01.503 | WARNING  | obscam.core.capture_loop:_capture_worker:168 | {'module': 'capture_loop'} | Frame capture returned no data
2025-08-31 22:49:01.729 | WARNING  | obscam.core.capture_loop:_capture_worker:168 | {'module': 'capture_loop'} | Frame capture returned no data
2025-08-31 22:49:01.951 | WARNING  | obscam.core.capture_loop:_capture_worker:168 | {'module': 'capture_loop'} | Frame capture returned no data
2025-08-31 22:49:02.176 | WARNING  | obscam.core.capture_loop:_capture_worker:168 | {'module': 'capture_loop'} | Frame capture returned no data
2025-08-31 22:49:02.401 | WARNING  | obscam.core.capture_loop:_capture_worker:168 | {'module': 'capture_loop'} | Frame capture returned no data
2025-08-31 22:49:02.626 | WARNING  | obscam.core.capture_loop:_capture_worker:168 | {'module': 'capture_loop'} | Frame capture returned no data
2025-08-31 22:49:02.851 | WARNING  | obscam.core.capture_loop:_capture_worker:168 | {'module': 'capture_loop'} | Frame capture returned no data
2025-08-31 22:49:03.075 | WARNING  | obscam.core.capture_loop:_capture_worker:168 | {'module': 'capture_loop'} | Frame capture returned no data
2025-08-31 22:49:03.297 | WARNING  | obscam.core.capture_loop:_capture_worker:168 | {'module': 'capture_loop'} | Frame capture returned no data
2025-08-31 22:49:03.523 | WARNING  | obscam.core.capture_loop:_capture_worker:168 | {'module': 'capture_loop'} | Frame capture returned no data
2025-08-31 22:49:03.744 | WARNING  | obscam.core.capture_loop:_capture_worker:168 | {'module': 'capture_loop'} | Frame capture returned no data
2025-08-31 22:49:03.966 | WARNING  | obscam.core.capture_loop:_capture_worker:168 | {'module': 'capture_loop'} | Frame capture returned no data
2025-08-31 22:49:04.191 | WARNING  | obscam.core.capture_loop:_capture_worker:168 | {'module': 'capture_loop'} | Frame capture returned no data
2025-08-31 22:49:04.416 | WARNING  | obscam.core.capture_loop:_capture_worker:168 | {'module': 'capture_loop'} | Frame capture returned no data
2025-08-31 22:49:04.641 | WARNING  | obscam.core.capture_loop:_capture_worker:168 | {'module': 'capture_loop'} | Frame capture returned no data
2025-08-31 22:49:04.866 | WARNING  | obscam.core.capture_loop:_capture_worker:168 | {'module': 'capture_loop'} | Frame capture returned no data
2025-08-31 22:49:05.091 | WARNING  | obscam.core.capture_loop:_capture_worker:168 | {'module': 'capture_loop'} | Frame capture returned no data
2025-08-31 22:49:05.316 | WARNING  | obscam.core.capture_loop:_capture_worker:168 | {'module': 'capture_loop'} | Frame capture returned no data
2025-08-31 22:49:05.541 | WARNING  | obscam.core.capture_loop:_capture_worker:168 | {'module': 'capture_loop'} | Frame capture returned no data
2025-08-31 22:49:05.766 | WARNING  | obscam.core.capture_loop:_capture_worker:168 | {'module': 'capture_loop'} | Frame capture returned no data
2025-08-31 22:49:05.992 | WARNING  | obscam.core.capture_loop:_capture_worker:168 | {'module': 'capture_loop'} | Frame capture returned no data
2025-08-31 22:49:06.217 | WARNING  | obscam.core.capture_loop:_capture_worker:168 | {'module': 'capture_loop'} | Frame capture returned no data
2025-08-31 22:49:06.442 | WARNING  | obscam.core.capture_loop:_capture_worker:168 | {'module': 'capture_loop'} | Frame capture returned no data
2025-08-31 22:49:06.663 | WARNING  | obscam.core.capture_loop:_capture_worker:168 | {'module': 'capture_loop'} | Frame capture returned no data
2025-08-31 22:49:06.886 | WARNING  | obscam.core.capture_loop:_capture_worker:168 | {'module': 'capture_loop'} | Frame capture returned no data
2025-08-31 22:49:07.106 | WARNING  | obscam.core.capture_loop:_capture_worker:168 | {'module': 'capture_loop'} | Frame capture returned no data
2025-08-31 22:49:07.331 | WARNING  | obscam.core.capture_loop:_capture_worker:168 | {'module': 'capture_loop'} | Frame capture returned no data
2025-08-31 22:49:07.556 | WARNING  | obscam.core.capture_loop:_capture_worker:168 | {'module': 'capture_loop'} | Frame capture returned no data
2025-08-31 22:49:07.781 | WARNING  | obscam.core.capture_loop:_capture_worker:168 | {'module': 'capture_loop'} | Frame capture returned no data
2025-08-31 22:49:08.002 | WARNING  | obscam.core.capture_loop:_capture_worker:168 | {'module': 'capture_loop'} | Frame capture returned no data
2025-08-31 22:49:08.222 | WARNING  | obscam.core.capture_loop:_capture_worker:168 | {'module': 'capture_loop'} | Frame capture returned no data
2025-08-31 22:49:08.444 | WARNING  | obscam.core.capture_loop:_capture_worker:168 | {'module': 'capture_loop'} | Frame capture returned no data
2025-08-31 22:49:08.668 | WARNING  | obscam.core.capture_loop:_capture_worker:168 | {'module': 'capture_loop'} | Frame capture returned no data
2025-08-31 22:49:08.893 | WARNING  | obscam.core.capture_loop:_capture_worker:168 | {'module': 'capture_loop'} | Frame capture returned no data
2025-08-31 22:49:09.118 | WARNING  | obscam.core.capture_loop:_capture_worker:168 | {'module': 'capture_loop'} | Frame capture returned no data
2025-08-31 22:49:09.343 | WARNING  | obscam.core.capture_loop:_capture_worker:168 | {'module': 'capture_loop'} | Frame capture returned no data
2025-08-31 22:49:09.567 | WARNING  | obscam.core.capture_loop:_capture_worker:168 | {'module': 'capture_loop'} | Frame capture returned no data
2025-08-31 22:49:09.789 | WARNING  | obscam.core.capture_loop:_capture_worker:168 | {'module': 'capture_loop'} | Frame capture returned no data
2025-08-31 22:49:10.014 | WARNING  | obscam.core.capture_loop:_capture_worker:168 | {'module': 'capture_loop'} | Frame capture returned no data
2025-08-31 22:49:10.239 | WARNING  | obscam.core.capture_loop:_capture_worker:168 | {'module': 'capture_loop'} | Frame capture returned no data
2025-08-31 22:49:10.464 | WARNING  | obscam.core.capture_loop:_capture_worker:168 | {'module': 'capture_loop'} | Frame capture returned no data
2025-08-31 22:49:10.686 | WARNING  | obscam.core.capture_loop:_capture_worker:168 | {'module': 'capture_loop'} | Frame capture returned no data
2025-08-31 22:49:10.912 | WARNING  | obscam.core.capture_loop:_capture_worker:168 | {'module': 'capture_loop'} | Frame capture returned no data
2025-08-31 22:49:11.137 | WARNING  | obscam.core.capture_loop:_capture_worker:168 | {'module': 'capture_loop'} | Frame capture returned no data
2025-08-31 22:49:11.360 | WARNING  | obscam.core.capture_loop:_capture_worker:168 | {'module': 'capture_loop'} | Frame capture returned no data
2025-08-31 22:49:11.585 | WARNING  | obscam.core.capture_loop:_capture_worker:168 | {'module': 'capture_loop'} | Frame capture returned no data
2025-08-31 22:49:11.810 | WARNING  | obscam.core.capture_loop:_capture_worker:168 | {'module': 'capture_loop'} | Frame capture returned no data
2025-08-31 22:49:12.035 | WARNING  | obscam.core.capture_loop:_capture_worker:168 | {'module': 'capture_loop'} | Frame capture returned no data
2025-08-31 22:49:12.257 | WARNING  | obscam.core.capture_loop:_capture_worker:168 | {'module': 'capture_loop'} | Frame capture returned no data
2025-08-31 22:49:12.482 | WARNING  | obscam.core.capture_loop:_capture_worker:168 | {'module': 'capture_loop'} | Frame capture returned no data
2025-08-31 22:49:12.707 | WARNING  | obscam.core.capture_loop:_capture_worker:168 | {'module': 'capture_loop'} | Frame capture returned no data
2025-08-31 22:49:12.930 | WARNING  | obscam.core.capture_loop:_capture_worker:168 | {'module': 'capture_loop'} | Frame capture returned no data
2025-08-31 22:49:13.155 | WARNING  | obscam.core.capture_loop:_capture_worker:168 | {'module': 'capture_loop'} | Frame capture returned no data
2025-08-31 22:49:13.380 | WARNING  | obscam.core.capture_loop:_capture_worker:168 | {'module': 'capture_loop'} | Frame capture returned no data
2025-08-31 22:49:13.606 | WARNING  | obscam.core.capture_loop:_capture_worker:168 | {'module': 'capture_loop'} | Frame capture returned no data
2025-08-31 22:49:13.831 | WARNING  | obscam.core.capture_loop:_capture_worker:168 | {'module': 'capture_loop'} | Frame capture returned no data
2025-08-31 22:49:14.055 | WARNING  | obscam.core.capture_loop:_capture_worker:168 | {'module': 'capture_loop'} | Frame capture returned no data
2025-08-31 22:49:14.280 | WARNING  | obscam.core.capture_loop:_capture_worker:168 | {'module': 'capture_loop'} | Frame capture returned no data
2025-08-31 22:49:14.505 | WARNING  | obscam.core.capture_loop:_capture_worker:168 | {'module': 'capture_loop'} | Frame capture returned no data
2025-08-31 22:49:14.730 | WARNING  | obscam.core.capture_loop:_capture_worker:168 | {'module': 'capture_loop'} | Frame capture returned no data
2025-08-31 22:49:14.955 | WARNING  | obscam.core.capture_loop:_capture_worker:168 | {'module': 'capture_loop'} | Frame capture returned no data
2025-08-31 22:49:15.180 | WARNING  | obscam.core.capture_loop:_capture_worker:168 | {'module': 'capture_loop'} | Frame capture returned no data
2025-08-31 22:49:15.405 | WARNING  | obscam.core.capture_loop:_capture_worker:168 | {'module': 'capture_loop'} | Frame capture returned no data
2025-08-31 22:49:15.631 | WARNING  | obscam.core.capture_loop:_capture_worker:168 | {'module': 'capture_loop'} | Frame capture returned no data
2025-08-31 22:49:15.854 | WARNING  | obscam.core.capture_loop:_capture_worker:168 | {'module': 'capture_loop'} | Frame capture returned no data
2025-08-31 22:49:16.079 | WARNING  | obscam.core.capture_loop:_capture_worker:168 | {'module': 'capture_loop'} | Frame capture returned no data
2025-08-31 22:49:16.304 | WARNING  | obscam.core.capture_loop:_capture_worker:168 | {'module': 'capture_loop'} | Frame capture returned no data
2025-08-31 22:49:16.527 | WARNING  | obscam.core.capture_loop:_capture_worker:168 | {'module': 'capture_loop'} | Frame capture returned no data
2025-08-31 22:49:16.750 | WARNING  | obscam.core.capture_loop:_capture_worker:168 | {'module': 'capture_loop'} | Frame capture returned no data
2025-08-31 22:49:16.975 | WARNING  | obscam.core.capture_loop:_capture_worker:168 | {'module': 'capture_loop'} | Frame capture returned no data
2025-08-31 22:49:17.199 | WARNING  | obscam.core.capture_loop:_capture_worker:168 | {'module': 'capture_loop'} | Frame capture returned no data
2025-08-31 22:49:17.424 | WARNING  | obscam.core.capture_loop:_capture_worker:168 | {'module': 'capture_loop'} | Frame capture returned no data
2025-08-31 22:49:17.649 | WARNING  | obscam.core.capture_loop:_capture_worker:168 | {'module': 'capture_loop'} | Frame capture returned no data
2025-08-31 22:49:17.874 | WARNING  | obscam.core.capture_loop:_capture_worker:168 | {'module': 'capture_loop'} | Frame capture returned no data
2025-08-31 22:49:18.099 | WARNING  | obscam.core.capture_loop:_capture_worker:168 | {'module': 'capture_loop'} | Frame capture returned no data
2025-08-31 22:49:18.324 | WARNING  | obscam.core.capture_loop:_capture_worker:168 | {'module': 'capture_loop'} | Frame capture returned no data
2025-08-31 22:49:18.550 | WARNING  | obscam.core.capture_loop:_capture_worker:168 | {'module': 'capture_loop'} | Frame capture returned no data
2025-08-31 22:49:18.775 | WARNING  | obscam.core.capture_loop:_capture_worker:168 | {'module': 'capture_loop'} | Frame capture returned no data
2025-08-31 22:49:18.996 | WARNING  | obscam.core.capture_loop:_capture_worker:168 | {'module': 'capture_loop'} | Frame capture returned no data
2025-08-31 22:49:19.221 | WARNING  | obscam.core.capture_loop:_capture_worker:168 | {'module': 'capture_loop'} | Frame capture returned no data
2025-08-31 22:49:19.441 | WARNING  | obscam.core.capture_loop:_capture_worker:168 | {'module': 'capture_loop'} | Frame capture returned no data
2025-08-31 22:49:19.663 | WARNING  | obscam.core.capture_loop:_capture_worker:168 | {'module': 'capture_loop'} | Frame capture returned no data
2025-08-31 22:49:19.884 | WARNING  | obscam.core.capture_loop:_capture_worker:168 | {'module': 'capture_loop'} | Frame capture returned no data
2025-08-31 22:49:20.106 | WARNING  | obscam.core.capture_loop:_capture_worker:168 | {'module': 'capture_loop'} | Frame capture returned no data
2025-08-31 22:49:20.331 | WARNING  | obscam.core.capture_loop:_capture_worker:168 | {'module': 'capture_loop'} | Frame capture returned no data
2025-08-31 22:49:20.556 | WARNING  | obscam.core.capture_loop:_capture_worker:168 | {'module': 'capture_loop'} | Frame capture returned no data
2025-08-31 22:49:20.781 | WARNING  | obscam.core.capture_loop:_capture_worker:168 | {'module': 'capture_loop'} | Frame capture returned no data
2025-08-31 22:49:21.006 | WARNING  | obscam.core.capture_loop:_capture_worker:168 | {'module': 'capture_loop'} | Frame capture returned no data
2025-08-31 22:49:21.231 | WARNING  | obscam.core.capture_loop:_capture_worker:168 | {'module': 'capture_loop'} | Frame capture returned no data
2025-08-31 22:49:21.453 | WARNING  | obscam.core.capture_loop:_capture_worker:168 | {'module': 'capture_loop'} | Frame capture returned no data
2025-08-31 22:49:21.678 | WARNING  | obscam.core.capture_loop:_capture_worker:168 | {'module': 'capture_loop'} | Frame capture returned no data
2025-08-31 22:49:21.904 | WARNING  | obscam.core.capture_loop:_capture_worker:168 | {'module': 'capture_loop'} | Frame capture returned no data
2025-08-31 22:49:22.125 | WARNING  | obscam.core.capture_loop:_capture_worker:168 | {'module': 'capture_loop'} | Frame capture returned no data
2025-08-31 22:49:22.350 | WARNING  | obscam.core.capture_loop:_capture_worker:168 | {'module': 'capture_loop'} | Frame capture returned no data
2025-08-31 22:49:22.572 | WARNING  | obscam.core.capture_loop:_capture_worker:168 | {'module': 'capture_loop'} | Frame capture returned no data
2025-08-31 22:49:22.798 | WARNING  | obscam.core.capture_loop:_capture_worker:168 | {'module': 'capture_loop'} | Frame capture returned no data
2025-08-31 22:49:23.022 | WARNING  | obscam.core.capture_loop:_capture_worker:168 | {'module': 'capture_loop'} | Frame capture returned no data
2025-08-31 22:49:23.244 | WARNING  | obscam.core.capture_loop:_capture_worker:168 | {'module': 'capture_loop'} | Frame capture returned no data
2025-08-31 22:49:23.464 | WARNING  | obscam.core.capture_loop:_capture_worker:168 | {'module': 'capture_loop'} | Frame capture returned no data
2025-08-31 22:49:23.689 | WARNING  | obscam.core.capture_loop:_capture_worker:168 | {'module': 'capture_loop'} | Frame capture returned no data
2025-08-31 22:49:23.914 | WARNING  | obscam.core.capture_loop:_capture_worker:168 | {'module': 'capture_loop'} | Frame capture returned no data
2025-08-31 22:49:24.139 | WARNING  | obscam.core.capture_loop:_capture_worker:168 | {'module': 'capture_loop'} | Frame capture returned no data
2025-08-31 22:49:24.363 | WARNING  | obscam.core.capture_loop:_capture_worker:168 | {'module': 'capture_loop'} | Frame capture returned no data
2025-08-31 22:49:24.588 | WARNING  | obscam.core.capture_loop:_capture_worker:168 | {'module': 'capture_loop'} | Frame capture returned no data
2025-08-31 22:49:24.814 | WARNING  | obscam.core.capture_loop:_capture_worker:168 | {'module': 'capture_loop'} | Frame capture returned no data
2025-08-31 22:49:25.039 | WARNING  | obscam.core.capture_loop:_capture_worker:168 | {'module': 'capture_loop'} | Frame capture returned no data
2025-08-31 22:49:25.259 | WARNING  | obscam.core.capture_loop:_capture_worker:168 | {'module': 'capture_loop'} | Frame capture returned no data
2025-08-31 22:49:25.481 | WARNING  | obscam.core.capture_loop:_capture_worker:168 | {'module': 'capture_loop'} | Frame capture returned no data
2025-08-31 22:49:25.706 | WARNING  | obscam.core.capture_loop:_capture_worker:168 | {'module': 'capture_loop'} | Frame capture returned no data
2025-08-31 22:49:25.927 | WARNING  | obscam.core.capture_loop:_capture_worker:168 | {'module': 'capture_loop'} | Frame capture returned no data
2025-08-31 22:49:26.151 | WARNING  | obscam.core.capture_loop:_capture_worker:168 | {'module': 'capture_loop'} | Frame capture returned no data
2025-08-31 22:49:26.374 | WARNING  | obscam.core.capture_loop:_capture_worker:168 | {'module': 'capture_loop'} | Frame capture returned no data
2025-08-31 22:49:26.595 | WARNING  | obscam.core.capture_loop:_capture_worker:168 | {'module': 'capture_loop'} | Frame capture returned no data
2025-08-31 22:49:26.820 | WARNING  | obscam.core.capture_loop:_capture_worker:168 | {'module': 'capture_loop'} | Frame capture returned no data
2025-08-31 22:49:27.045 | WARNING  | obscam.core.capture_loop:_capture_worker:168 | {'module': 'capture_loop'} | Frame capture returned no data
2025-08-31 22:49:27.270 | WARNING  | obscam.core.capture_loop:_capture_worker:168 | {'module': 'capture_loop'} | Frame capture returned no data
2025-08-31 22:49:27.491 | WARNING  | obscam.core.capture_loop:_capture_worker:168 | {'module': 'capture_loop'} | Frame capture returned no data
2025-08-31 22:49:27.716 | WARNING  | obscam.core.capture_loop:_capture_worker:168 | {'module': 'capture_loop'} | Frame capture returned no data
2025-08-31 22:49:27.939 | WARNING  | obscam.core.capture_loop:_capture_worker:168 | {'module': 'capture_loop'} | Frame capture returned no data
2025-08-31 22:49:28.164 | WARNING  | obscam.core.capture_loop:_capture_worker:168 | {'module': 'capture_loop'} | Frame capture returned no data
2025-08-31 22:49:28.389 | WARNING  | obscam.core.capture_loop:_capture_worker:168 | {'module': 'capture_loop'} | Frame capture returned no data
2025-08-31 22:49:28.614 | WARNING  | obscam.core.capture_loop:_capture_worker:168 | {'module': 'capture_loop'} | Frame capture returned no data
2025-08-31 22:49:28.839 | WARNING  | obscam.core.capture_loop:_capture_worker:168 | {'module': 'capture_loop'} | Frame capture returned no data
2025-08-31 22:49:29.064 | WARNING  | obscam.core.capture_loop:_capture_worker:168 | {'module': 'capture_loop'} | Frame capture returned no data
2025-08-31 22:49:29.285 | WARNING  | obscam.core.capture_loop:_capture_worker:168 | {'module': 'capture_loop'} | Frame capture returned no data
2025-08-31 22:49:29.506 | WARNING  | obscam.core.capture_loop:_capture_worker:168 | {'module': 'capture_loop'} | Frame capture returned no data
2025-08-31 22:49:29.506 | INFO     | obscam.common.logging_config:log_performance:99 | {'function': 'continuous_capture', 'duration_ms': 0.0, 'frames_captured': 0, 'error_count': 0, 'fps': 0.0} | Performance metric
2025-08-31 22:49:29.728 | WARNING  | obscam.core.capture_loop:_capture_worker:168 | {'module': 'capture_loop'} | Frame capture returned no data
2025-08-31 22:49:29.954 | WARNING  | obscam.core.capture_loop:_capture_worker:168 | {'module': 'capture_loop'} | Frame capture returned no data
2025-08-31 22:49:30.179 | WARNING  | obscam.core.capture_loop:_capture_worker:168 | {'module': 'capture_loop'} | Frame capture returned no data
2025-08-31 22:49:30.401 | WARNING  | obscam.core.capture_loop:_capture_worker:168 | {'module': 'capture_loop'} | Frame capture returned no data
2025-08-31 22:49:30.623 | WARNING  | obscam.core.capture_loop:_capture_worker:168 | {'module': 'capture_loop'} | Frame capture returned no data
2025-08-31 22:49:30.845 | WARNING  | obscam.core.capture_loop:_capture_worker:168 | {'module': 'capture_loop'} | Frame capture returned no data
2025-08-31 22:49:31.071 | WARNING  | obscam.core.capture_loop:_capture_worker:168 | {'module': 'capture_loop'} | Frame capture returned no data
2025-08-31 22:49:31.292 | WARNING  | obscam.core.capture_loop:_capture_worker:168 | {'module': 'capture_loop'} | Frame capture returned no data
2025-08-31 22:49:31.518 | WARNING  | obscam.core.capture_loop:_capture_worker:168 | {'module': 'capture_loop'} | Frame capture returned no data
2025-08-31 22:49:31.743 | WARNING  | obscam.core.capture_loop:_capture_worker:168 | {'module': 'capture_loop'} | Frame capture returned no data
2025-08-31 22:49:31.968 | WARNING  | obscam.core.capture_loop:_capture_worker:168 | {'module': 'capture_loop'} | Frame capture returned no data
2025-08-31 22:49:32.191 | WARNING  | obscam.core.capture_loop:_capture_worker:168 | {'module': 'capture_loop'} | Frame capture returned no data
2025-08-31 22:49:32.416 | WARNING  | obscam.core.capture_loop:_capture_worker:168 | {'module': 'capture_loop'} | Frame capture returned no data
2025-08-31 22:49:32.639 | WARNING  | obscam.core.capture_loop:_capture_worker:168 | {'module': 'capture_loop'} | Frame capture returned no data
2025-08-31 22:49:32.863 | WARNING  | obscam.core.capture_loop:_capture_worker:168 | {'module': 'capture_loop'} | Frame capture returned no data
2025-08-31 22:49:33.084 | WARNING  | obscam.core.capture_loop:_capture_worker:168 | {'module': 'capture_loop'} | Frame capture returned no data
2025-08-31 22:49:33.309 | WARNING  | obscam.core.capture_loop:_capture_worker:168 | {'module': 'capture_loop'} | Frame capture returned no data
2025-08-31 22:49:33.534 | WARNING  | obscam.core.capture_loop:_capture_worker:168 | {'module': 'capture_loop'} | Frame capture returned no data
2025-08-31 22:49:33.759 | WARNING  | obscam.core.capture_loop:_capture_worker:168 | {'module': 'capture_loop'} | Frame capture returned no data
2025-08-31 22:49:33.980 | WARNING  | obscam.core.capture_loop:_capture_worker:168 | {'module': 'capture_loop'} | Frame capture returned no data
2025-08-31 22:49:34.205 | WARNING  | obscam.core.capture_loop:_capture_worker:168 | {'module': 'capture_loop'} | Frame capture returned no data
2025-08-31 22:49:34.430 | WARNING  | obscam.core.capture_loop:_capture_worker:168 | {'module': 'capture_loop'} | Frame capture returned no data
2025-08-31 22:49:34.653 | WARNING  | obscam.core.capture_loop:_capture_worker:168 | {'module': 'capture_loop'} | Frame capture returned no data
2025-08-31 22:49:34.878 | WARNING  | obscam.core.capture_loop:_capture_worker:168 | {'module': 'capture_loop'} | Frame capture returned no data
2025-08-31 22:49:35.103 | WARNING  | obscam.core.capture_loop:_capture_worker:168 | {'module': 'capture_loop'} | Frame capture returned no data
2025-08-31 22:49:35.326 | WARNING  | obscam.core.capture_loop:_capture_worker:168 | {'module': 'capture_loop'} | Frame capture returned no data
2025-08-31 22:49:35.551 | WARNING  | obscam.core.capture_loop:_capture_worker:168 | {'module': 'capture_loop'} | Frame capture returned no data
2025-08-31 22:49:35.773 | WARNING  | obscam.core.capture_loop:_capture_worker:168 | {'module': 'capture_loop'} | Frame capture returned no data
2025-08-31 22:49:35.998 | WARNING  | obscam.core.capture_loop:_capture_worker:168 | {'module': 'capture_loop'} | Frame capture returned no data
2025-08-31 22:49:36.222 | WARNING  | obscam.core.capture_loop:_capture_worker:168 | {'module': 'capture_loop'} | Frame capture returned no data
2025-08-31 22:49:36.447 | WARNING  | obscam.core.capture_loop:_capture_worker:168 | {'module': 'capture_loop'} | Frame capture returned no data
2025-08-31 22:49:36.672 | WARNING  | obscam.core.capture_loop:_capture_worker:168 | {'module': 'capture_loop'} | Frame capture returned no data
2025-08-31 22:49:36.898 | WARNING  | obscam.core.capture_loop:_capture_worker:168 | {'module': 'capture_loop'} | Frame capture returned no data
2025-08-31 22:49:37.123 | WARNING  | obscam.core.capture_loop:_capture_worker:168 | {'module': 'capture_loop'} | Frame capture returned no data
2025-08-31 22:49:37.344 | WARNING  | obscam.core.capture_loop:_capture_worker:168 | {'module': 'capture_loop'} | Frame capture returned no data
2025-08-31 22:49:37.567 | WARNING  | obscam.core.capture_loop:_capture_worker:168 | {'module': 'capture_loop'} | Frame capture returned no data
2025-08-31 22:49:37.788 | WARNING  | obscam.core.capture_loop:_capture_worker:168 | {'module': 'capture_loop'} | Frame capture returned no data
2025-08-31 22:49:38.009 | WARNING  | obscam.core.capture_loop:_capture_worker:168 | {'module': 'capture_loop'} | Frame capture returned no data
2025-08-31 22:49:38.234 | WARNING  | obscam.core.capture_loop:_capture_worker:168 | {'module': 'capture_loop'} | Frame capture returned no data
2025-08-31 22:49:38.456 | WARNING  | obscam.core.capture_loop:_capture_worker:168 | {'module': 'capture_loop'} | Frame capture returned no data
2025-08-31 22:49:38.680 | WARNING  | obscam.core.capture_loop:_capture_worker:168 | {'module': 'capture_loop'} | Frame capture returned no data
2025-08-31 22:49:38.903 | WARNING  | obscam.core.capture_loop:_capture_worker:168 | {'module': 'capture_loop'} | Frame capture returned no data
2025-08-31 22:49:39.128 | WARNING  | obscam.core.capture_loop:_capture_worker:168 | {'module': 'capture_loop'} | Frame capture returned no data
2025-08-31 22:49:39.353 | WARNING  | obscam.core.capture_loop:_capture_worker:168 | {'module': 'capture_loop'} | Frame capture returned no data
2025-08-31 22:49:39.578 | WARNING  | obscam.core.capture_loop:_capture_worker:168 | {'module': 'capture_loop'} | Frame capture returned no data
2025-08-31 22:49:39.803 | WARNING  | obscam.core.capture_loop:_capture_worker:168 | {'module': 'capture_loop'} | Frame capture returned no data
2025-08-31 22:49:40.029 | WARNING  | obscam.core.capture_loop:_capture_worker:168 | {'module': 'capture_loop'} | Frame capture returned no data
2025-08-31 22:49:40.254 | WARNING  | obscam.core.capture_loop:_capture_worker:168 | {'module': 'capture_loop'} | Frame capture returned no data
2025-08-31 22:49:40.479 | WARNING  | obscam.core.capture_loop:_capture_worker:168 | {'module': 'capture_loop'} | Frame capture returned no data
2025-08-31 22:49:40.701 | WARNING  | obscam.core.capture_loop:_capture_worker:168 | {'module': 'capture_loop'} | Frame capture returned no data
2025-08-31 22:49:40.922 | WARNING  | obscam.core.capture_loop:_capture_worker:168 | {'module': 'capture_loop'} | Frame capture returned no data
2025-08-31 22:49:41.147 | WARNING  | obscam.core.capture_loop:_capture_worker:168 | {'module': 'capture_loop'} | Frame capture returned no data
2025-08-31 22:49:41.368 | WARNING  | obscam.core.capture_loop:_capture_worker:168 | {'module': 'capture_loop'} | Frame capture returned no data
2025-08-31 22:49:41.591 | WARNING  | obscam.core.capture_loop:_capture_worker:168 | {'module': 'capture_loop'} | Frame capture returned no data
2025-08-31 22:49:41.816 | WARNING  | obscam.core.capture_loop:_capture_worker:168 | {'module': 'capture_loop'} | Frame capture returned no data
2025-08-31 22:49:42.041 | WARNING  | obscam.core.capture_loop:_capture_worker:168 | {'module': 'capture_loop'} | Frame capture returned no data
2025-08-31 22:49:42.266 | WARNING  | obscam.core.capture_loop:_capture_worker:168 | {'module': 'capture_loop'} | Frame capture returned no data
2025-08-31 22:49:42.489 | WARNING  | obscam.core.capture_loop:_capture_worker:168 | {'module': 'capture_loop'} | Frame capture returned no data
2025-08-31 22:49:42.714 | WARNING  | obscam.core.capture_loop:_capture_worker:168 | {'module': 'capture_loop'} | Frame capture returned no data
2025-08-31 22:49:42.939 | WARNING  | obscam.core.capture_loop:_capture_worker:168 | {'module': 'capture_loop'} | Frame capture returned no data
2025-08-31 22:49:43.164 | WARNING  | obscam.core.capture_loop:_capture_worker:168 | {'module': 'capture_loop'} | Frame capture returned no data
2025-08-31 22:49:43.387 | WARNING  | obscam.core.capture_loop:_capture_worker:168 | {'module': 'capture_loop'} | Frame capture returned no data
2025-08-31 22:49:43.612 | WARNING  | obscam.core.capture_loop:_capture_worker:168 | {'module': 'capture_loop'} | Frame capture returned no data
2025-08-31 22:49:43.837 | WARNING  | obscam.core.capture_loop:_capture_worker:168 | {'module': 'capture_loop'} | Frame capture returned no data
2025-08-31 22:49:44.060 | WARNING  | obscam.core.capture_loop:_capture_worker:168 | {'module': 'capture_loop'} | Frame capture returned no data
2025-08-31 22:49:44.285 | WARNING  | obscam.core.capture_loop:_capture_worker:168 | {'module': 'capture_loop'} | Frame capture returned no data
2025-08-31 22:49:44.506 | WARNING  | obscam.core.capture_loop:_capture_worker:168 | {'module': 'capture_loop'} | Frame capture returned no data
2025-08-31 22:49:44.731 | WARNING  | obscam.core.capture_loop:_capture_worker:168 | {'module': 'capture_loop'} | Frame capture returned no data
2025-08-31 22:49:44.952 | WARNING  | obscam.core.capture_loop:_capture_worker:168 | {'module': 'capture_loop'} | Frame capture returned no data
2025-08-31 22:49:45.178 | WARNING  | obscam.core.capture_loop:_capture_worker:168 | {'module': 'capture_loop'} | Frame capture returned no data
2025-08-31 22:49:45.403 | WARNING  | obscam.core.capture_loop:_capture_worker:168 | {'module': 'capture_loop'} | Frame capture returned no data
2025-08-31 22:49:45.628 | WARNING  | obscam.core.capture_loop:_capture_worker:168 | {'module': 'capture_loop'} | Frame capture returned no data
2025-08-31 22:49:45.853 | WARNING  | obscam.core.capture_loop:_capture_worker:168 | {'module': 'capture_loop'} | Frame capture returned no data
2025-08-31 22:49:46.078 | WARNING  | obscam.core.capture_loop:_capture_worker:168 | {'module': 'capture_loop'} | Frame capture returned no data
2025-08-31 22:49:46.304 | WARNING  | obscam.core.capture_loop:_capture_worker:168 | {'module': 'capture_loop'} | Frame capture returned no data
2025-08-31 22:49:46.524 | WARNING  | obscam.core.capture_loop:_capture_worker:168 | {'module': 'capture_loop'} | Frame capture returned no data
2025-08-31 22:49:46.748 | WARNING  | obscam.core.capture_loop:_capture_worker:168 | {'module': 'capture_loop'} | Frame capture returned no data
2025-08-31 22:49:46.973 | WARNING  | obscam.core.capture_loop:_capture_worker:168 | {'module': 'capture_loop'} | Frame capture returned no data
2025-08-31 22:49:47.194 | WARNING  | obscam.core.capture_loop:_capture_worker:168 | {'module': 'capture_loop'} | Frame capture returned no data
2025-08-31 22:49:47.419 | WARNING  | obscam.core.capture_loop:_capture_worker:168 | {'module': 'capture_loop'} | Frame capture returned no data
2025-08-31 22:49:47.644 | WARNING  | obscam.core.capture_loop:_capture_worker:168 | {'module': 'capture_loop'} | Frame capture returned no data
2025-08-31 22:49:47.870 | WARNING  | obscam.core.capture_loop:_capture_worker:168 | {'module': 'capture_loop'} | Frame capture returned no data
2025-08-31 22:49:48.095 | WARNING  | obscam.core.capture_loop:_capture_worker:168 | {'module': 'capture_loop'} | Frame capture returned no data
2025-08-31 22:49:48.320 | WARNING  | obscam.core.capture_loop:_capture_worker:168 | {'module': 'capture_loop'} | Frame capture returned no data
2025-08-31 22:49:48.545 | WARNING  | obscam.core.capture_loop:_capture_worker:168 | {'module': 'capture_loop'} | Frame capture returned no data
2025-08-31 22:49:48.767 | WARNING  | obscam.core.capture_loop:_capture_worker:168 | {'module': 'capture_loop'} | Frame capture returned no data
2025-08-31 22:49:48.988 | WARNING  | obscam.core.capture_loop:_capture_worker:168 | {'module': 'capture_loop'} | Frame capture returned no data
2025-08-31 22:49:49.211 | WARNING  | obscam.core.capture_loop:_capture_worker:168 | {'module': 'capture_loop'} | Frame capture returned no data
2025-08-31 22:49:49.437 | WARNING  | obscam.core.capture_loop:_capture_worker:168 | {'module': 'capture_loop'} | Frame capture returned no data
2025-08-31 22:49:49.657 | WARNING  | obscam.core.capture_loop:_capture_worker:168 | {'module': 'capture_loop'} | Frame capture returned no data
2025-08-31 22:49:49.882 | WARNING  | obscam.core.capture_loop:_capture_worker:168 | {'module': 'capture_loop'} | Frame capture returned no data
2025-08-31 22:49:50.107 | WARNING  | obscam.core.capture_loop:_capture_worker:168 | {'module': 'capture_loop'} | Frame capture returned no data
2025-08-31 22:49:50.333 | WARNING  | obscam.core.capture_loop:_capture_worker:168 | {'module': 'capture_loop'} | Frame capture returned no data
2025-08-31 22:49:50.556 | WARNING  | obscam.core.capture_loop:_capture_worker:168 | {'module': 'capture_loop'} | Frame capture returned no data
2025-08-31 22:49:50.781 | WARNING  | obscam.core.capture_loop:_capture_worker:168 | {'module': 'capture_loop'} | Frame capture returned no data
2025-08-31 22:49:51.006 | WARNING  | obscam.core.capture_loop:_capture_worker:168 | {'module': 'capture_loop'} | Frame capture returned no data
2025-08-31 22:49:51.231 | WARNING  | obscam.core.capture_loop:_capture_worker:168 | {'module': 'capture_loop'} | Frame capture returned no data
2025-08-31 22:49:51.456 | WARNING  | obscam.core.capture_loop:_capture_worker:168 | {'module': 'capture_loop'} | Frame capture returned no data
2025-08-31 22:49:51.681 | WARNING  | obscam.core.capture_loop:_capture_worker:168 | {'module': 'capture_loop'} | Frame capture returned no data
2025-08-31 22:49:51.906 | WARNING  | obscam.core.capture_loop:_capture_worker:168 | {'module': 'capture_loop'} | Frame capture returned no data
2025-08-31 22:49:52.131 | WARNING  | obscam.core.capture_loop:_capture_worker:168 | {'module': 'capture_loop'} | Frame capture returned no data
2025-08-31 22:49:52.356 | WARNING  | obscam.core.capture_loop:_capture_worker:168 | {'module': 'capture_loop'} | Frame capture returned no data
2025-08-31 22:49:52.580 | WARNING  | obscam.core.capture_loop:_capture_worker:168 | {'module': 'capture_loop'} | Frame capture returned no data
2025-08-31 22:49:52.801 | WARNING  | obscam.core.capture_loop:_capture_worker:168 | {'module': 'capture_loop'} | Frame capture returned no data
2025-08-31 22:49:53.025 | WARNING  | obscam.core.capture_loop:_capture_worker:168 | {'module': 'capture_loop'} | Frame capture returned no data
2025-08-31 22:49:53.250 | WARNING  | obscam.core.capture_loop:_capture_worker:168 | {'module': 'capture_loop'} | Frame capture returned no data
2025-08-31 22:49:53.475 | WARNING  | obscam.core.capture_loop:_capture_worker:168 | {'module': 'capture_loop'} | Frame capture returned no data
2025-08-31 22:49:53.700 | WARNING  | obscam.core.capture_loop:_capture_worker:168 | {'module': 'capture_loop'} | Frame capture returned no data
2025-08-31 22:49:53.925 | WARNING  | obscam.core.capture_loop:_capture_worker:168 | {'module': 'capture_loop'} | Frame capture returned no data
2025-08-31 22:49:54.150 | WARNING  | obscam.core.capture_loop:_capture_worker:168 | {'module': 'capture_loop'} | Frame capture returned no data
2025-08-31 22:49:54.371 | WARNING  | obscam.core.capture_loop:_capture_worker:168 | {'module': 'capture_loop'} | Frame capture returned no data
2025-08-31 22:49:54.597 | WARNING  | obscam.core.capture_loop:_capture_worker:168 | {'module': 'capture_loop'} | Frame capture returned no data
2025-08-31 22:49:54.821 | WARNING  | obscam.core.capture_loop:_capture_worker:168 | {'module': 'capture_loop'} | Frame capture returned no data
2025-08-31 22:49:55.046 | WARNING  | obscam.core.capture_loop:_capture_worker:168 | {'module': 'capture_loop'} | Frame capture returned no data
2025-08-31 22:49:55.268 | WARNING  | obscam.core.capture_loop:_capture_worker:168 | {'module': 'capture_loop'} | Frame capture returned no data
2025-08-31 22:49:55.488 | WARNING  | obscam.core.capture_loop:_capture_worker:168 | {'module': 'capture_loop'} | Frame capture returned no data
2025-08-31 22:49:55.714 | WARNING  | obscam.core.capture_loop:_capture_worker:168 | {'module': 'capture_loop'} | Frame capture returned no data
2025-08-31 22:49:55.937 | WARNING  | obscam.core.capture_loop:_capture_worker:168 | {'module': 'capture_loop'} | Frame capture returned no data
2025-08-31 22:49:56.162 | WARNING  | obscam.core.capture_loop:_capture_worker:168 | {'module': 'capture_loop'} | Frame capture returned no data
2025-08-31 22:49:56.385 | WARNING  | obscam.core.capture_loop:_capture_worker:168 | {'module': 'capture_loop'} | Frame capture returned no data
2025-08-31 22:49:56.610 | WARNING  | obscam.core.capture_loop:_capture_worker:168 | {'module': 'capture_loop'} | Frame capture returned no data
2025-08-31 22:49:56.836 | WARNING  | obscam.core.capture_loop:_capture_worker:168 | {'module': 'capture_loop'} | Frame capture returned no data
2025-08-31 22:49:57.061 | WARNING  | obscam.core.capture_loop:_capture_worker:168 | {'module': 'capture_loop'} | Frame capture returned no data
2025-08-31 22:49:57.286 | WARNING  | obscam.core.capture_loop:_capture_worker:168 | {'module': 'capture_loop'} | Frame capture returned no data
2025-08-31 22:49:57.508 | WARNING  | obscam.core.capture_loop:_capture_worker:168 | {'module': 'capture_loop'} | Frame capture returned no data
2025-08-31 22:49:57.733 | WARNING  | obscam.core.capture_loop:_capture_worker:168 | {'module': 'capture_loop'} | Frame capture returned no data
2025-08-31 22:49:57.958 | WARNING  | obscam.core.capture_loop:_capture_worker:168 | {'module': 'capture_loop'} | Frame capture returned no data
2025-08-31 22:49:58.183 | WARNING  | obscam.core.capture_loop:_capture_worker:168 | {'module': 'capture_loop'} | Frame capture returned no data
2025-08-31 22:49:58.406 | WARNING  | obscam.core.capture_loop:_capture_worker:168 | {'module': 'capture_loop'} | Frame capture returned no data
2025-08-31 22:49:58.628 | WARNING  | obscam.core.capture_loop:_capture_worker:168 | {'module': 'capture_loop'} | Frame capture returned no data
2025-08-31 22:49:58.853 | WARNING  | obscam.core.capture_loop:_capture_worker:168 | {'module': 'capture_loop'} | Frame capture returned no data
2025-08-31 22:49:59.078 | WARNING  | obscam.core.capture_loop:_capture_worker:168 | {'module': 'capture_loop'} | Frame capture returned no data
2025-08-31 22:49:59.303 | WARNING  | obscam.core.capture_loop:_capture_worker:168 | {'module': 'capture_loop'} | Frame capture returned no data
2025-08-31 22:49:59.528 | WARNING  | obscam.core.capture_loop:_capture_worker:168 | {'module': 'capture_loop'} | Frame capture returned no data
2025-08-31 22:49:59.753 | WARNING  | obscam.core.capture_loop:_capture_worker:168 | {'module': 'capture_loop'} | Frame capture returned no data
2025-08-31 22:49:59.975 | WARNING  | obscam.core.capture_loop:_capture_worker:168 | {'module': 'capture_loop'} | Frame capture returned no data
2025-08-31 22:50:00.200 | WARNING  | obscam.core.capture_loop:_capture_worker:168 | {'module': 'capture_loop'} | Frame capture returned no data
2025-08-31 22:50:00.425 | WARNING  | obscam.core.capture_loop:_capture_worker:168 | {'module': 'capture_loop'} | Frame capture returned no data
2025-08-31 22:50:00.650 | WARNING  | obscam.core.capture_loop:_capture_worker:168 | {'module': 'capture_loop'} | Frame capture returned no data
2025-08-31 22:50:00.873 | WARNING  | obscam.core.capture_loop:_capture_worker:168 | {'module': 'capture_loop'} | Frame capture returned no data
2025-08-31 22:50:01.098 | WARNING  | obscam.core.capture_loop:_capture_worker:168 | {'module': 'capture_loop'} | Frame capture returned no data
2025-08-31 22:50:01.323 | WARNING  | obscam.core.capture_loop:_capture_worker:168 | {'module': 'capture_loop'} | Frame capture returned no data
2025-08-31 22:50:01.548 | WARNING  | obscam.core.capture_loop:_capture_worker:168 | {'module': 'capture_loop'} | Frame capture returned no data
2025-08-31 22:50:01.773 | WARNING  | obscam.core.capture_loop:_capture_worker:168 | {'module': 'capture_loop'} | Frame capture returned no data
2025-08-31 22:50:01.998 | WARNING  | obscam.core.capture_loop:_capture_worker:168 | {'module': 'capture_loop'} | Frame capture returned no data
2025-08-31 22:50:02.223 | WARNING  | obscam.core.capture_loop:_capture_worker:168 | {'module': 'capture_loop'} | Frame capture returned no data
2025-08-31 22:50:02.448 | WARNING  | obscam.core.capture_loop:_capture_worker:168 | {'module': 'capture_loop'} | Frame capture returned no data
2025-08-31 22:50:02.673 | WARNING  | obscam.core.capture_loop:_capture_worker:168 | {'module': 'capture_loop'} | Frame capture returned no data
2025-08-31 22:50:02.898 | WARNING  | obscam.core.capture_loop:_capture_worker:168 | {'module': 'capture_loop'} | Frame capture returned no data
2025-08-31 22:50:03.123 | WARNING  | obscam.core.capture_loop:_capture_worker:168 | {'module': 'capture_loop'} | Frame capture returned no data
2025-08-31 22:50:03.344 | WARNING  | obscam.core.capture_loop:_capture_worker:168 | {'module': 'capture_loop'} | Frame capture returned no data
2025-08-31 22:50:03.569 | WARNING  | obscam.core.capture_loop:_capture_worker:168 | {'module': 'capture_loop'} | Frame capture returned no data
2025-08-31 22:50:03.789 | WARNING  | obscam.core.capture_loop:_capture_worker:168 | {'module': 'capture_loop'} | Frame capture returned no data
2025-08-31 22:50:04.015 | WARNING  | obscam.core.capture_loop:_capture_worker:168 | {'module': 'capture_loop'} | Frame capture returned no data
2025-08-31 22:50:04.240 | WARNING  | obscam.core.capture_loop:_capture_worker:168 | {'module': 'capture_loop'} | Frame capture returned no data
2025-08-31 22:50:04.465 | WARNING  | obscam.core.capture_loop:_capture_worker:168 | {'module': 'capture_loop'} | Frame capture returned no data
2025-08-31 22:50:04.685 | WARNING  | obscam.core.capture_loop:_capture_worker:168 | {'module': 'capture_loop'} | Frame capture returned no data
2025-08-31 22:50:04.907 | WARNING  | obscam.core.capture_loop:_capture_worker:168 | {'module': 'capture_loop'} | Frame capture returned no data
2025-08-31 22:50:05.128 | WARNING  | obscam.core.capture_loop:_capture_worker:168 | {'module': 'capture_loop'} | Frame capture returned no data
2025-08-31 22:50:05.354 | WARNING  | obscam.core.capture_loop:_capture_worker:168 | {'module': 'capture_loop'} | Frame capture returned no data
2025-08-31 22:50:05.579 | WARNING  | obscam.core.capture_loop:_capture_worker:168 | {'module': 'capture_loop'} | Frame capture returned no data
2025-08-31 22:50:05.804 | WARNING  | obscam.core.capture_loop:_capture_worker:168 | {'module': 'capture_loop'} | Frame capture returned no data
2025-08-31 22:50:06.029 | WARNING  | obscam.core.capture_loop:_capture_worker:168 | {'module': 'capture_loop'} | Frame capture returned no data
2025-08-31 22:50:06.254 | WARNING  | obscam.core.capture_loop:_capture_worker:168 | {'module': 'capture_loop'} | Frame capture returned no data
2025-08-31 22:50:06.479 | WARNING  | obscam.core.capture_loop:_capture_worker:168 | {'module': 'capture_loop'} | Frame capture returned no data
2025-08-31 22:50:06.705 | WARNING  | obscam.core.capture_loop:_capture_worker:168 | {'module': 'capture_loop'} | Frame capture returned no data
2025-08-31 22:50:06.930 | WARNING  | obscam.core.capture_loop:_capture_worker:168 | {'module': 'capture_loop'} | Frame capture returned no data
2025-08-31 22:50:07.155 | WARNING  | obscam.core.capture_loop:_capture_worker:168 | {'module': 'capture_loop'} | Frame capture returned no data
2025-08-31 22:50:07.378 | WARNING  | obscam.core.capture_loop:_capture_worker:168 | {'module': 'capture_loop'} | Frame capture returned no data
2025-08-31 22:50:07.604 | WARNING  | obscam.core.capture_loop:_capture_worker:168 | {'module': 'capture_loop'} | Frame capture returned no data
2025-08-31 22:50:07.829 | WARNING  | obscam.core.capture_loop:_capture_worker:168 | {'module': 'capture_loop'} | Frame capture returned no data
2025-08-31 22:50:08.054 | WARNING  | obscam.core.capture_loop:_capture_worker:168 | {'module': 'capture_loop'} | Frame capture returned no data
2025-08-31 22:50:08.279 | WARNING  | obscam.core.capture_loop:_capture_worker:168 | {'module': 'capture_loop'} | Frame capture returned no data
2025-08-31 22:50:08.502 | WARNING  | obscam.core.capture_loop:_capture_worker:168 | {'module': 'capture_loop'} | Frame capture returned no data
2025-08-31 22:50:08.728 | WARNING  | obscam.core.capture_loop:_capture_worker:168 | {'module': 'capture_loop'} | Frame capture returned no data
2025-08-31 22:50:08.953 | WARNING  | obscam.core.capture_loop:_capture_worker:168 | {'module': 'capture_loop'} | Frame capture returned no data
2025-08-31 22:50:09.178 | WARNING  | obscam.core.capture_loop:_capture_worker:168 | {'module': 'capture_loop'} | Frame capture returned no data
2025-08-31 22:50:09.403 | WARNING  | obscam.core.capture_loop:_capture_worker:168 | {'module': 'capture_loop'} | Frame capture returned no data
2025-08-31 22:50:09.628 | WARNING  | obscam.core.capture_loop:_capture_worker:168 | {'module': 'capture_loop'} | Frame capture returned no data
2025-08-31 22:50:09.854 | WARNING  | obscam.core.capture_loop:_capture_worker:168 | {'module': 'capture_loop'} | Frame capture returned no data
2025-08-31 22:50:10.076 | WARNING  | obscam.core.capture_loop:_capture_worker:168 | {'module': 'capture_loop'} | Frame capture returned no data
2025-08-31 22:50:10.301 | WARNING  | obscam.core.capture_loop:_capture_worker:168 | {'module': 'capture_loop'} | Frame capture returned no data
2025-08-31 22:50:10.526 | WARNING  | obscam.core.capture_loop:_capture_worker:168 | {'module': 'capture_loop'} | Frame capture returned no data
2025-08-31 22:50:10.747 | WARNING  | obscam.core.capture_loop:_capture_worker:168 | {'module': 'capture_loop'} | Frame capture returned no data
2025-08-31 22:50:10.971 | WARNING  | obscam.core.capture_loop:_capture_worker:168 | {'module': 'capture_loop'} | Frame capture returned no data
2025-08-31 22:50:11.196 | WARNING  | obscam.core.capture_loop:_capture_worker:168 | {'module': 'capture_loop'} | Frame capture returned no data
2025-08-31 22:50:11.421 | WARNING  | obscam.core.capture_loop:_capture_worker:168 | {'module': 'capture_loop'} | Frame capture returned no data
2025-08-31 22:50:11.647 | WARNING  | obscam.core.capture_loop:_capture_worker:168 | {'module': 'capture_loop'} | Frame capture returned no data
2025-08-31 22:50:11.867 | WARNING  | obscam.core.capture_loop:_capture_worker:168 | {'module': 'capture_loop'} | Frame capture returned no data
2025-08-31 22:50:12.092 | WARNING  | obscam.core.capture_loop:_capture_worker:168 | {'module': 'capture_loop'} | Frame capture returned no data
2025-08-31 22:50:12.317 | WARNING  | obscam.core.capture_loop:_capture_worker:168 | {'module': 'capture_loop'} | Frame capture returned no data
2025-08-31 22:50:12.542 | WARNING  | obscam.core.capture_loop:_capture_worker:168 | {'module': 'capture_loop'} | Frame capture returned no data
2025-08-31 22:50:12.767 | WARNING  | obscam.core.capture_loop:_capture_worker:168 | {'module': 'capture_loop'} | Frame capture returned no data
2025-08-31 22:50:12.992 | WARNING  | obscam.core.capture_loop:_capture_worker:168 | {'module': 'capture_loop'} | Frame capture returned no data
2025-08-31 22:50:13.218 | WARNING  | obscam.core.capture_loop:_capture_worker:168 | {'module': 'capture_loop'} | Frame capture returned no data
2025-08-31 22:50:13.442 | WARNING  | obscam.core.capture_loop:_capture_worker:168 | {'module': 'capture_loop'} | Frame capture returned no data
2025-08-31 22:50:13.668 | WARNING  | obscam.core.capture_loop:_capture_worker:168 | {'module': 'capture_loop'} | Frame capture returned no data
2025-08-31 22:50:13.893 | WARNING  | obscam.core.capture_loop:_capture_worker:168 | {'module': 'capture_loop'} | Frame capture returned no data
2025-08-31 22:50:14.115 | WARNING  | obscam.core.capture_loop:_capture_worker:168 | {'module': 'capture_loop'} | Frame capture returned no data
2025-08-31 22:50:14.340 | WARNING  | obscam.core.capture_loop:_capture_worker:168 | {'module': 'capture_loop'} | Frame capture returned no data
2025-08-31 22:50:14.563 | WARNING  | obscam.core.capture_loop:_capture_worker:168 | {'module': 'capture_loop'} | Frame capture returned no data
2025-08-31 22:50:14.788 | WARNING  | obscam.core.capture_loop:_capture_worker:168 | {'module': 'capture_loop'} | Frame capture returned no data
2025-08-31 22:50:15.013 | WARNING  | obscam.core.capture_loop:_capture_worker:168 | {'module': 'capture_loop'} | Frame capture returned no data
2025-08-31 22:50:15.238 | WARNING  | obscam.core.capture_loop:_capture_worker:168 | {'module': 'capture_loop'} | Frame capture returned no data
2025-08-31 22:50:15.463 | WARNING  | obscam.core.capture_loop:_capture_worker:168 | {'module': 'capture_loop'} | Frame capture returned no data
2025-08-31 22:50:15.688 | WARNING  | obscam.core.capture_loop:_capture_worker:168 | {'module': 'capture_loop'} | Frame capture returned no data
2025-08-31 22:50:15.914 | WARNING  | obscam.core.capture_loop:_capture_worker:168 | {'module': 'capture_loop'} | Frame capture returned no data
2025-08-31 22:50:16.139 | WARNING  | obscam.core.capture_loop:_capture_worker:168 | {'module': 'capture_loop'} | Frame capture returned no data
2025-08-31 22:50:16.364 | WARNING  | obscam.core.capture_loop:_capture_worker:168 | {'module': 'capture_loop'} | Frame capture returned no data
2025-08-31 22:50:16.589 | WARNING  | obscam.core.capture_loop:_capture_worker:168 | {'module': 'capture_loop'} | Frame capture returned no data
2025-08-31 22:50:16.810 | WARNING  | obscam.core.capture_loop:_capture_worker:168 | {'module': 'capture_loop'} | Frame capture returned no data
2025-08-31 22:50:17.035 | WARNING  | obscam.core.capture_loop:_capture_worker:168 | {'module': 'capture_loop'} | Frame capture returned no data
2025-08-31 22:50:17.260 | WARNING  | obscam.core.capture_loop:_capture_worker:168 | {'module': 'capture_loop'} | Frame capture returned no data
2025-08-31 22:50:17.481 | WARNING  | obscam.core.capture_loop:_capture_worker:168 | {'module': 'capture_loop'} | Frame capture returned no data
2025-08-31 22:50:17.702 | WARNING  | obscam.core.capture_loop:_capture_worker:168 | {'module': 'capture_loop'} | Frame capture returned no data
2025-08-31 22:50:17.927 | WARNING  | obscam.core.capture_loop:_capture_worker:168 | {'module': 'capture_loop'} | Frame capture returned no data
2025-08-31 22:50:18.152 | WARNING  | obscam.core.capture_loop:_capture_worker:168 | {'module': 'capture_loop'} | Frame capture returned no data
2025-08-31 22:50:18.377 | WARNING  | obscam.core.capture_loop:_capture_worker:168 | {'module': 'capture_loop'} | Frame capture returned no data
2025-08-31 22:50:18.599 | WARNING  | obscam.core.capture_loop:_capture_worker:168 | {'module': 'capture_loop'} | Frame capture returned no data
2025-08-31 22:50:18.824 | WARNING  | obscam.core.capture_loop:_capture_worker:168 | {'module': 'capture_loop'} | Frame capture returned no data
2025-08-31 22:50:19.049 | WARNING  | obscam.core.capture_loop:_capture_worker:168 | {'module': 'capture_loop'} | Frame capture returned no data
2025-08-31 22:50:19.274 | WARNING  | obscam.core.capture_loop:_capture_worker:168 | {'module': 'capture_loop'} | Frame capture returned no data
2025-08-31 22:50:19.499 | WARNING  | obscam.core.capture_loop:_capture_worker:168 | {'module': 'capture_loop'} | Frame capture returned no data
2025-08-31 22:50:19.721 | WARNING  | obscam.core.capture_loop:_capture_worker:168 | {'module': 'capture_loop'} | Frame capture returned no data
2025-08-31 22:50:19.942 | WARNING  | obscam.core.capture_loop:_capture_worker:168 | {'module': 'capture_loop'} | Frame capture returned no data
2025-08-31 22:50:20.166 | WARNING  | obscam.core.capture_loop:_capture_worker:168 | {'module': 'capture_loop'} | Frame capture returned no data
2025-08-31 22:50:20.389 | WARNING  | obscam.core.capture_loop:_capture_worker:168 | {'module': 'capture_loop'} | Frame capture returned no data
2025-08-31 22:50:20.614 | WARNING  | obscam.core.capture_loop:_capture_worker:168 | {'module': 'capture_loop'} | Frame capture returned no data
2025-08-31 22:50:20.839 | WARNING  | obscam.core.capture_loop:_capture_worker:168 | {'module': 'capture_loop'} | Frame capture returned no data
2025-08-31 22:50:21.064 | WARNING  | obscam.core.capture_loop:_capture_worker:168 | {'module': 'capture_loop'} | Frame capture returned no data
2025-08-31 22:50:21.289 | WARNING  | obscam.core.capture_loop:_capture_worker:168 | {'module': 'capture_loop'} | Frame capture returned no data
2025-08-31 22:50:21.514 | WARNING  | obscam.core.capture_loop:_capture_worker:168 | {'module': 'capture_loop'} | Frame capture returned no data
2025-08-31 22:50:21.736 | WARNING  | obscam.core.capture_loop:_capture_worker:168 | {'module': 'capture_loop'} | Frame capture returned no data
2025-08-31 22:50:21.960 | WARNING  | obscam.core.capture_loop:_capture_worker:168 | {'module': 'capture_loop'} | Frame capture returned no data
2025-08-31 22:50:22.182 | WARNING  | obscam.core.capture_loop:_capture_worker:168 | {'module': 'capture_loop'} | Frame capture returned no data
2025-08-31 22:50:22.406 | WARNING  | obscam.core.capture_loop:_capture_worker:168 | {'module': 'capture_loop'} | Frame capture returned no data
2025-08-31 22:50:22.631 | WARNING  | obscam.core.capture_loop:_capture_worker:168 | {'module': 'capture_loop'} | Frame capture returned no data
2025-08-31 22:50:22.854 | WARNING  | obscam.core.capture_loop:_capture_worker:168 | {'module': 'capture_loop'} | Frame capture returned no data
2025-08-31 22:50:23.075 | WARNING  | obscam.core.capture_loop:_capture_worker:168 | {'module': 'capture_loop'} | Frame capture returned no data
2025-08-31 22:50:23.300 | WARNING  | obscam.core.capture_loop:_capture_worker:168 | {'module': 'capture_loop'} | Frame capture returned no data
2025-08-31 22:50:23.525 | WARNING  | obscam.core.capture_loop:_capture_worker:168 | {'module': 'capture_loop'} | Frame capture returned no data
2025-08-31 22:50:23.750 | WARNING  | obscam.core.capture_loop:_capture_worker:168 | {'module': 'capture_loop'} | Frame capture returned no data
2025-08-31 22:50:23.973 | WARNING  | obscam.core.capture_loop:_capture_worker:168 | {'module': 'capture_loop'} | Frame capture returned no data
2025-08-31 22:50:24.198 | WARNING  | obscam.core.capture_loop:_capture_worker:168 | {'module': 'capture_loop'} | Frame capture returned no data
2025-08-31 22:50:24.423 | WARNING  | obscam.core.capture_loop:_capture_worker:168 | {'module': 'capture_loop'} | Frame capture returned no data
2025-08-31 22:50:24.648 | WARNING  | obscam.core.capture_loop:_capture_worker:168 | {'module': 'capture_loop'} | Frame capture returned no data
2025-08-31 22:50:24.873 | WARNING  | obscam.core.capture_loop:_capture_worker:168 | {'module': 'capture_loop'} | Frame capture returned no data
2025-08-31 22:50:25.095 | WARNING  | obscam.core.capture_loop:_capture_worker:168 | {'module': 'capture_loop'} | Frame capture returned no data
2025-08-31 22:50:25.320 | WARNING  | obscam.core.capture_loop:_capture_worker:168 | {'module': 'capture_loop'} | Frame capture returned no data
2025-08-31 22:50:25.545 | WARNING  | obscam.core.capture_loop:_capture_worker:168 | {'module': 'capture_loop'} | Frame capture returned no data
2025-08-31 22:50:25.766 | WARNING  | obscam.core.capture_loop:_capture_worker:168 | {'module': 'capture_loop'} | Frame capture returned no data
2025-08-31 22:50:25.991 | WARNING  | obscam.core.capture_loop:_capture_worker:168 | {'module': 'capture_loop'} | Frame capture returned no data
2025-08-31 22:50:26.215 | WARNING  | obscam.core.capture_loop:_capture_worker:168 | {'module': 'capture_loop'} | Frame capture returned no data
2025-08-31 22:50:26.440 | WARNING  | obscam.core.capture_loop:_capture_worker:168 | {'module': 'capture_loop'} | Frame capture returned no data
2025-08-31 22:50:26.665 | WARNING  | obscam.core.capture_loop:_capture_worker:168 | {'module': 'capture_loop'} | Frame capture returned no data
2025-08-31 22:50:26.891 | WARNING  | obscam.core.capture_loop:_capture_worker:168 | {'module': 'capture_loop'} | Frame capture returned no data
2025-08-31 22:50:27.116 | WARNING  | obscam.core.capture_loop:_capture_worker:168 | {'module': 'capture_loop'} | Frame capture returned no data
2025-08-31 22:50:27.341 | WARNING  | obscam.core.capture_loop:_capture_worker:168 | {'module': 'capture_loop'} | Frame capture returned no data
2025-08-31 22:50:27.563 | WARNING  | obscam.core.capture_loop:_capture_worker:168 | {'module': 'capture_loop'} | Frame capture returned no data
2025-08-31 22:50:27.788 | WARNING  | obscam.core.capture_loop:_capture_worker:168 | {'module': 'capture_loop'} | Frame capture returned no data
2025-08-31 22:50:28.012 | WARNING  | obscam.core.capture_loop:_capture_worker:168 | {'module': 'capture_loop'} | Frame capture returned no data
2025-08-31 22:50:28.233 | WARNING  | obscam.core.capture_loop:_capture_worker:168 | {'module': 'capture_loop'} | Frame capture returned no data
2025-08-31 22:50:28.456 | WARNING  | obscam.core.capture_loop:_capture_worker:168 | {'module': 'capture_loop'} | Frame capture returned no data
2025-08-31 22:50:28.681 | WARNING  | obscam.core.capture_loop:_capture_worker:168 | {'module': 'capture_loop'} | Frame capture returned no data
2025-08-31 22:50:28.902 | WARNING  | obscam.core.capture_loop:_capture_worker:168 | {'module': 'capture_loop'} | Frame capture returned no data
2025-08-31 22:50:29.127 | WARNING  | obscam.core.capture_loop:_capture_worker:168 | {'module': 'capture_loop'} | Frame capture returned no data
2025-08-31 22:50:29.352 | WARNING  | obscam.core.capture_loop:_capture_worker:168 | {'module': 'capture_loop'} | Frame capture returned no data
2025-08-31 22:50:29.573 | WARNING  | obscam.core.capture_loop:_capture_worker:168 | {'module': 'capture_loop'} | Frame capture returned no data
2025-08-31 22:50:29.573 | INFO     | obscam.common.logging_config:log_performance:99 | {'function': 'continuous_capture', 'duration_ms': 0.0, 'frames_captured': 0, 'error_count': 0, 'fps': 0.0} | Performance metric
2025-08-31 22:50:29.798 | WARNING  | obscam.core.capture_loop:_capture_worker:168 | {'module': 'capture_loop'} | Frame capture returned no data
2025-08-31 22:50:30.023 | WARNING  | obscam.core.capture_loop:_capture_worker:168 | {'module': 'capture_loop'} | Frame capture returned no data
2025-08-31 22:50:30.248 | WARNING  | obscam.core.capture_loop:_capture_worker:168 | {'module': 'capture_loop'} | Frame capture returned no data
2025-08-31 22:50:30.473 | WARNING  | obscam.core.capture_loop:_capture_worker:168 | {'module': 'capture_loop'} | Frame capture returned no data
2025-08-31 22:50:30.698 | WARNING  | obscam.core.capture_loop:_capture_worker:168 | {'module': 'capture_loop'} | Frame capture returned no data
2025-08-31 22:50:30.923 | WARNING  | obscam.core.capture_loop:_capture_worker:168 | {'module': 'capture_loop'} | Frame capture returned no data
2025-08-31 22:50:31.143 | WARNING  | obscam.core.capture_loop:_capture_worker:168 | {'module': 'capture_loop'} | Frame capture returned no data
2025-08-31 22:50:31.368 | WARNING  | obscam.core.capture_loop:_capture_worker:168 | {'module': 'capture_loop'} | Frame capture returned no data
2025-08-31 22:50:31.594 | WARNING  | obscam.core.capture_loop:_capture_worker:168 | {'module': 'capture_loop'} | Frame capture returned no data
2025-08-31 22:50:31.819 | WARNING  | obscam.core.capture_loop:_capture_worker:168 | {'module': 'capture_loop'} | Frame capture returned no data
2025-08-31 22:50:32.044 | WARNING  | obscam.core.capture_loop:_capture_worker:168 | {'module': 'capture_loop'} | Frame capture returned no data
2025-08-31 22:50:32.269 | WARNING  | obscam.core.capture_loop:_capture_worker:168 | {'module': 'capture_loop'} | Frame capture returned no data
2025-08-31 22:50:32.490 | WARNING  | obscam.core.capture_loop:_capture_worker:168 | {'module': 'capture_loop'} | Frame capture returned no data
2025-08-31 22:50:32.712 | WARNING  | obscam.core.capture_loop:_capture_worker:168 | {'module': 'capture_loop'} | Frame capture returned no data
2025-08-31 22:50:32.937 | WARNING  | obscam.core.capture_loop:_capture_worker:168 | {'module': 'capture_loop'} | Frame capture returned no data
2025-08-31 22:50:33.160 | WARNING  | obscam.core.capture_loop:_capture_worker:168 | {'module': 'capture_loop'} | Frame capture returned no data
2025-08-31 22:50:33.385 | WARNING  | obscam.core.capture_loop:_capture_worker:168 | {'module': 'capture_loop'} | Frame capture returned no data
2025-08-31 22:50:33.606 | WARNING  | obscam.core.capture_loop:_capture_worker:168 | {'module': 'capture_loop'} | Frame capture returned no data
2025-08-31 22:50:33.832 | WARNING  | obscam.core.capture_loop:_capture_worker:168 | {'module': 'capture_loop'} | Frame capture returned no data
2025-08-31 22:50:34.054 | WARNING  | obscam.core.capture_loop:_capture_worker:168 | {'module': 'capture_loop'} | Frame capture returned no data
2025-08-31 22:50:34.279 | WARNING  | obscam.core.capture_loop:_capture_worker:168 | {'module': 'capture_loop'} | Frame capture returned no data
2025-08-31 22:50:34.504 | WARNING  | obscam.core.capture_loop:_capture_worker:168 | {'module': 'capture_loop'} | Frame capture returned no data
2025-08-31 22:50:34.724 | WARNING  | obscam.core.capture_loop:_capture_worker:168 | {'module': 'capture_loop'} | Frame capture returned no data
2025-08-31 22:50:34.945 | WARNING  | obscam.core.capture_loop:_capture_worker:168 | {'module': 'capture_loop'} | Frame capture returned no data
2025-08-31 22:50:35.169 | WARNING  | obscam.core.capture_loop:_capture_worker:168 | {'module': 'capture_loop'} | Frame capture returned no data
2025-08-31 22:50:35.391 | WARNING  | obscam.core.capture_loop:_capture_worker:168 | {'module': 'capture_loop'} | Frame capture returned no data
2025-08-31 22:50:35.616 | WARNING  | obscam.core.capture_loop:_capture_worker:168 | {'module': 'capture_loop'} | Frame capture returned no data
2025-08-31 22:50:35.841 | WARNING  | obscam.core.capture_loop:_capture_worker:168 | {'module': 'capture_loop'} | Frame capture returned no data
2025-08-31 22:50:36.064 | WARNING  | obscam.core.capture_loop:_capture_worker:168 | {'module': 'capture_loop'} | Frame capture returned no data
2025-08-31 22:50:36.285 | WARNING  | obscam.core.capture_loop:_capture_worker:168 | {'module': 'capture_loop'} | Frame capture returned no data
2025-08-31 22:50:36.506 | WARNING  | obscam.core.capture_loop:_capture_worker:168 | {'module': 'capture_loop'} | Frame capture returned no data
2025-08-31 22:50:36.731 | WARNING  | obscam.core.capture_loop:_capture_worker:168 | {'module': 'capture_loop'} | Frame capture returned no data
2025-08-31 22:50:36.957 | WARNING  | obscam.core.capture_loop:_capture_worker:168 | {'module': 'capture_loop'} | Frame capture returned no data
2025-08-31 22:50:37.181 | WARNING  | obscam.core.capture_loop:_capture_worker:168 | {'module': 'capture_loop'} | Frame capture returned no data
2025-08-31 22:50:37.405 | WARNING  | obscam.core.capture_loop:_capture_worker:168 | {'module': 'capture_loop'} | Frame capture returned no data
2025-08-31 22:50:37.630 | WARNING  | obscam.core.capture_loop:_capture_worker:168 | {'module': 'capture_loop'} | Frame capture returned no data
2025-08-31 22:50:37.855 | WARNING  | obscam.core.capture_loop:_capture_worker:168 | {'module': 'capture_loop'} | Frame capture returned no data
2025-08-31 22:50:38.080 | WARNING  | obscam.core.capture_loop:_capture_worker:168 | {'module': 'capture_loop'} | Frame capture returned no data
2025-08-31 22:50:38.306 | WARNING  | obscam.core.capture_loop:_capture_worker:168 | {'module': 'capture_loop'} | Frame capture returned no data
2025-08-31 22:50:38.531 | WARNING  | obscam.core.capture_loop:_capture_worker:168 | {'module': 'capture_loop'} | Frame capture returned no data
2025-08-31 22:50:38.756 | WARNING  | obscam.core.capture_loop:_capture_worker:168 | {'module': 'capture_loop'} | Frame capture returned no data
2025-08-31 22:50:38.980 | WARNING  | obscam.core.capture_loop:_capture_worker:168 | {'module': 'capture_loop'} | Frame capture returned no data
2025-08-31 22:50:39.200 | WARNING  | obscam.core.capture_loop:_capture_worker:168 | {'module': 'capture_loop'} | Frame capture returned no data
2025-08-31 22:50:39.425 | WARNING  | obscam.core.capture_loop:_capture_worker:168 | {'module': 'capture_loop'} | Frame capture returned no data
2025-08-31 22:50:39.647 | WARNING  | obscam.core.capture_loop:_capture_worker:168 | {'module': 'capture_loop'} | Frame capture returned no data
2025-08-31 22:50:39.872 | WARNING  | obscam.core.capture_loop:_capture_worker:168 | {'module': 'capture_loop'} | Frame capture returned no data
2025-08-31 22:50:40.097 | WARNING  | obscam.core.capture_loop:_capture_worker:168 | {'module': 'capture_loop'} | Frame capture returned no data
2025-08-31 22:50:40.322 | WARNING  | obscam.core.capture_loop:_capture_worker:168 | {'module': 'capture_loop'} | Frame capture returned no data
2025-08-31 22:50:40.547 | WARNING  | obscam.core.capture_loop:_capture_worker:168 | {'module': 'capture_loop'} | Frame capture returned no data
2025-08-31 22:50:40.772 | WARNING  | obscam.core.capture_loop:_capture_worker:168 | {'module': 'capture_loop'} | Frame capture returned no data
2025-08-31 22:50:40.996 | WARNING  | obscam.core.capture_loop:_capture_worker:168 | {'module': 'capture_loop'} | Frame capture returned no data
2025-08-31 22:50:41.220 | WARNING  | obscam.core.capture_loop:_capture_worker:168 | {'module': 'capture_loop'} | Frame capture returned no data
2025-08-31 22:50:41.445 | WARNING  | obscam.core.capture_loop:_capture_worker:168 | {'module': 'capture_loop'} | Frame capture returned no data
2025-08-31 22:50:41.670 | WARNING  | obscam.core.capture_loop:_capture_worker:168 | {'module': 'capture_loop'} | Frame capture returned no data
2025-08-31 22:50:41.895 | WARNING  | obscam.core.capture_loop:_capture_worker:168 | {'module': 'capture_loop'} | Frame capture returned no data
2025-08-31 22:50:42.119 | WARNING  | obscam.core.capture_loop:_capture_worker:168 | {'module': 'capture_loop'} | Frame capture returned no data
2025-08-31 22:50:42.342 | WARNING  | obscam.core.capture_loop:_capture_worker:168 | {'module': 'capture_loop'} | Frame capture returned no data
2025-08-31 22:50:42.568 | WARNING  | obscam.core.capture_loop:_capture_worker:168 | {'module': 'capture_loop'} | Frame capture returned no data
2025-08-31 22:50:42.793 | WARNING  | obscam.core.capture_loop:_capture_worker:168 | {'module': 'capture_loop'} | Frame capture returned no data
2025-08-31 22:50:43.014 | WARNING  | obscam.core.capture_loop:_capture_worker:168 | {'module': 'capture_loop'} | Frame capture returned no data
2025-08-31 22:50:43.239 | WARNING  | obscam.core.capture_loop:_capture_worker:168 | {'module': 'capture_loop'} | Frame capture returned no data
2025-08-31 22:50:43.464 | WARNING  | obscam.core.capture_loop:_capture_worker:168 | {'module': 'capture_loop'} | Frame capture returned no data
2025-08-31 22:50:43.690 | WARNING  | obscam.core.capture_loop:_capture_worker:168 | {'module': 'capture_loop'} | Frame capture returned no data
2025-08-31 22:50:43.915 | WARNING  | obscam.core.capture_loop:_capture_worker:168 | {'module': 'capture_loop'} | Frame capture returned no data
2025-08-31 22:50:44.140 | WARNING  | obscam.core.capture_loop:_capture_worker:168 | {'module': 'capture_loop'} | Frame capture returned no data
2025-08-31 22:50:44.365 | WARNING  | obscam.core.capture_loop:_capture_worker:168 | {'module': 'capture_loop'} | Frame capture returned no data
2025-08-31 22:50:44.590 | WARNING  | obscam.core.capture_loop:_capture_worker:168 | {'module': 'capture_loop'} | Frame capture returned no data
2025-08-31 22:50:44.815 | WARNING  | obscam.core.capture_loop:_capture_worker:168 | {'module': 'capture_loop'} | Frame capture returned no data
2025-08-31 22:50:45.035 | WARNING  | obscam.core.capture_loop:_capture_worker:168 | {'module': 'capture_loop'} | Frame capture returned no data
2025-08-31 22:50:45.260 | WARNING  | obscam.core.capture_loop:_capture_worker:168 | {'module': 'capture_loop'} | Frame capture returned no data
2025-08-31 22:50:45.486 | WARNING  | obscam.core.capture_loop:_capture_worker:168 | {'module': 'capture_loop'} | Frame capture returned no data
2025-08-31 22:50:45.710 | WARNING  | obscam.core.capture_loop:_capture_worker:168 | {'module': 'capture_loop'} | Frame capture returned no data
2025-08-31 22:50:45.931 | WARNING  | obscam.core.capture_loop:_capture_worker:168 | {'module': 'capture_loop'} | Frame capture returned no data
2025-08-31 22:50:46.156 | WARNING  | obscam.core.capture_loop:_capture_worker:168 | {'module': 'capture_loop'} | Frame capture returned no data
2025-08-31 22:50:46.379 | WARNING  | obscam.core.capture_loop:_capture_worker:168 | {'module': 'capture_loop'} | Frame capture returned no data
2025-08-31 22:50:46.604 | WARNING  | obscam.core.capture_loop:_capture_worker:168 | {'module': 'capture_loop'} | Frame capture returned no data
2025-08-31 22:50:46.828 | WARNING  | obscam.core.capture_loop:_capture_worker:168 | {'module': 'capture_loop'} | Frame capture returned no data
2025-08-31 22:50:47.053 | WARNING  | obscam.core.capture_loop:_capture_worker:168 | {'module': 'capture_loop'} | Frame capture returned no data
2025-08-31 22:50:47.273 | WARNING  | obscam.core.capture_loop:_capture_worker:168 | {'module': 'capture_loop'} | Frame capture returned no data
2025-08-31 22:50:47.498 | WARNING  | obscam.core.capture_loop:_capture_worker:168 | {'module': 'capture_loop'} | Frame capture returned no data
2025-08-31 22:50:47.724 | WARNING  | obscam.core.capture_loop:_capture_worker:168 | {'module': 'capture_loop'} | Frame capture returned no data
2025-08-31 22:50:47.949 | WARNING  | obscam.core.capture_loop:_capture_worker:168 | {'module': 'capture_loop'} | Frame capture returned no data
2025-08-31 22:50:48.173 | WARNING  | obscam.core.capture_loop:_capture_worker:168 | {'module': 'capture_loop'} | Frame capture returned no data
2025-08-31 22:50:48.398 | WARNING  | obscam.core.capture_loop:_capture_worker:168 | {'module': 'capture_loop'} | Frame capture returned no data
2025-08-31 22:50:48.620 | WARNING  | obscam.core.capture_loop:_capture_worker:168 | {'module': 'capture_loop'} | Frame capture returned no data
2025-08-31 22:50:48.844 | WARNING  | obscam.core.capture_loop:_capture_worker:168 | {'module': 'capture_loop'} | Frame capture returned no data
2025-08-31 22:50:49.066 | WARNING  | obscam.core.capture_loop:_capture_worker:168 | {'module': 'capture_loop'} | Frame capture returned no data
2025-08-31 22:50:49.288 | WARNING  | obscam.core.capture_loop:_capture_worker:168 | {'module': 'capture_loop'} | Frame capture returned no data
2025-08-31 22:50:49.513 | WARNING  | obscam.core.capture_loop:_capture_worker:168 | {'module': 'capture_loop'} | Frame capture returned no data
2025-08-31 22:50:49.738 | WARNING  | obscam.core.capture_loop:_capture_worker:168 | {'module': 'capture_loop'} | Frame capture returned no data
2025-08-31 22:50:49.961 | WARNING  | obscam.core.capture_loop:_capture_worker:168 | {'module': 'capture_loop'} | Frame capture returned no data
2025-08-31 22:50:50.187 | WARNING  | obscam.core.capture_loop:_capture_worker:168 | {'module': 'capture_loop'} | Frame capture returned no data
2025-08-31 22:50:50.410 | WARNING  | obscam.core.capture_loop:_capture_worker:168 | {'module': 'capture_loop'} | Frame capture returned no data
2025-08-31 22:50:50.635 | WARNING  | obscam.core.capture_loop:_capture_worker:168 | {'module': 'capture_loop'} | Frame capture returned no data
2025-08-31 22:50:50.860 | WARNING  | obscam.core.capture_loop:_capture_worker:168 | {'module': 'capture_loop'} | Frame capture returned no data
2025-08-31 22:50:51.085 | WARNING  | obscam.core.capture_loop:_capture_worker:168 | {'module': 'capture_loop'} | Frame capture returned no data
2025-08-31 22:50:51.310 | WARNING  | obscam.core.capture_loop:_capture_worker:168 | {'module': 'capture_loop'} | Frame capture returned no data
2025-08-31 22:50:51.535 | WARNING  | obscam.core.capture_loop:_capture_worker:168 | {'module': 'capture_loop'} | Frame capture returned no data
2025-08-31 22:50:51.756 | WARNING  | obscam.core.capture_loop:_capture_worker:168 | {'module': 'capture_loop'} | Frame capture returned no data
2025-08-31 22:50:51.981 | WARNING  | obscam.core.capture_loop:_capture_worker:168 | {'module': 'capture_loop'} | Frame capture returned no data
2025-08-31 22:50:52.202 | WARNING  | obscam.core.capture_loop:_capture_worker:168 | {'module': 'capture_loop'} | Frame capture returned no data
2025-08-31 22:50:52.427 | WARNING  | obscam.core.capture_loop:_capture_worker:168 | {'module': 'capture_loop'} | Frame capture returned no data
2025-08-31 22:50:52.652 | WARNING  | obscam.core.capture_loop:_capture_worker:168 | {'module': 'capture_loop'} | Frame capture returned no data
2025-08-31 22:50:52.877 | WARNING  | obscam.core.capture_loop:_capture_worker:168 | {'module': 'capture_loop'} | Frame capture returned no data
2025-08-31 22:50:53.102 | WARNING  | obscam.core.capture_loop:_capture_worker:168 | {'module': 'capture_loop'} | Frame capture returned no data
2025-08-31 22:50:53.327 | WARNING  | obscam.core.capture_loop:_capture_worker:168 | {'module': 'capture_loop'} | Frame capture returned no data
2025-08-31 22:50:53.553 | WARNING  | obscam.core.capture_loop:_capture_worker:168 | {'module': 'capture_loop'} | Frame capture returned no data
2025-08-31 22:50:53.778 | WARNING  | obscam.core.capture_loop:_capture_worker:168 | {'module': 'capture_loop'} | Frame capture returned no data
2025-08-31 22:50:54.002 | WARNING  | obscam.core.capture_loop:_capture_worker:168 | {'module': 'capture_loop'} | Frame capture returned no data
2025-08-31 22:50:54.227 | WARNING  | obscam.core.capture_loop:_capture_worker:168 | {'module': 'capture_loop'} | Frame capture returned no data
2025-08-31 22:50:54.451 | WARNING  | obscam.core.capture_loop:_capture_worker:168 | {'module': 'capture_loop'} | Frame capture returned no data
2025-08-31 22:50:54.673 | WARNING  | obscam.core.capture_loop:_capture_worker:168 | {'module': 'capture_loop'} | Frame capture returned no data
2025-08-31 22:50:54.896 | WARNING  | obscam.core.capture_loop:_capture_worker:168 | {'module': 'capture_loop'} | Frame capture returned no data
2025-08-31 22:50:55.118 | WARNING  | obscam.core.capture_loop:_capture_worker:168 | {'module': 'capture_loop'} | Frame capture returned no data
2025-08-31 22:50:55.342 | WARNING  | obscam.core.capture_loop:_capture_worker:168 | {'module': 'capture_loop'} | Frame capture returned no data
2025-08-31 22:50:55.567 | WARNING  | obscam.core.capture_loop:_capture_worker:168 | {'module': 'capture_loop'} | Frame capture returned no data
2025-08-31 22:50:55.792 | WARNING  | obscam.core.capture_loop:_capture_worker:168 | {'module': 'capture_loop'} | Frame capture returned no data
2025-08-31 22:50:56.017 | WARNING  | obscam.core.capture_loop:_capture_worker:168 | {'module': 'capture_loop'} | Frame capture returned no data
2025-08-31 22:50:56.242 | WARNING  | obscam.core.capture_loop:_capture_worker:168 | {'module': 'capture_loop'} | Frame capture returned no data
2025-08-31 22:50:56.467 | WARNING  | obscam.core.capture_loop:_capture_worker:168 | {'module': 'capture_loop'} | Frame capture returned no data
2025-08-31 22:50:56.693 | WARNING  | obscam.core.capture_loop:_capture_worker:168 | {'module': 'capture_loop'} | Frame capture returned no data
2025-08-31 22:50:56.917 | WARNING  | obscam.core.capture_loop:_capture_worker:168 | {'module': 'capture_loop'} | Frame capture returned no data
2025-08-31 22:50:57.139 | WARNING  | obscam.core.capture_loop:_capture_worker:168 | {'module': 'capture_loop'} | Frame capture returned no data
2025-08-31 22:50:57.365 | WARNING  | obscam.core.capture_loop:_capture_worker:168 | {'module': 'capture_loop'} | Frame capture returned no data
2025-08-31 22:50:57.590 | WARNING  | obscam.core.capture_loop:_capture_worker:168 | {'module': 'capture_loop'} | Frame capture returned no data
2025-08-31 22:50:57.812 | WARNING  | obscam.core.capture_loop:_capture_worker:168 | {'module': 'capture_loop'} | Frame capture returned no data
2025-08-31 22:50:58.037 | WARNING  | obscam.core.capture_loop:_capture_worker:168 | {'module': 'capture_loop'} | Frame capture returned no data
2025-08-31 22:50:58.262 | WARNING  | obscam.core.capture_loop:_capture_worker:168 | {'module': 'capture_loop'} | Frame capture returned no data
2025-08-31 22:50:58.484 | WARNING  | obscam.core.capture_loop:_capture_worker:168 | {'module': 'capture_loop'} | Frame capture returned no data
2025-08-31 22:50:58.709 | WARNING  | obscam.core.capture_loop:_capture_worker:168 | {'module': 'capture_loop'} | Frame capture returned no data
2025-08-31 22:50:58.934 | WARNING  | obscam.core.capture_loop:_capture_worker:168 | {'module': 'capture_loop'} | Frame capture returned no data
2025-08-31 22:50:59.158 | WARNING  | obscam.core.capture_loop:_capture_worker:168 | {'module': 'capture_loop'} | Frame capture returned no data
2025-08-31 22:50:59.382 | WARNING  | obscam.core.capture_loop:_capture_worker:168 | {'module': 'capture_loop'} | Frame capture returned no data
2025-08-31 22:50:59.608 | WARNING  | obscam.core.capture_loop:_capture_worker:168 | {'module': 'capture_loop'} | Frame capture returned no data
2025-08-31 22:50:59.833 | WARNING  | obscam.core.capture_loop:_capture_worker:168 | {'module': 'capture_loop'} | Frame capture returned no data
2025-08-31 22:51:00.058 | WARNING  | obscam.core.capture_loop:_capture_worker:168 | {'module': 'capture_loop'} | Frame capture returned no data
2025-08-31 22:51:00.283 | WARNING  | obscam.core.capture_loop:_capture_worker:168 | {'module': 'capture_loop'} | Frame capture returned no data
2025-08-31 22:51:00.506 | WARNING  | obscam.core.capture_loop:_capture_worker:168 | {'module': 'capture_loop'} | Frame capture returned no data
2025-08-31 22:51:00.731 | WARNING  | obscam.core.capture_loop:_capture_worker:168 | {'module': 'capture_loop'} | Frame capture returned no data
2025-08-31 22:51:00.953 | WARNING  | obscam.core.capture_loop:_capture_worker:168 | {'module': 'capture_loop'} | Frame capture returned no data
2025-08-31 22:51:01.173 | WARNING  | obscam.core.capture_loop:_capture_worker:168 | {'module': 'capture_loop'} | Frame capture returned no data
2025-08-31 22:51:01.396 | WARNING  | obscam.core.capture_loop:_capture_worker:168 | {'module': 'capture_loop'} | Frame capture returned no data
2025-08-31 22:51:01.618 | WARNING  | obscam.core.capture_loop:_capture_worker:168 | {'module': 'capture_loop'} | Frame capture returned no data
2025-08-31 22:51:01.843 | WARNING  | obscam.core.capture_loop:_capture_worker:168 | {'module': 'capture_loop'} | Frame capture returned no data
2025-08-31 22:51:02.068 | WARNING  | obscam.core.capture_loop:_capture_worker:168 | {'module': 'capture_loop'} | Frame capture returned no data
2025-08-31 22:51:02.289 | WARNING  | obscam.core.capture_loop:_capture_worker:168 | {'module': 'capture_loop'} | Frame capture returned no data
2025-08-31 22:51:02.514 | WARNING  | obscam.core.capture_loop:_capture_worker:168 | {'module': 'capture_loop'} | Frame capture returned no data
2025-08-31 22:51:02.739 | WARNING  | obscam.core.capture_loop:_capture_worker:168 | {'module': 'capture_loop'} | Frame capture returned no data
2025-08-31 22:51:02.962 | WARNING  | obscam.core.capture_loop:_capture_worker:168 | {'module': 'capture_loop'} | Frame capture returned no data
2025-08-31 22:51:03.183 | WARNING  | obscam.core.capture_loop:_capture_worker:168 | {'module': 'capture_loop'} | Frame capture returned no data
2025-08-31 22:51:03.406 | WARNING  | obscam.core.capture_loop:_capture_worker:168 | {'module': 'capture_loop'} | Frame capture returned no data
2025-08-31 22:51:03.631 | WARNING  | obscam.core.capture_loop:_capture_worker:168 | {'module': 'capture_loop'} | Frame capture returned no data
2025-08-31 22:51:03.856 | WARNING  | obscam.core.capture_loop:_capture_worker:168 | {'module': 'capture_loop'} | Frame capture returned no data
2025-08-31 22:51:04.082 | WARNING  | obscam.core.capture_loop:_capture_worker:168 | {'module': 'capture_loop'} | Frame capture returned no data
2025-08-31 22:51:04.307 | WARNING  | obscam.core.capture_loop:_capture_worker:168 | {'module': 'capture_loop'} | Frame capture returned no data
2025-08-31 22:51:04.530 | WARNING  | obscam.core.capture_loop:_capture_worker:168 | {'module': 'capture_loop'} | Frame capture returned no data
2025-08-31 22:51:04.755 | WARNING  | obscam.core.capture_loop:_capture_worker:168 | {'module': 'capture_loop'} | Frame capture returned no data
2025-08-31 22:51:04.980 | WARNING  | obscam.core.capture_loop:_capture_worker:168 | {'module': 'capture_loop'} | Frame capture returned no data
2025-08-31 22:51:05.205 | WARNING  | obscam.core.capture_loop:_capture_worker:168 | {'module': 'capture_loop'} | Frame capture returned no data
2025-08-31 22:51:05.430 | WARNING  | obscam.core.capture_loop:_capture_worker:168 | {'module': 'capture_loop'} | Frame capture returned no data
2025-08-31 22:51:05.655 | WARNING  | obscam.core.capture_loop:_capture_worker:168 | {'module': 'capture_loop'} | Frame capture returned no data
2025-08-31 22:51:05.880 | WARNING  | obscam.core.capture_loop:_capture_worker:168 | {'module': 'capture_loop'} | Frame capture returned no data
2025-08-31 22:51:06.102 | WARNING  | obscam.core.capture_loop:_capture_worker:168 | {'module': 'capture_loop'} | Frame capture returned no data
2025-08-31 22:51:06.323 | WARNING  | obscam.core.capture_loop:_capture_worker:168 | {'module': 'capture_loop'} | Frame capture returned no data
2025-08-31 22:51:06.548 | WARNING  | obscam.core.capture_loop:_capture_worker:168 | {'module': 'capture_loop'} | Frame capture returned no data
2025-08-31 22:51:06.770 | WARNING  | obscam.core.capture_loop:_capture_worker:168 | {'module': 'capture_loop'} | Frame capture returned no data
2025-08-31 22:51:06.995 | WARNING  | obscam.core.capture_loop:_capture_worker:168 | {'module': 'capture_loop'} | Frame capture returned no data
2025-08-31 22:51:07.219 | WARNING  | obscam.core.capture_loop:_capture_worker:168 | {'module': 'capture_loop'} | Frame capture returned no data
2025-08-31 22:51:07.444 | WARNING  | obscam.core.capture_loop:_capture_worker:168 | {'module': 'capture_loop'} | Frame capture returned no data
2025-08-31 22:51:07.669 | WARNING  | obscam.core.capture_loop:_capture_worker:168 | {'module': 'capture_loop'} | Frame capture returned no data
2025-08-31 22:51:07.890 | WARNING  | obscam.core.capture_loop:_capture_worker:168 | {'module': 'capture_loop'} | Frame capture returned no data
2025-08-31 22:51:08.113 | WARNING  | obscam.core.capture_loop:_capture_worker:168 | {'module': 'capture_loop'} | Frame capture returned no data
2025-08-31 22:51:08.338 | WARNING  | obscam.core.capture_loop:_capture_worker:168 | {'module': 'capture_loop'} | Frame capture returned no data
2025-08-31 22:51:08.563 | WARNING  | obscam.core.capture_loop:_capture_worker:168 | {'module': 'capture_loop'} | Frame capture returned no data
2025-08-31 22:51:08.788 | WARNING  | obscam.core.capture_loop:_capture_worker:168 | {'module': 'capture_loop'} | Frame capture returned no data
2025-08-31 22:51:09.014 | WARNING  | obscam.core.capture_loop:_capture_worker:168 | {'module': 'capture_loop'} | Frame capture returned no data
2025-08-31 22:51:09.237 | WARNING  | obscam.core.capture_loop:_capture_worker:168 | {'module': 'capture_loop'} | Frame capture returned no data
2025-08-31 22:51:09.462 | WARNING  | obscam.core.capture_loop:_capture_worker:168 | {'module': 'capture_loop'} | Frame capture returned no data
2025-08-31 22:51:09.686 | WARNING  | obscam.core.capture_loop:_capture_worker:168 | {'module': 'capture_loop'} | Frame capture returned no data
2025-08-31 22:51:09.907 | WARNING  | obscam.core.capture_loop:_capture_worker:168 | {'module': 'capture_loop'} | Frame capture returned no data
2025-08-31 22:51:10.131 | WARNING  | obscam.core.capture_loop:_capture_worker:168 | {'module': 'capture_loop'} | Frame capture returned no data
2025-08-31 22:51:10.356 | WARNING  | obscam.core.capture_loop:_capture_worker:168 | {'module': 'capture_loop'} | Frame capture returned no data
2025-08-31 22:51:10.578 | WARNING  | obscam.core.capture_loop:_capture_worker:168 | {'module': 'capture_loop'} | Frame capture returned no data
2025-08-31 22:51:10.804 | WARNING  | obscam.core.capture_loop:_capture_worker:168 | {'module': 'capture_loop'} | Frame capture returned no data
2025-08-31 22:51:11.029 | WARNING  | obscam.core.capture_loop:_capture_worker:168 | {'module': 'capture_loop'} | Frame capture returned no data
2025-08-31 22:51:11.253 | WARNING  | obscam.core.capture_loop:_capture_worker:168 | {'module': 'capture_loop'} | Frame capture returned no data
2025-08-31 22:51:11.478 | WARNING  | obscam.core.capture_loop:_capture_worker:168 | {'module': 'capture_loop'} | Frame capture returned no data
2025-08-31 22:51:11.700 | WARNING  | obscam.core.capture_loop:_capture_worker:168 | {'module': 'capture_loop'} | Frame capture returned no data
2025-08-31 22:51:11.920 | WARNING  | obscam.core.capture_loop:_capture_worker:168 | {'module': 'capture_loop'} | Frame capture returned no data
2025-08-31 22:51:12.148 | WARNING  | obscam.core.capture_loop:_capture_worker:168 | {'module': 'capture_loop'} | Frame capture returned no data
2025-08-31 22:51:12.368 | WARNING  | obscam.core.capture_loop:_capture_worker:168 | {'module': 'capture_loop'} | Frame capture returned no data
2025-08-31 22:51:12.593 | WARNING  | obscam.core.capture_loop:_capture_worker:168 | {'module': 'capture_loop'} | Frame capture returned no data
2025-08-31 22:51:12.817 | WARNING  | obscam.core.capture_loop:_capture_worker:168 | {'module': 'capture_loop'} | Frame capture returned no data
2025-08-31 22:51:13.042 | WARNING  | obscam.core.capture_loop:_capture_worker:168 | {'module': 'capture_loop'} | Frame capture returned no data
2025-08-31 22:51:13.267 | WARNING  | obscam.core.capture_loop:_capture_worker:168 | {'module': 'capture_loop'} | Frame capture returned no data
2025-08-31 22:51:13.492 | WARNING  | obscam.core.capture_loop:_capture_worker:168 | {'module': 'capture_loop'} | Frame capture returned no data
2025-08-31 22:51:13.718 | WARNING  | obscam.core.capture_loop:_capture_worker:168 | {'module': 'capture_loop'} | Frame capture returned no data
2025-08-31 22:51:13.940 | WARNING  | obscam.core.capture_loop:_capture_worker:168 | {'module': 'capture_loop'} | Frame capture returned no data
2025-08-31 22:51:14.164 | WARNING  | obscam.core.capture_loop:_capture_worker:168 | {'module': 'capture_loop'} | Frame capture returned no data
2025-08-31 22:51:14.384 | WARNING  | obscam.core.capture_loop:_capture_worker:168 | {'module': 'capture_loop'} | Frame capture returned no data
2025-08-31 22:51:14.607 | WARNING  | obscam.core.capture_loop:_capture_worker:168 | {'module': 'capture_loop'} | Frame capture returned no data
2025-08-31 22:51:14.830 | WARNING  | obscam.core.capture_loop:_capture_worker:168 | {'module': 'capture_loop'} | Frame capture returned no data
2025-08-31 22:51:15.055 | WARNING  | obscam.core.capture_loop:_capture_worker:168 | {'module': 'capture_loop'} | Frame capture returned no data
2025-08-31 22:51:15.279 | WARNING  | obscam.core.capture_loop:_capture_worker:168 | {'module': 'capture_loop'} | Frame capture returned no data
2025-08-31 22:51:15.499 | WARNING  | obscam.core.capture_loop:_capture_worker:168 | {'module': 'capture_loop'} | Frame capture returned no data
2025-08-31 22:51:15.724 | WARNING  | obscam.core.capture_loop:_capture_worker:168 | {'module': 'capture_loop'} | Frame capture returned no data
2025-08-31 22:51:15.949 | WARNING  | obscam.core.capture_loop:_capture_worker:168 | {'module': 'capture_loop'} | Frame capture returned no data
2025-08-31 22:51:16.175 | WARNING  | obscam.core.capture_loop:_capture_worker:168 | {'module': 'capture_loop'} | Frame capture returned no data
2025-08-31 22:51:16.396 | WARNING  | obscam.core.capture_loop:_capture_worker:168 | {'module': 'capture_loop'} | Frame capture returned no data
2025-08-31 22:51:16.621 | WARNING  | obscam.core.capture_loop:_capture_worker:168 | {'module': 'capture_loop'} | Frame capture returned no data
2025-08-31 22:51:16.847 | WARNING  | obscam.core.capture_loop:_capture_worker:168 | {'module': 'capture_loop'} | Frame capture returned no data
2025-08-31 22:51:17.070 | WARNING  | obscam.core.capture_loop:_capture_worker:168 | {'module': 'capture_loop'} | Frame capture returned no data
2025-08-31 22:51:17.296 | WARNING  | obscam.core.capture_loop:_capture_worker:168 | {'module': 'capture_loop'} | Frame capture returned no data
2025-08-31 22:51:17.517 | WARNING  | obscam.core.capture_loop:_capture_worker:168 | {'module': 'capture_loop'} | Frame capture returned no data
2025-08-31 22:51:17.742 | WARNING  | obscam.core.capture_loop:_capture_worker:168 | {'module': 'capture_loop'} | Frame capture returned no data
2025-08-31 22:51:17.962 | WARNING  | obscam.core.capture_loop:_capture_worker:168 | {'module': 'capture_loop'} | Frame capture returned no data
2025-08-31 22:51:18.187 | WARNING  | obscam.core.capture_loop:_capture_worker:168 | {'module': 'capture_loop'} | Frame capture returned no data
2025-08-31 22:51:18.413 | WARNING  | obscam.core.capture_loop:_capture_worker:168 | {'module': 'capture_loop'} | Frame capture returned no data
2025-08-31 22:51:18.638 | WARNING  | obscam.core.capture_loop:_capture_worker:168 | {'module': 'capture_loop'} | Frame capture returned no data
2025-08-31 22:51:18.863 | WARNING  | obscam.core.capture_loop:_capture_worker:168 | {'module': 'capture_loop'} | Frame capture returned no data
2025-08-31 22:51:19.088 | WARNING  | obscam.core.capture_loop:_capture_worker:168 | {'module': 'capture_loop'} | Frame capture returned no data
2025-08-31 22:51:19.313 | WARNING  | obscam.core.capture_loop:_capture_worker:168 | {'module': 'capture_loop'} | Frame capture returned no data
2025-08-31 22:51:19.538 | WARNING  | obscam.core.capture_loop:_capture_worker:168 | {'module': 'capture_loop'} | Frame capture returned no data
2025-08-31 22:51:19.763 | WARNING  | obscam.core.capture_loop:_capture_worker:168 | {'module': 'capture_loop'} | Frame capture returned no data
2025-08-31 22:51:19.985 | WARNING  | obscam.core.capture_loop:_capture_worker:168 | {'module': 'capture_loop'} | Frame capture returned no data
2025-08-31 22:51:20.211 | WARNING  | obscam.core.capture_loop:_capture_worker:168 | {'module': 'capture_loop'} | Frame capture returned no data
2025-08-31 22:51:20.436 | WARNING  | obscam.core.capture_loop:_capture_worker:168 | {'module': 'capture_loop'} | Frame capture returned no data
2025-08-31 22:51:20.661 | WARNING  | obscam.core.capture_loop:_capture_worker:168 | {'module': 'capture_loop'} | Frame capture returned no data
2025-08-31 22:51:20.886 | WARNING  | obscam.core.capture_loop:_capture_worker:168 | {'module': 'capture_loop'} | Frame capture returned no data
2025-08-31 22:51:21.111 | WARNING  | obscam.core.capture_loop:_capture_worker:168 | {'module': 'capture_loop'} | Frame capture returned no data
2025-08-31 22:51:21.336 | WARNING  | obscam.core.capture_loop:_capture_worker:168 | {'module': 'capture_loop'} | Frame capture returned no data
2025-08-31 22:51:21.561 | WARNING  | obscam.core.capture_loop:_capture_worker:168 | {'module': 'capture_loop'} | Frame capture returned no data
2025-08-31 22:51:21.784 | WARNING  | obscam.core.capture_loop:_capture_worker:168 | {'module': 'capture_loop'} | Frame capture returned no data
2025-08-31 22:51:22.004 | WARNING  | obscam.core.capture_loop:_capture_worker:168 | {'module': 'capture_loop'} | Frame capture returned no data
2025-08-31 22:51:22.228 | WARNING  | obscam.core.capture_loop:_capture_worker:168 | {'module': 'capture_loop'} | Frame capture returned no data
2025-08-31 22:51:22.453 | WARNING  | obscam.core.capture_loop:_capture_worker:168 | {'module': 'capture_loop'} | Frame capture returned no data
2025-08-31 22:51:22.678 | WARNING  | obscam.core.capture_loop:_capture_worker:168 | {'module': 'capture_loop'} | Frame capture returned no data
2025-08-31 22:51:22.903 | WARNING  | obscam.core.capture_loop:_capture_worker:168 | {'module': 'capture_loop'} | Frame capture returned no data
2025-08-31 22:51:23.128 | WARNING  | obscam.core.capture_loop:_capture_worker:168 | {'module': 'capture_loop'} | Frame capture returned no data
2025-08-31 22:51:23.354 | WARNING  | obscam.core.capture_loop:_capture_worker:168 | {'module': 'capture_loop'} | Frame capture returned no data
2025-08-31 22:51:23.579 | WARNING  | obscam.core.capture_loop:_capture_worker:168 | {'module': 'capture_loop'} | Frame capture returned no data
2025-08-31 22:51:23.799 | WARNING  | obscam.core.capture_loop:_capture_worker:168 | {'module': 'capture_loop'} | Frame capture returned no data
2025-08-31 22:51:24.024 | WARNING  | obscam.core.capture_loop:_capture_worker:168 | {'module': 'capture_loop'} | Frame capture returned no data
2025-08-31 22:51:24.249 | WARNING  | obscam.core.capture_loop:_capture_worker:168 | {'module': 'capture_loop'} | Frame capture returned no data
2025-08-31 22:51:24.475 | WARNING  | obscam.core.capture_loop:_capture_worker:168 | {'module': 'capture_loop'} | Frame capture returned no data
2025-08-31 22:51:24.700 | WARNING  | obscam.core.capture_loop:_capture_worker:168 | {'module': 'capture_loop'} | Frame capture returned no data
2025-08-31 22:51:24.920 | WARNING  | obscam.core.capture_loop:_capture_worker:168 | {'module': 'capture_loop'} | Frame capture returned no data
2025-08-31 22:51:25.144 | WARNING  | obscam.core.capture_loop:_capture_worker:168 | {'module': 'capture_loop'} | Frame capture returned no data
2025-08-31 22:51:25.369 | WARNING  | obscam.core.capture_loop:_capture_worker:168 | {'module': 'capture_loop'} | Frame capture returned no data
2025-08-31 22:51:25.590 | WARNING  | obscam.core.capture_loop:_capture_worker:168 | {'module': 'capture_loop'} | Frame capture returned no data
2025-08-31 22:51:25.815 | WARNING  | obscam.core.capture_loop:_capture_worker:168 | {'module': 'capture_loop'} | Frame capture returned no data
2025-08-31 22:51:26.037 | WARNING  | obscam.core.capture_loop:_capture_worker:168 | {'module': 'capture_loop'} | Frame capture returned no data
2025-08-31 22:51:26.261 | WARNING  | obscam.core.capture_loop:_capture_worker:168 | {'module': 'capture_loop'} | Frame capture returned no data
2025-08-31 22:51:26.482 | WARNING  | obscam.core.capture_loop:_capture_worker:168 | {'module': 'capture_loop'} | Frame capture returned no data
2025-08-31 22:51:26.707 | WARNING  | obscam.core.capture_loop:_capture_worker:168 | {'module': 'capture_loop'} | Frame capture returned no data
2025-08-31 22:51:26.932 | WARNING  | obscam.core.capture_loop:_capture_worker:168 | {'module': 'capture_loop'} | Frame capture returned no data
2025-08-31 22:51:27.158 | WARNING  | obscam.core.capture_loop:_capture_worker:168 | {'module': 'capture_loop'} | Frame capture returned no data
2025-08-31 22:51:27.383 | WARNING  | obscam.core.capture_loop:_capture_worker:168 | {'module': 'capture_loop'} | Frame capture returned no data
2025-08-31 22:51:27.608 | WARNING  | obscam.core.capture_loop:_capture_worker:168 | {'module': 'capture_loop'} | Frame capture returned no data
2025-08-31 22:51:27.831 | WARNING  | obscam.core.capture_loop:_capture_worker:168 | {'module': 'capture_loop'} | Frame capture returned no data
2025-08-31 22:51:28.051 | WARNING  | obscam.core.capture_loop:_capture_worker:168 | {'module': 'capture_loop'} | Frame capture returned no data
2025-08-31 22:51:28.276 | WARNING  | obscam.core.capture_loop:_capture_worker:168 | {'module': 'capture_loop'} | Frame capture returned no data
2025-08-31 22:51:28.501 | WARNING  | obscam.core.capture_loop:_capture_worker:168 | {'module': 'capture_loop'} | Frame capture returned no data
2025-08-31 22:51:28.724 | WARNING  | obscam.core.capture_loop:_capture_worker:168 | {'module': 'capture_loop'} | Frame capture returned no data
2025-08-31 22:51:28.949 | WARNING  | obscam.core.capture_loop:_capture_worker:168 | {'module': 'capture_loop'} | Frame capture returned no data
2025-08-31 22:51:29.175 | WARNING  | obscam.core.capture_loop:_capture_worker:168 | {'module': 'capture_loop'} | Frame capture returned no data
2025-08-31 22:51:29.401 | WARNING  | obscam.core.capture_loop:_capture_worker:168 | {'module': 'capture_loop'} | Frame capture returned no data
2025-08-31 22:51:29.632 | WARNING  | obscam.core.capture_loop:_capture_worker:168 | {'module': 'capture_loop'} | Frame capture returned no data
2025-08-31 22:51:29.634 | INFO     | obscam.common.logging_config:log_performance:99 | {'function': 'continuous_capture', 'duration_ms': 0.0, 'frames_captured': 0, 'error_count': 0, 'fps': 0.0} | Performance metric
2025-08-31 22:51:29.858 | WARNING  | obscam.core.capture_loop:_capture_worker:168 | {'module': 'capture_loop'} | Frame capture returned no data
2025-08-31 22:51:30.080 | WARNING  | obscam.core.capture_loop:_capture_worker:168 | {'module': 'capture_loop'} | Frame capture returned no data
2025-08-31 22:51:30.305 | WARNING  | obscam.core.capture_loop:_capture_worker:168 | {'module': 'capture_loop'} | Frame capture returned no data
2025-08-31 22:51:30.527 | WARNING  | obscam.core.capture_loop:_capture_worker:168 | {'module': 'capture_loop'} | Frame capture returned no data
2025-08-31 22:51:30.752 | WARNING  | obscam.core.capture_loop:_capture_worker:168 | {'module': 'capture_loop'} | Frame capture returned no data
2025-08-31 22:51:30.976 | WARNING  | obscam.core.capture_loop:_capture_worker:168 | {'module': 'capture_loop'} | Frame capture returned no data
2025-08-31 22:51:31.200 | WARNING  | obscam.core.capture_loop:_capture_worker:168 | {'module': 'capture_loop'} | Frame capture returned no data
2025-08-31 22:51:31.422 | WARNING  | obscam.core.capture_loop:_capture_worker:168 | {'module': 'capture_loop'} | Frame capture returned no data
2025-08-31 22:51:31.648 | WARNING  | obscam.core.capture_loop:_capture_worker:168 | {'module': 'capture_loop'} | Frame capture returned no data
2025-08-31 22:51:31.874 | WARNING  | obscam.core.capture_loop:_capture_worker:168 | {'module': 'capture_loop'} | Frame capture returned no data
2025-08-31 22:51:32.097 | WARNING  | obscam.core.capture_loop:_capture_worker:168 | {'module': 'capture_loop'} | Frame capture returned no data
2025-08-31 22:51:32.324 | WARNING  | obscam.core.capture_loop:_capture_worker:168 | {'module': 'capture_loop'} | Frame capture returned no data
2025-08-31 22:51:32.551 | WARNING  | obscam.core.capture_loop:_capture_worker:168 | {'module': 'capture_loop'} | Frame capture returned no data
2025-08-31 22:51:32.773 | WARNING  | obscam.core.capture_loop:_capture_worker:168 | {'module': 'capture_loop'} | Frame capture returned no data
2025-08-31 22:51:32.998 | WARNING  | obscam.core.capture_loop:_capture_worker:168 | {'module': 'capture_loop'} | Frame capture returned no data
2025-08-31 22:51:33.223 | WARNING  | obscam.core.capture_loop:_capture_worker:168 | {'module': 'capture_loop'} | Frame capture returned no data
2025-08-31 22:51:33.449 | WARNING  | obscam.core.capture_loop:_capture_worker:168 | {'module': 'capture_loop'} | Frame capture returned no data
2025-08-31 22:51:33.674 | WARNING  | obscam.core.capture_loop:_capture_worker:168 | {'module': 'capture_loop'} | Frame capture returned no data
2025-08-31 22:51:33.896 | WARNING  | obscam.core.capture_loop:_capture_worker:168 | {'module': 'capture_loop'} | Frame capture returned no data
2025-08-31 22:51:34.122 | WARNING  | obscam.core.capture_loop:_capture_worker:168 | {'module': 'capture_loop'} | Frame capture returned no data
2025-08-31 22:51:34.345 | WARNING  | obscam.core.capture_loop:_capture_worker:168 | {'module': 'capture_loop'} | Frame capture returned no data
2025-08-31 22:51:34.572 | WARNING  | obscam.core.capture_loop:_capture_worker:168 | {'module': 'capture_loop'} | Frame capture returned no data
2025-08-31 22:51:34.797 | WARNING  | obscam.core.capture_loop:_capture_worker:168 | {'module': 'capture_loop'} | Frame capture returned no data
2025-08-31 22:51:35.021 | WARNING  | obscam.core.capture_loop:_capture_worker:168 | {'module': 'capture_loop'} | Frame capture returned no data
2025-08-31 22:51:35.246 | WARNING  | obscam.core.capture_loop:_capture_worker:168 | {'module': 'capture_loop'} | Frame capture returned no data
2025-08-31 22:51:35.471 | WARNING  | obscam.core.capture_loop:_capture_worker:168 | {'module': 'capture_loop'} | Frame capture returned no data
2025-08-31 22:51:35.697 | WARNING  | obscam.core.capture_loop:_capture_worker:168 | {'module': 'capture_loop'} | Frame capture returned no data
2025-08-31 22:51:35.920 | WARNING  | obscam.core.capture_loop:_capture_worker:168 | {'module': 'capture_loop'} | Frame capture returned no data
2025-08-31 22:51:36.146 | WARNING  | obscam.core.capture_loop:_capture_worker:168 | {'module': 'capture_loop'} | Frame capture returned no data
2025-08-31 22:51:36.372 | WARNING  | obscam.core.capture_loop:_capture_worker:168 | {'module': 'capture_loop'} | Frame capture returned no data
2025-08-31 22:51:36.599 | WARNING  | obscam.core.capture_loop:_capture_worker:168 | {'module': 'capture_loop'} | Frame capture returned no data
2025-08-31 22:51:36.818 | WARNING  | obscam.core.capture_loop:_capture_worker:168 | {'module': 'capture_loop'} | Frame capture returned no data
2025-08-31 22:51:37.040 | WARNING  | obscam.core.capture_loop:_capture_worker:168 | {'module': 'capture_loop'} | Frame capture returned no data
2025-08-31 22:51:37.265 | WARNING  | obscam.core.capture_loop:_capture_worker:168 | {'module': 'capture_loop'} | Frame capture returned no data
2025-08-31 22:51:37.490 | WARNING  | obscam.core.capture_loop:_capture_worker:168 | {'module': 'capture_loop'} | Frame capture returned no data
2025-08-31 22:51:37.712 | WARNING  | obscam.core.capture_loop:_capture_worker:168 | {'module': 'capture_loop'} | Frame capture returned no data
2025-08-31 22:51:37.939 | WARNING  | obscam.core.capture_loop:_capture_worker:168 | {'module': 'capture_loop'} | Frame capture returned no data
2025-08-31 22:51:38.164 | WARNING  | obscam.core.capture_loop:_capture_worker:168 | {'module': 'capture_loop'} | Frame capture returned no data
2025-08-31 22:51:38.392 | WARNING  | obscam.core.capture_loop:_capture_worker:168 | {'module': 'capture_loop'} | Frame capture returned no data
2025-08-31 22:51:38.616 | WARNING  | obscam.core.capture_loop:_capture_worker:168 | {'module': 'capture_loop'} | Frame capture returned no data
2025-08-31 22:51:38.842 | WARNING  | obscam.core.capture_loop:_capture_worker:168 | {'module': 'capture_loop'} | Frame capture returned no data
2025-08-31 22:51:39.068 | WARNING  | obscam.core.capture_loop:_capture_worker:168 | {'module': 'capture_loop'} | Frame capture returned no data
2025-08-31 22:51:39.291 | WARNING  | obscam.core.capture_loop:_capture_worker:168 | {'module': 'capture_loop'} | Frame capture returned no data
2025-08-31 22:51:39.514 | WARNING  | obscam.core.capture_loop:_capture_worker:168 | {'module': 'capture_loop'} | Frame capture returned no data
2025-08-31 22:51:39.736 | WARNING  | obscam.core.capture_loop:_capture_worker:168 | {'module': 'capture_loop'} | Frame capture returned no data
2025-08-31 22:51:39.961 | WARNING  | obscam.core.capture_loop:_capture_worker:168 | {'module': 'capture_loop'} | Frame capture returned no data
2025-08-31 22:51:40.187 | WARNING  | obscam.core.capture_loop:_capture_worker:168 | {'module': 'capture_loop'} | Frame capture returned no data
2025-08-31 22:51:40.415 | WARNING  | obscam.core.capture_loop:_capture_worker:168 | {'module': 'capture_loop'} | Frame capture returned no data
2025-08-31 22:51:40.642 | WARNING  | obscam.core.capture_loop:_capture_worker:168 | {'module': 'capture_loop'} | Frame capture returned no data
2025-08-31 22:51:40.866 | WARNING  | obscam.core.capture_loop:_capture_worker:168 | {'module': 'capture_loop'} | Frame capture returned no data
2025-08-31 22:51:41.090 | WARNING  | obscam.core.capture_loop:_capture_worker:168 | {'module': 'capture_loop'} | Frame capture returned no data
2025-08-31 22:51:41.314 | WARNING  | obscam.core.capture_loop:_capture_worker:168 | {'module': 'capture_loop'} | Frame capture returned no data
2025-08-31 22:51:41.536 | WARNING  | obscam.core.capture_loop:_capture_worker:168 | {'module': 'capture_loop'} | Frame capture returned no data
2025-08-31 22:51:41.758 | WARNING  | obscam.core.capture_loop:_capture_worker:168 | {'module': 'capture_loop'} | Frame capture returned no data
2025-08-31 22:51:41.979 | WARNING  | obscam.core.capture_loop:_capture_worker:168 | {'module': 'capture_loop'} | Frame capture returned no data
2025-08-31 22:51:42.203 | WARNING  | obscam.core.capture_loop:_capture_worker:168 | {'module': 'capture_loop'} | Frame capture returned no data
2025-08-31 22:51:42.425 | WARNING  | obscam.core.capture_loop:_capture_worker:168 | {'module': 'capture_loop'} | Frame capture returned no data
2025-08-31 22:51:42.651 | WARNING  | obscam.core.capture_loop:_capture_worker:168 | {'module': 'capture_loop'} | Frame capture returned no data
2025-08-31 22:51:42.872 | WARNING  | obscam.core.capture_loop:_capture_worker:168 | {'module': 'capture_loop'} | Frame capture returned no data
2025-08-31 22:51:43.098 | WARNING  | obscam.core.capture_loop:_capture_worker:168 | {'module': 'capture_loop'} | Frame capture returned no data
2025-08-31 22:51:43.326 | WARNING  | obscam.core.capture_loop:_capture_worker:168 | {'module': 'capture_loop'} | Frame capture returned no data
2025-08-31 22:51:43.550 | WARNING  | obscam.core.capture_loop:_capture_worker:168 | {'module': 'capture_loop'} | Frame capture returned no data
2025-08-31 22:51:43.774 | WARNING  | obscam.core.capture_loop:_capture_worker:168 | {'module': 'capture_loop'} | Frame capture returned no data
2025-08-31 22:51:43.999 | WARNING  | obscam.core.capture_loop:_capture_worker:168 | {'module': 'capture_loop'} | Frame capture returned no data
2025-08-31 22:51:44.224 | WARNING  | obscam.core.capture_loop:_capture_worker:168 | {'module': 'capture_loop'} | Frame capture returned no data
2025-08-31 22:51:44.446 | WARNING  | obscam.core.capture_loop:_capture_worker:168 | {'module': 'capture_loop'} | Frame capture returned no data
2025-08-31 22:51:44.670 | WARNING  | obscam.core.capture_loop:_capture_worker:168 | {'module': 'capture_loop'} | Frame capture returned no data
2025-08-31 22:51:44.896 | WARNING  | obscam.core.capture_loop:_capture_worker:168 | {'module': 'capture_loop'} | Frame capture returned no data
2025-08-31 22:51:45.121 | WARNING  | obscam.core.capture_loop:_capture_worker:168 | {'module': 'capture_loop'} | Frame capture returned no data
2025-08-31 22:51:45.348 | WARNING  | obscam.core.capture_loop:_capture_worker:168 | {'module': 'capture_loop'} | Frame capture returned no data
2025-08-31 22:51:45.579 | WARNING  | obscam.core.capture_loop:_capture_worker:168 | {'module': 'capture_loop'} | Frame capture returned no data
2025-08-31 22:51:45.804 | WARNING  | obscam.core.capture_loop:_capture_worker:168 | {'module': 'capture_loop'} | Frame capture returned no data
2025-08-31 22:51:46.029 | WARNING  | obscam.core.capture_loop:_capture_worker:168 | {'module': 'capture_loop'} | Frame capture returned no data
2025-08-31 22:51:46.254 | WARNING  | obscam.core.capture_loop:_capture_worker:168 | {'module': 'capture_loop'} | Frame capture returned no data
2025-08-31 22:51:46.479 | WARNING  | obscam.core.capture_loop:_capture_worker:168 | {'module': 'capture_loop'} | Frame capture returned no data
2025-08-31 22:51:46.705 | WARNING  | obscam.core.capture_loop:_capture_worker:168 | {'module': 'capture_loop'} | Frame capture returned no data
2025-08-31 22:51:46.926 | WARNING  | obscam.core.capture_loop:_capture_worker:168 | {'module': 'capture_loop'} | Frame capture returned no data
2025-08-31 22:51:47.151 | WARNING  | obscam.core.capture_loop:_capture_worker:168 | {'module': 'capture_loop'} | Frame capture returned no data
2025-08-31 22:51:47.379 | WARNING  | obscam.core.capture_loop:_capture_worker:168 | {'module': 'capture_loop'} | Frame capture returned no data
2025-08-31 22:51:47.602 | WARNING  | obscam.core.capture_loop:_capture_worker:168 | {'module': 'capture_loop'} | Frame capture returned no data
2025-08-31 22:51:47.824 | WARNING  | obscam.core.capture_loop:_capture_worker:168 | {'module': 'capture_loop'} | Frame capture returned no data
2025-08-31 22:51:48.049 | WARNING  | obscam.core.capture_loop:_capture_worker:168 | {'module': 'capture_loop'} | Frame capture returned no data
2025-08-31 22:51:48.274 | WARNING  | obscam.core.capture_loop:_capture_worker:168 | {'module': 'capture_loop'} | Frame capture returned no data
2025-08-31 22:51:48.500 | WARNING  | obscam.core.capture_loop:_capture_worker:168 | {'module': 'capture_loop'} | Frame capture returned no data
2025-08-31 22:51:48.723 | WARNING  | obscam.core.capture_loop:_capture_worker:168 | {'module': 'capture_loop'} | Frame capture returned no data
2025-08-31 22:51:48.949 | WARNING  | obscam.core.capture_loop:_capture_worker:168 | {'module': 'capture_loop'} | Frame capture returned no data
2025-08-31 22:51:49.175 | WARNING  | obscam.core.capture_loop:_capture_worker:168 | {'module': 'capture_loop'} | Frame capture returned no data
2025-08-31 22:51:49.399 | WARNING  | obscam.core.capture_loop:_capture_worker:168 | {'module': 'capture_loop'} | Frame capture returned no data
2025-08-31 22:51:49.625 | WARNING  | obscam.core.capture_loop:_capture_worker:168 | {'module': 'capture_loop'} | Frame capture returned no data
2025-08-31 22:51:49.851 | WARNING  | obscam.core.capture_loop:_capture_worker:168 | {'module': 'capture_loop'} | Frame capture returned no data
2025-08-31 22:51:50.074 | WARNING  | obscam.core.capture_loop:_capture_worker:168 | {'module': 'capture_loop'} | Frame capture returned no data
2025-08-31 22:51:50.298 | WARNING  | obscam.core.capture_loop:_capture_worker:168 | {'module': 'capture_loop'} | Frame capture returned no data
2025-08-31 22:51:50.524 | WARNING  | obscam.core.capture_loop:_capture_worker:168 | {'module': 'capture_loop'} | Frame capture returned no data
2025-08-31 22:51:50.747 | WARNING  | obscam.core.capture_loop:_capture_worker:168 | {'module': 'capture_loop'} | Frame capture returned no data
2025-08-31 22:51:50.974 | WARNING  | obscam.core.capture_loop:_capture_worker:168 | {'module': 'capture_loop'} | Frame capture returned no data
2025-08-31 22:51:51.195 | WARNING  | obscam.core.capture_loop:_capture_worker:168 | {'module': 'capture_loop'} | Frame capture returned no data
2025-08-31 22:51:51.420 | WARNING  | obscam.core.capture_loop:_capture_worker:168 | {'module': 'capture_loop'} | Frame capture returned no data
2025-08-31 22:51:51.646 | WARNING  | obscam.core.capture_loop:_capture_worker:168 | {'module': 'capture_loop'} | Frame capture returned no data
2025-08-31 22:51:51.872 | WARNING  | obscam.core.capture_loop:_capture_worker:168 | {'module': 'capture_loop'} | Frame capture returned no data
2025-08-31 22:51:52.097 | WARNING  | obscam.core.capture_loop:_capture_worker:168 | {'module': 'capture_loop'} | Frame capture returned no data
2025-08-31 22:51:52.321 | WARNING  | obscam.core.capture_loop:_capture_worker:168 | {'module': 'capture_loop'} | Frame capture returned no data
2025-08-31 22:51:52.547 | WARNING  | obscam.core.capture_loop:_capture_worker:168 | {'module': 'capture_loop'} | Frame capture returned no data
2025-08-31 22:51:52.771 | WARNING  | obscam.core.capture_loop:_capture_worker:168 | {'module': 'capture_loop'} | Frame capture returned no data
2025-08-31 22:51:52.996 | WARNING  | obscam.core.capture_loop:_capture_worker:168 | {'module': 'capture_loop'} | Frame capture returned no data
2025-08-31 22:51:53.222 | WARNING  | obscam.core.capture_loop:_capture_worker:168 | {'module': 'capture_loop'} | Frame capture returned no data
2025-08-31 22:51:53.445 | WARNING  | obscam.core.capture_loop:_capture_worker:168 | {'module': 'capture_loop'} | Frame capture returned no data
2025-08-31 22:51:53.671 | WARNING  | obscam.core.capture_loop:_capture_worker:168 | {'module': 'capture_loop'} | Frame capture returned no data
2025-08-31 22:51:53.894 | WARNING  | obscam.core.capture_loop:_capture_worker:168 | {'module': 'capture_loop'} | Frame capture returned no data
2025-08-31 22:51:54.118 | WARNING  | obscam.core.capture_loop:_capture_worker:168 | {'module': 'capture_loop'} | Frame capture returned no data
2025-08-31 22:51:54.343 | WARNING  | obscam.core.capture_loop:_capture_worker:168 | {'module': 'capture_loop'} | Frame capture returned no data
2025-08-31 22:51:54.564 | WARNING  | obscam.core.capture_loop:_capture_worker:168 | {'module': 'capture_loop'} | Frame capture returned no data
2025-08-31 22:51:54.791 | WARNING  | obscam.core.capture_loop:_capture_worker:168 | {'module': 'capture_loop'} | Frame capture returned no data
2025-08-31 22:51:55.016 | WARNING  | obscam.core.capture_loop:_capture_worker:168 | {'module': 'capture_loop'} | Frame capture returned no data
2025-08-31 22:51:55.242 | WARNING  | obscam.core.capture_loop:_capture_worker:168 | {'module': 'capture_loop'} | Frame capture returned no data
2025-08-31 22:51:55.467 | WARNING  | obscam.core.capture_loop:_capture_worker:168 | {'module': 'capture_loop'} | Frame capture returned no data
2025-08-31 22:51:55.692 | WARNING  | obscam.core.capture_loop:_capture_worker:168 | {'module': 'capture_loop'} | Frame capture returned no data
2025-08-31 22:51:55.917 | WARNING  | obscam.core.capture_loop:_capture_worker:168 | {'module': 'capture_loop'} | Frame capture returned no data
2025-08-31 22:51:56.139 | WARNING  | obscam.core.capture_loop:_capture_worker:168 | {'module': 'capture_loop'} | Frame capture returned no data
2025-08-31 22:51:56.365 | WARNING  | obscam.core.capture_loop:_capture_worker:168 | {'module': 'capture_loop'} | Frame capture returned no data
2025-08-31 22:51:56.588 | WARNING  | obscam.core.capture_loop:_capture_worker:168 | {'module': 'capture_loop'} | Frame capture returned no data
2025-08-31 22:51:56.815 | WARNING  | obscam.core.capture_loop:_capture_worker:168 | {'module': 'capture_loop'} | Frame capture returned no data
2025-08-31 22:51:57.040 | WARNING  | obscam.core.capture_loop:_capture_worker:168 | {'module': 'capture_loop'} | Frame capture returned no data
2025-08-31 22:51:57.264 | WARNING  | obscam.core.capture_loop:_capture_worker:168 | {'module': 'capture_loop'} | Frame capture returned no data
2025-08-31 22:51:57.487 | WARNING  | obscam.core.capture_loop:_capture_worker:168 | {'module': 'capture_loop'} | Frame capture returned no data
2025-08-31 22:51:57.709 | WARNING  | obscam.core.capture_loop:_capture_worker:168 | {'module': 'capture_loop'} | Frame capture returned no data
2025-08-31 22:51:57.932 | WARNING  | obscam.core.capture_loop:_capture_worker:168 | {'module': 'capture_loop'} | Frame capture returned no data
2025-08-31 22:51:58.154 | WARNING  | obscam.core.capture_loop:_capture_worker:168 | {'module': 'capture_loop'} | Frame capture returned no data
2025-08-31 22:51:58.376 | WARNING  | obscam.core.capture_loop:_capture_worker:168 | {'module': 'capture_loop'} | Frame capture returned no data
2025-08-31 22:51:58.599 | WARNING  | obscam.core.capture_loop:_capture_worker:168 | {'module': 'capture_loop'} | Frame capture returned no data
2025-08-31 22:51:58.824 | WARNING  | obscam.core.capture_loop:_capture_worker:168 | {'module': 'capture_loop'} | Frame capture returned no data
2025-08-31 22:51:59.050 | WARNING  | obscam.core.capture_loop:_capture_worker:168 | {'module': 'capture_loop'} | Frame capture returned no data
2025-08-31 22:51:59.274 | WARNING  | obscam.core.capture_loop:_capture_worker:168 | {'module': 'capture_loop'} | Frame capture returned no data
2025-08-31 22:51:59.498 | WARNING  | obscam.core.capture_loop:_capture_worker:168 | {'module': 'capture_loop'} | Frame capture returned no data
2025-08-31 22:51:59.722 | WARNING  | obscam.core.capture_loop:_capture_worker:168 | {'module': 'capture_loop'} | Frame capture returned no data
2025-08-31 22:51:59.945 | WARNING  | obscam.core.capture_loop:_capture_worker:168 | {'module': 'capture_loop'} | Frame capture returned no data
2025-08-31 22:52:00.171 | WARNING  | obscam.core.capture_loop:_capture_worker:168 | {'module': 'capture_loop'} | Frame capture returned no data
2025-08-31 22:52:00.391 | WARNING  | obscam.core.capture_loop:_capture_worker:168 | {'module': 'capture_loop'} | Frame capture returned no data
2025-08-31 22:52:00.617 | WARNING  | obscam.core.capture_loop:_capture_worker:168 | {'module': 'capture_loop'} | Frame capture returned no data
2025-08-31 22:52:00.843 | WARNING  | obscam.core.capture_loop:_capture_worker:168 | {'module': 'capture_loop'} | Frame capture returned no data
2025-08-31 22:52:01.065 | WARNING  | obscam.core.capture_loop:_capture_worker:168 | {'module': 'capture_loop'} | Frame capture returned no data
2025-08-31 22:52:01.290 | WARNING  | obscam.core.capture_loop:_capture_worker:168 | {'module': 'capture_loop'} | Frame capture returned no data
2025-08-31 22:52:01.512 | WARNING  | obscam.core.capture_loop:_capture_worker:168 | {'module': 'capture_loop'} | Frame capture returned no data
2025-08-31 22:52:01.737 | WARNING  | obscam.core.capture_loop:_capture_worker:168 | {'module': 'capture_loop'} | Frame capture returned no data
2025-08-31 22:52:01.961 | WARNING  | obscam.core.capture_loop:_capture_worker:168 | {'module': 'capture_loop'} | Frame capture returned no data
2025-08-31 22:52:02.187 | WARNING  | obscam.core.capture_loop:_capture_worker:168 | {'module': 'capture_loop'} | Frame capture returned no data
2025-08-31 22:52:02.408 | WARNING  | obscam.core.capture_loop:_capture_worker:168 | {'module': 'capture_loop'} | Frame capture returned no data
2025-08-31 22:52:02.631 | WARNING  | obscam.core.capture_loop:_capture_worker:168 | {'module': 'capture_loop'} | Frame capture returned no data
2025-08-31 22:52:02.858 | WARNING  | obscam.core.capture_loop:_capture_worker:168 | {'module': 'capture_loop'} | Frame capture returned no data
2025-08-31 22:52:03.080 | WARNING  | obscam.core.capture_loop:_capture_worker:168 | {'module': 'capture_loop'} | Frame capture returned no data
2025-08-31 22:52:03.304 | WARNING  | obscam.core.capture_loop:_capture_worker:168 | {'module': 'capture_loop'} | Frame capture returned no data
2025-08-31 22:52:03.529 | WARNING  | obscam.core.capture_loop:_capture_worker:168 | {'module': 'capture_loop'} | Frame capture returned no data
2025-08-31 22:52:03.754 | WARNING  | obscam.core.capture_loop:_capture_worker:168 | {'module': 'capture_loop'} | Frame capture returned no data
2025-08-31 22:52:03.975 | WARNING  | obscam.core.capture_loop:_capture_worker:168 | {'module': 'capture_loop'} | Frame capture returned no data
2025-08-31 22:52:04.201 | WARNING  | obscam.core.capture_loop:_capture_worker:168 | {'module': 'capture_loop'} | Frame capture returned no data
2025-08-31 22:52:04.427 | WARNING  | obscam.core.capture_loop:_capture_worker:168 | {'module': 'capture_loop'} | Frame capture returned no data
2025-08-31 22:52:04.648 | WARNING  | obscam.core.capture_loop:_capture_worker:168 | {'module': 'capture_loop'} | Frame capture returned no data
2025-08-31 22:52:04.874 | WARNING  | obscam.core.capture_loop:_capture_worker:168 | {'module': 'capture_loop'} | Frame capture returned no data
2025-08-31 22:52:05.097 | WARNING  | obscam.core.capture_loop:_capture_worker:168 | {'module': 'capture_loop'} | Frame capture returned no data
2025-08-31 22:52:05.322 | WARNING  | obscam.core.capture_loop:_capture_worker:168 | {'module': 'capture_loop'} | Frame capture returned no data
2025-08-31 22:52:05.546 | WARNING  | obscam.core.capture_loop:_capture_worker:168 | {'module': 'capture_loop'} | Frame capture returned no data
2025-08-31 22:52:05.772 | WARNING  | obscam.core.capture_loop:_capture_worker:168 | {'module': 'capture_loop'} | Frame capture returned no data
2025-08-31 22:52:05.998 | WARNING  | obscam.core.capture_loop:_capture_worker:168 | {'module': 'capture_loop'} | Frame capture returned no data
2025-08-31 22:52:06.222 | WARNING  | obscam.core.capture_loop:_capture_worker:168 | {'module': 'capture_loop'} | Frame capture returned no data
2025-08-31 22:52:06.447 | WARNING  | obscam.core.capture_loop:_capture_worker:168 | {'module': 'capture_loop'} | Frame capture returned no data
2025-08-31 22:52:06.674 | WARNING  | obscam.core.capture_loop:_capture_worker:168 | {'module': 'capture_loop'} | Frame capture returned no data
2025-08-31 22:52:06.900 | WARNING  | obscam.core.capture_loop:_capture_worker:168 | {'module': 'capture_loop'} | Frame capture returned no data
2025-08-31 22:52:07.124 | WARNING  | obscam.core.capture_loop:_capture_worker:168 | {'module': 'capture_loop'} | Frame capture returned no data
2025-08-31 22:52:07.350 | WARNING  | obscam.core.capture_loop:_capture_worker:168 | {'module': 'capture_loop'} | Frame capture returned no data
2025-08-31 22:52:07.575 | WARNING  | obscam.core.capture_loop:_capture_worker:168 | {'module': 'capture_loop'} | Frame capture returned no data
2025-08-31 22:52:07.800 | WARNING  | obscam.core.capture_loop:_capture_worker:168 | {'module': 'capture_loop'} | Frame capture returned no data
2025-08-31 22:52:08.024 | WARNING  | obscam.core.capture_loop:_capture_worker:168 | {'module': 'capture_loop'} | Frame capture returned no data
2025-08-31 22:52:08.248 | WARNING  | obscam.core.capture_loop:_capture_worker:168 | {'module': 'capture_loop'} | Frame capture returned no data
2025-08-31 22:52:08.469 | WARNING  | obscam.core.capture_loop:_capture_worker:168 | {'module': 'capture_loop'} | Frame capture returned no data
2025-08-31 22:52:08.696 | WARNING  | obscam.core.capture_loop:_capture_worker:168 | {'module': 'capture_loop'} | Frame capture returned no data
2025-08-31 22:52:08.921 | WARNING  | obscam.core.capture_loop:_capture_worker:168 | {'module': 'capture_loop'} | Frame capture returned no data
2025-08-31 22:52:09.147 | WARNING  | obscam.core.capture_loop:_capture_worker:168 | {'module': 'capture_loop'} | Frame capture returned no data
2025-08-31 22:52:09.371 | WARNING  | obscam.core.capture_loop:_capture_worker:168 | {'module': 'capture_loop'} | Frame capture returned no data
2025-08-31 22:52:09.597 | WARNING  | obscam.core.capture_loop:_capture_worker:168 | {'module': 'capture_loop'} | Frame capture returned no data
2025-08-31 22:52:09.819 | WARNING  | obscam.core.capture_loop:_capture_worker:168 | {'module': 'capture_loop'} | Frame capture returned no data
2025-08-31 22:52:10.041 | WARNING  | obscam.core.capture_loop:_capture_worker:168 | {'module': 'capture_loop'} | Frame capture returned no data
2025-08-31 22:52:10.266 | WARNING  | obscam.core.capture_loop:_capture_worker:168 | {'module': 'capture_loop'} | Frame capture returned no data
2025-08-31 22:52:10.488 | WARNING  | obscam.core.capture_loop:_capture_worker:168 | {'module': 'capture_loop'} | Frame capture returned no data
2025-08-31 22:52:10.714 | WARNING  | obscam.core.capture_loop:_capture_worker:168 | {'module': 'capture_loop'} | Frame capture returned no data
2025-08-31 22:52:10.939 | WARNING  | obscam.core.capture_loop:_capture_worker:168 | {'module': 'capture_loop'} | Frame capture returned no data
2025-08-31 22:52:11.162 | WARNING  | obscam.core.capture_loop:_capture_worker:168 | {'module': 'capture_loop'} | Frame capture returned no data
2025-08-31 22:52:11.383 | WARNING  | obscam.core.capture_loop:_capture_worker:168 | {'module': 'capture_loop'} | Frame capture returned no data
2025-08-31 22:52:11.608 | WARNING  | obscam.core.capture_loop:_capture_worker:168 | {'module': 'capture_loop'} | Frame capture returned no data
2025-08-31 22:52:11.833 | WARNING  | obscam.core.capture_loop:_capture_worker:168 | {'module': 'capture_loop'} | Frame capture returned no data
2025-08-31 22:52:12.059 | WARNING  | obscam.core.capture_loop:_capture_worker:168 | {'module': 'capture_loop'} | Frame capture returned no data
2025-08-31 22:52:12.283 | WARNING  | obscam.core.capture_loop:_capture_worker:168 | {'module': 'capture_loop'} | Frame capture returned no data
2025-08-31 22:52:12.509 | WARNING  | obscam.core.capture_loop:_capture_worker:168 | {'module': 'capture_loop'} | Frame capture returned no data
2025-08-31 22:52:12.735 | WARNING  | obscam.core.capture_loop:_capture_worker:168 | {'module': 'capture_loop'} | Frame capture returned no data
2025-08-31 22:52:12.958 | WARNING  | obscam.core.capture_loop:_capture_worker:168 | {'module': 'capture_loop'} | Frame capture returned no data
2025-08-31 22:52:13.180 | WARNING  | obscam.core.capture_loop:_capture_worker:168 | {'module': 'capture_loop'} | Frame capture returned no data
2025-08-31 22:52:13.406 | WARNING  | obscam.core.capture_loop:_capture_worker:168 | {'module': 'capture_loop'} | Frame capture returned no data
2025-08-31 22:52:13.629 | WARNING  | obscam.core.capture_loop:_capture_worker:168 | {'module': 'capture_loop'} | Frame capture returned no data
2025-08-31 22:52:13.854 | WARNING  | obscam.core.capture_loop:_capture_worker:168 | {'module': 'capture_loop'} | Frame capture returned no data
2025-08-31 22:52:14.080 | WARNING  | obscam.core.capture_loop:_capture_worker:168 | {'module': 'capture_loop'} | Frame capture returned no data
2025-08-31 22:52:14.303 | WARNING  | obscam.core.capture_loop:_capture_worker:168 | {'module': 'capture_loop'} | Frame capture returned no data
2025-08-31 22:52:14.525 | WARNING  | obscam.core.capture_loop:_capture_worker:168 | {'module': 'capture_loop'} | Frame capture returned no data
2025-08-31 22:52:14.750 | WARNING  | obscam.core.capture_loop:_capture_worker:168 | {'module': 'capture_loop'} | Frame capture returned no data
2025-08-31 22:52:14.976 | WARNING  | obscam.core.capture_loop:_capture_worker:168 | {'module': 'capture_loop'} | Frame capture returned no data
2025-08-31 22:52:15.202 | WARNING  | obscam.core.capture_loop:_capture_worker:168 | {'module': 'capture_loop'} | Frame capture returned no data
2025-08-31 22:52:15.428 | WARNING  | obscam.core.capture_loop:_capture_worker:168 | {'module': 'capture_loop'} | Frame capture returned no data
2025-08-31 22:52:15.651 | WARNING  | obscam.core.capture_loop:_capture_worker:168 | {'module': 'capture_loop'} | Frame capture returned no data
2025-08-31 22:52:15.872 | WARNING  | obscam.core.capture_loop:_capture_worker:168 | {'module': 'capture_loop'} | Frame capture returned no data
2025-08-31 22:52:16.098 | WARNING  | obscam.core.capture_loop:_capture_worker:168 | {'module': 'capture_loop'} | Frame capture returned no data
2025-08-31 22:52:16.324 | WARNING  | obscam.core.capture_loop:_capture_worker:168 | {'module': 'capture_loop'} | Frame capture returned no data
2025-08-31 22:52:16.550 | WARNING  | obscam.core.capture_loop:_capture_worker:168 | {'module': 'capture_loop'} | Frame capture returned no data
2025-08-31 22:52:16.774 | WARNING  | obscam.core.capture_loop:_capture_worker:168 | {'module': 'capture_loop'} | Frame capture returned no data
2025-08-31 22:52:16.998 | WARNING  | obscam.core.capture_loop:_capture_worker:168 | {'module': 'capture_loop'} | Frame capture returned no data
2025-08-31 22:52:17.221 | WARNING  | obscam.core.capture_loop:_capture_worker:168 | {'module': 'capture_loop'} | Frame capture returned no data
2025-08-31 22:52:17.445 | WARNING  | obscam.core.capture_loop:_capture_worker:168 | {'module': 'capture_loop'} | Frame capture returned no data
2025-08-31 22:52:17.671 | WARNING  | obscam.core.capture_loop:_capture_worker:168 | {'module': 'capture_loop'} | Frame capture returned no data
2025-08-31 22:52:17.895 | WARNING  | obscam.core.capture_loop:_capture_worker:168 | {'module': 'capture_loop'} | Frame capture returned no data
2025-08-31 22:52:18.121 | WARNING  | obscam.core.capture_loop:_capture_worker:168 | {'module': 'capture_loop'} | Frame capture returned no data
2025-08-31 22:52:18.347 | WARNING  | obscam.core.capture_loop:_capture_worker:168 | {'module': 'capture_loop'} | Frame capture returned no data
2025-08-31 22:52:18.570 | WARNING  | obscam.core.capture_loop:_capture_worker:168 | {'module': 'capture_loop'} | Frame capture returned no data
2025-08-31 22:52:18.791 | WARNING  | obscam.core.capture_loop:_capture_worker:168 | {'module': 'capture_loop'} | Frame capture returned no data
2025-08-31 22:52:19.013 | WARNING  | obscam.core.capture_loop:_capture_worker:168 | {'module': 'capture_loop'} | Frame capture returned no data
2025-08-31 22:52:19.238 | WARNING  | obscam.core.capture_loop:_capture_worker:168 | {'module': 'capture_loop'} | Frame capture returned no data
2025-08-31 22:52:19.464 | WARNING  | obscam.core.capture_loop:_capture_worker:168 | {'module': 'capture_loop'} | Frame capture returned no data
2025-08-31 22:52:19.691 | WARNING  | obscam.core.capture_loop:_capture_worker:168 | {'module': 'capture_loop'} | Frame capture returned no data
2025-08-31 22:52:19.915 | WARNING  | obscam.core.capture_loop:_capture_worker:168 | {'module': 'capture_loop'} | Frame capture returned no data
2025-08-31 22:52:20.137 | WARNING  | obscam.core.capture_loop:_capture_worker:168 | {'module': 'capture_loop'} | Frame capture returned no data
2025-08-31 22:52:20.358 | WARNING  | obscam.core.capture_loop:_capture_worker:168 | {'module': 'capture_loop'} | Frame capture returned no data
2025-08-31 22:52:20.585 | WARNING  | obscam.core.capture_loop:_capture_worker:168 | {'module': 'capture_loop'} | Frame capture returned no data
2025-08-31 22:52:20.806 | WARNING  | obscam.core.capture_loop:_capture_worker:168 | {'module': 'capture_loop'} | Frame capture returned no data
2025-08-31 22:52:21.030 | WARNING  | obscam.core.capture_loop:_capture_worker:168 | {'module': 'capture_loop'} | Frame capture returned no data
2025-08-31 22:52:21.253 | WARNING  | obscam.core.capture_loop:_capture_worker:168 | {'module': 'capture_loop'} | Frame capture returned no data
2025-08-31 22:52:21.475 | WARNING  | obscam.core.capture_loop:_capture_worker:168 | {'module': 'capture_loop'} | Frame capture returned no data
2025-08-31 22:52:21.700 | WARNING  | obscam.core.capture_loop:_capture_worker:168 | {'module': 'capture_loop'} | Frame capture returned no data
2025-08-31 22:52:21.927 | WARNING  | obscam.core.capture_loop:_capture_worker:168 | {'module': 'capture_loop'} | Frame capture returned no data
2025-08-31 22:52:22.148 | WARNING  | obscam.core.capture_loop:_capture_worker:168 | {'module': 'capture_loop'} | Frame capture returned no data
2025-08-31 22:52:22.372 | WARNING  | obscam.core.capture_loop:_capture_worker:168 | {'module': 'capture_loop'} | Frame capture returned no data
2025-08-31 22:52:22.596 | WARNING  | obscam.core.capture_loop:_capture_worker:168 | {'module': 'capture_loop'} | Frame capture returned no data
2025-08-31 22:52:22.821 | WARNING  | obscam.core.capture_loop:_capture_worker:168 | {'module': 'capture_loop'} | Frame capture returned no data
2025-08-31 22:52:23.045 | WARNING  | obscam.core.capture_loop:_capture_worker:168 | {'module': 'capture_loop'} | Frame capture returned no data
2025-08-31 22:52:23.270 | WARNING  | obscam.core.capture_loop:_capture_worker:168 | {'module': 'capture_loop'} | Frame capture returned no data
2025-08-31 22:52:23.491 | WARNING  | obscam.core.capture_loop:_capture_worker:168 | {'module': 'capture_loop'} | Frame capture returned no data
2025-08-31 22:52:23.717 | WARNING  | obscam.core.capture_loop:_capture_worker:168 | {'module': 'capture_loop'} | Frame capture returned no data
2025-08-31 22:52:23.943 | WARNING  | obscam.core.capture_loop:_capture_worker:168 | {'module': 'capture_loop'} | Frame capture returned no data
2025-08-31 22:52:24.168 | WARNING  | obscam.core.capture_loop:_capture_worker:168 | {'module': 'capture_loop'} | Frame capture returned no data
2025-08-31 22:52:24.394 | WARNING  | obscam.core.capture_loop:_capture_worker:168 | {'module': 'capture_loop'} | Frame capture returned no data
2025-08-31 22:52:24.616 | WARNING  | obscam.core.capture_loop:_capture_worker:168 | {'module': 'capture_loop'} | Frame capture returned no data
2025-08-31 22:52:24.841 | WARNING  | obscam.core.capture_loop:_capture_worker:168 | {'module': 'capture_loop'} | Frame capture returned no data
2025-08-31 22:52:25.067 | WARNING  | obscam.core.capture_loop:_capture_worker:168 | {'module': 'capture_loop'} | Frame capture returned no data
2025-08-31 22:52:25.293 | WARNING  | obscam.core.capture_loop:_capture_worker:168 | {'module': 'capture_loop'} | Frame capture returned no data
2025-08-31 22:52:25.518 | WARNING  | obscam.core.capture_loop:_capture_worker:168 | {'module': 'capture_loop'} | Frame capture returned no data
2025-08-31 22:52:25.741 | WARNING  | obscam.core.capture_loop:_capture_worker:168 | {'module': 'capture_loop'} | Frame capture returned no data
2025-08-31 22:52:25.962 | WARNING  | obscam.core.capture_loop:_capture_worker:168 | {'module': 'capture_loop'} | Frame capture returned no data
2025-08-31 22:52:26.188 | WARNING  | obscam.core.capture_loop:_capture_worker:168 | {'module': 'capture_loop'} | Frame capture returned no data
2025-08-31 22:52:26.412 | WARNING  | obscam.core.capture_loop:_capture_worker:168 | {'module': 'capture_loop'} | Frame capture returned no data
2025-08-31 22:52:26.637 | WARNING  | obscam.core.capture_loop:_capture_worker:168 | {'module': 'capture_loop'} | Frame capture returned no data
2025-08-31 22:52:26.862 | WARNING  | obscam.core.capture_loop:_capture_worker:168 | {'module': 'capture_loop'} | Frame capture returned no data
2025-08-31 22:52:27.083 | WARNING  | obscam.core.capture_loop:_capture_worker:168 | {'module': 'capture_loop'} | Frame capture returned no data
2025-08-31 22:52:27.307 | WARNING  | obscam.core.capture_loop:_capture_worker:168 | {'module': 'capture_loop'} | Frame capture returned no data
2025-08-31 22:52:27.532 | WARNING  | obscam.core.capture_loop:_capture_worker:168 | {'module': 'capture_loop'} | Frame capture returned no data
2025-08-31 22:52:27.758 | WARNING  | obscam.core.capture_loop:_capture_worker:168 | {'module': 'capture_loop'} | Frame capture returned no data
2025-08-31 22:52:27.985 | WARNING  | obscam.core.capture_loop:_capture_worker:168 | {'module': 'capture_loop'} | Frame capture returned no data
2025-08-31 22:52:28.209 | WARNING  | obscam.core.capture_loop:_capture_worker:168 | {'module': 'capture_loop'} | Frame capture returned no data
2025-08-31 22:52:28.433 | WARNING  | obscam.core.capture_loop:_capture_worker:168 | {'module': 'capture_loop'} | Frame capture returned no data
2025-08-31 22:52:28.658 | WARNING  | obscam.core.capture_loop:_capture_worker:168 | {'module': 'capture_loop'} | Frame capture returned no data
2025-08-31 22:52:28.883 | WARNING  | obscam.core.capture_loop:_capture_worker:168 | {'module': 'capture_loop'} | Frame capture returned no data
2025-08-31 22:52:29.108 | WARNING  | obscam.core.capture_loop:_capture_worker:168 | {'module': 'capture_loop'} | Frame capture returned no data
2025-08-31 22:52:29.334 | WARNING  | obscam.core.capture_loop:_capture_worker:168 | {'module': 'capture_loop'} | Frame capture returned no data
2025-08-31 22:52:29.558 | WARNING  | obscam.core.capture_loop:_capture_worker:168 | {'module': 'capture_loop'} | Frame capture returned no data
2025-08-31 22:52:29.784 | WARNING  | obscam.core.capture_loop:_capture_worker:168 | {'module': 'capture_loop'} | Frame capture returned no data
2025-08-31 22:52:29.784 | INFO     | obscam.common.logging_config:log_performance:99 | {'function': 'continuous_capture', 'duration_ms': 0.0, 'frames_captured': 0, 'error_count': 0, 'fps': 0.0} | Performance metric
2025-08-31 22:52:30.008 | WARNING  | obscam.core.capture_loop:_capture_worker:168 | {'module': 'capture_loop'} | Frame capture returned no data
2025-08-31 22:52:30.234 | WARNING  | obscam.core.capture_loop:_capture_worker:168 | {'module': 'capture_loop'} | Frame capture returned no data
2025-08-31 22:52:30.458 | WARNING  | obscam.core.capture_loop:_capture_worker:168 | {'module': 'capture_loop'} | Frame capture returned no data
2025-08-31 22:52:30.682 | WARNING  | obscam.core.capture_loop:_capture_worker:168 | {'module': 'capture_loop'} | Frame capture returned no data
2025-08-31 22:52:30.909 | WARNING  | obscam.core.capture_loop:_capture_worker:168 | {'module': 'capture_loop'} | Frame capture returned no data
2025-08-31 22:52:31.133 | WARNING  | obscam.core.capture_loop:_capture_worker:168 | {'module': 'capture_loop'} | Frame capture returned no data
2025-08-31 22:52:31.360 | WARNING  | obscam.core.capture_loop:_capture_worker:168 | {'module': 'capture_loop'} | Frame capture returned no data
2025-08-31 22:52:31.586 | WARNING  | obscam.core.capture_loop:_capture_worker:168 | {'module': 'capture_loop'} | Frame capture returned no data
2025-08-31 22:52:31.808 | WARNING  | obscam.core.capture_loop:_capture_worker:168 | {'module': 'capture_loop'} | Frame capture returned no data
2025-08-31 22:52:32.031 | WARNING  | obscam.core.capture_loop:_capture_worker:168 | {'module': 'capture_loop'} | Frame capture returned no data
2025-08-31 22:52:32.253 | WARNING  | obscam.core.capture_loop:_capture_worker:168 | {'module': 'capture_loop'} | Frame capture returned no data
2025-08-31 22:52:32.479 | WARNING  | obscam.core.capture_loop:_capture_worker:168 | {'module': 'capture_loop'} | Frame capture returned no data
2025-08-31 22:52:32.703 | WARNING  | obscam.core.capture_loop:_capture_worker:168 | {'module': 'capture_loop'} | Frame capture returned no data
2025-08-31 22:52:32.927 | WARNING  | obscam.core.capture_loop:_capture_worker:168 | {'module': 'capture_loop'} | Frame capture returned no data
2025-08-31 22:52:33.151 | WARNING  | obscam.core.capture_loop:_capture_worker:168 | {'module': 'capture_loop'} | Frame capture returned no data
2025-08-31 22:52:33.374 | WARNING  | obscam.core.capture_loop:_capture_worker:168 | {'module': 'capture_loop'} | Frame capture returned no data
2025-08-31 22:52:33.600 | WARNING  | obscam.core.capture_loop:_capture_worker:168 | {'module': 'capture_loop'} | Frame capture returned no data
2025-08-31 22:52:33.825 | WARNING  | obscam.core.capture_loop:_capture_worker:168 | {'module': 'capture_loop'} | Frame capture returned no data
2025-08-31 22:52:34.051 | WARNING  | obscam.core.capture_loop:_capture_worker:168 | {'module': 'capture_loop'} | Frame capture returned no data
2025-08-31 22:52:34.276 | WARNING  | obscam.core.capture_loop:_capture_worker:168 | {'module': 'capture_loop'} | Frame capture returned no data
2025-08-31 22:52:34.501 | WARNING  | obscam.core.capture_loop:_capture_worker:168 | {'module': 'capture_loop'} | Frame capture returned no data
2025-08-31 22:52:34.724 | WARNING  | obscam.core.capture_loop:_capture_worker:168 | {'module': 'capture_loop'} | Frame capture returned no data
2025-08-31 22:52:34.949 | WARNING  | obscam.core.capture_loop:_capture_worker:168 | {'module': 'capture_loop'} | Frame capture returned no data
2025-08-31 22:52:35.170 | WARNING  | obscam.core.capture_loop:_capture_worker:168 | {'module': 'capture_loop'} | Frame capture returned no data
2025-08-31 22:52:35.392 | WARNING  | obscam.core.capture_loop:_capture_worker:168 | {'module': 'capture_loop'} | Frame capture returned no data
2025-08-31 22:52:35.617 | WARNING  | obscam.core.capture_loop:_capture_worker:168 | {'module': 'capture_loop'} | Frame capture returned no data
2025-08-31 22:52:35.843 | WARNING  | obscam.core.capture_loop:_capture_worker:168 | {'module': 'capture_loop'} | Frame capture returned no data
2025-08-31 22:52:36.067 | WARNING  | obscam.core.capture_loop:_capture_worker:168 | {'module': 'capture_loop'} | Frame capture returned no data
2025-08-31 22:52:36.291 | WARNING  | obscam.core.capture_loop:_capture_worker:168 | {'module': 'capture_loop'} | Frame capture returned no data
2025-08-31 22:52:36.517 | WARNING  | obscam.core.capture_loop:_capture_worker:168 | {'module': 'capture_loop'} | Frame capture returned no data
2025-08-31 22:52:36.739 | WARNING  | obscam.core.capture_loop:_capture_worker:168 | {'module': 'capture_loop'} | Frame capture returned no data
2025-08-31 22:52:36.965 | WARNING  | obscam.core.capture_loop:_capture_worker:168 | {'module': 'capture_loop'} | Frame capture returned no data
2025-08-31 22:52:37.187 | WARNING  | obscam.core.capture_loop:_capture_worker:168 | {'module': 'capture_loop'} | Frame capture returned no data
2025-08-31 22:52:37.412 | WARNING  | obscam.core.capture_loop:_capture_worker:168 | {'module': 'capture_loop'} | Frame capture returned no data
2025-08-31 22:52:37.637 | WARNING  | obscam.core.capture_loop:_capture_worker:168 | {'module': 'capture_loop'} | Frame capture returned no data
2025-08-31 22:52:37.863 | WARNING  | obscam.core.capture_loop:_capture_worker:168 | {'module': 'capture_loop'} | Frame capture returned no data
2025-08-31 22:52:38.089 | WARNING  | obscam.core.capture_loop:_capture_worker:168 | {'module': 'capture_loop'} | Frame capture returned no data
2025-08-31 22:52:38.315 | WARNING  | obscam.core.capture_loop:_capture_worker:168 | {'module': 'capture_loop'} | Frame capture returned no data
2025-08-31 22:52:38.540 | WARNING  | obscam.core.capture_loop:_capture_worker:168 | {'module': 'capture_loop'} | Frame capture returned no data
2025-08-31 22:52:38.762 | WARNING  | obscam.core.capture_loop:_capture_worker:168 | {'module': 'capture_loop'} | Frame capture returned no data
2025-08-31 22:52:38.987 | WARNING  | obscam.core.capture_loop:_capture_worker:168 | {'module': 'capture_loop'} | Frame capture returned no data
2025-08-31 22:52:39.213 | WARNING  | obscam.core.capture_loop:_capture_worker:168 | {'module': 'capture_loop'} | Frame capture returned no data
2025-08-31 22:52:39.439 | WARNING  | obscam.core.capture_loop:_capture_worker:168 | {'module': 'capture_loop'} | Frame capture returned no data
2025-08-31 22:52:39.663 | WARNING  | obscam.core.capture_loop:_capture_worker:168 | {'module': 'capture_loop'} | Frame capture returned no data
2025-08-31 22:52:39.885 | WARNING  | obscam.core.capture_loop:_capture_worker:168 | {'module': 'capture_loop'} | Frame capture returned no data
2025-08-31 22:52:40.111 | WARNING  | obscam.core.capture_loop:_capture_worker:168 | {'module': 'capture_loop'} | Frame capture returned no data
2025-08-31 22:52:40.337 | WARNING  | obscam.core.capture_loop:_capture_worker:168 | {'module': 'capture_loop'} | Frame capture returned no data
2025-08-31 22:52:40.563 | WARNING  | obscam.core.capture_loop:_capture_worker:168 | {'module': 'capture_loop'} | Frame capture returned no data
2025-08-31 22:52:40.787 | WARNING  | obscam.core.capture_loop:_capture_worker:168 | {'module': 'capture_loop'} | Frame capture returned no data
2025-08-31 22:52:41.013 | WARNING  | obscam.core.capture_loop:_capture_worker:168 | {'module': 'capture_loop'} | Frame capture returned no data
2025-08-31 22:52:41.238 | WARNING  | obscam.core.capture_loop:_capture_worker:168 | {'module': 'capture_loop'} | Frame capture returned no data
2025-08-31 22:52:41.462 | WARNING  | obscam.core.capture_loop:_capture_worker:168 | {'module': 'capture_loop'} | Frame capture returned no data
2025-08-31 22:52:41.687 | WARNING  | obscam.core.capture_loop:_capture_worker:168 | {'module': 'capture_loop'} | Frame capture returned no data
2025-08-31 22:52:41.913 | WARNING  | obscam.core.capture_loop:_capture_worker:168 | {'module': 'capture_loop'} | Frame capture returned no data
2025-08-31 22:52:42.139 | WARNING  | obscam.core.capture_loop:_capture_worker:168 | {'module': 'capture_loop'} | Frame capture returned no data
2025-08-31 22:52:42.361 | WARNING  | obscam.core.capture_loop:_capture_worker:168 | {'module': 'capture_loop'} | Frame capture returned no data
2025-08-31 22:52:42.587 | WARNING  | obscam.core.capture_loop:_capture_worker:168 | {'module': 'capture_loop'} | Frame capture returned no data
2025-08-31 22:52:42.811 | WARNING  | obscam.core.capture_loop:_capture_worker:168 | {'module': 'capture_loop'} | Frame capture returned no data
2025-08-31 22:52:43.033 | WARNING  | obscam.core.capture_loop:_capture_worker:168 | {'module': 'capture_loop'} | Frame capture returned no data
2025-08-31 22:52:43.258 | WARNING  | obscam.core.capture_loop:_capture_worker:168 | {'module': 'capture_loop'} | Frame capture returned no data
2025-08-31 22:52:43.484 | WARNING  | obscam.core.capture_loop:_capture_worker:168 | {'module': 'capture_loop'} | Frame capture returned no data
2025-08-31 22:52:43.711 | WARNING  | obscam.core.capture_loop:_capture_worker:168 | {'module': 'capture_loop'} | Frame capture returned no data
2025-08-31 22:52:43.937 | WARNING  | obscam.core.capture_loop:_capture_worker:168 | {'module': 'capture_loop'} | Frame capture returned no data
2025-08-31 22:52:44.162 | WARNING  | obscam.core.capture_loop:_capture_worker:168 | {'module': 'capture_loop'} | Frame capture returned no data
2025-08-31 22:52:44.387 | WARNING  | obscam.core.capture_loop:_capture_worker:168 | {'module': 'capture_loop'} | Frame capture returned no data
2025-08-31 22:52:44.614 | WARNING  | obscam.core.capture_loop:_capture_worker:168 | {'module': 'capture_loop'} | Frame capture returned no data
2025-08-31 22:52:44.838 | WARNING  | obscam.core.capture_loop:_capture_worker:168 | {'module': 'capture_loop'} | Frame capture returned no data
2025-08-31 22:52:45.064 | WARNING  | obscam.core.capture_loop:_capture_worker:168 | {'module': 'capture_loop'} | Frame capture returned no data
2025-08-31 22:52:45.289 | WARNING  | obscam.core.capture_loop:_capture_worker:168 | {'module': 'capture_loop'} | Frame capture returned no data
2025-08-31 22:52:45.511 | WARNING  | obscam.core.capture_loop:_capture_worker:168 | {'module': 'capture_loop'} | Frame capture returned no data
2025-08-31 22:52:45.737 | WARNING  | obscam.core.capture_loop:_capture_worker:168 | {'module': 'capture_loop'} | Frame capture returned no data
2025-08-31 22:52:45.962 | WARNING  | obscam.core.capture_loop:_capture_worker:168 | {'module': 'capture_loop'} | Frame capture returned no data
2025-08-31 22:52:46.188 | WARNING  | obscam.core.capture_loop:_capture_worker:168 | {'module': 'capture_loop'} | Frame capture returned no data
2025-08-31 22:52:46.412 | WARNING  | obscam.core.capture_loop:_capture_worker:168 | {'module': 'capture_loop'} | Frame capture returned no data
2025-08-31 22:52:46.638 | WARNING  | obscam.core.capture_loop:_capture_worker:168 | {'module': 'capture_loop'} | Frame capture returned no data
2025-08-31 22:52:46.862 | WARNING  | obscam.core.capture_loop:_capture_worker:168 | {'module': 'capture_loop'} | Frame capture returned no data
2025-08-31 22:52:47.083 | WARNING  | obscam.core.capture_loop:_capture_worker:168 | {'module': 'capture_loop'} | Frame capture returned no data
2025-08-31 22:52:47.310 | WARNING  | obscam.core.capture_loop:_capture_worker:168 | {'module': 'capture_loop'} | Frame capture returned no data
2025-08-31 22:52:47.534 | WARNING  | obscam.core.capture_loop:_capture_worker:168 | {'module': 'capture_loop'} | Frame capture returned no data
2025-08-31 22:52:47.762 | WARNING  | obscam.core.capture_loop:_capture_worker:168 | {'module': 'capture_loop'} | Frame capture returned no data
2025-08-31 22:52:47.987 | WARNING  | obscam.core.capture_loop:_capture_worker:168 | {'module': 'capture_loop'} | Frame capture returned no data
2025-08-31 22:52:48.208 | WARNING  | obscam.core.capture_loop:_capture_worker:168 | {'module': 'capture_loop'} | Frame capture returned no data
2025-08-31 22:52:48.433 | WARNING  | obscam.core.capture_loop:_capture_worker:168 | {'module': 'capture_loop'} | Frame capture returned no data
2025-08-31 22:52:48.659 | WARNING  | obscam.core.capture_loop:_capture_worker:168 | {'module': 'capture_loop'} | Frame capture returned no data
2025-08-31 22:52:48.885 | WARNING  | obscam.core.capture_loop:_capture_worker:168 | {'module': 'capture_loop'} | Frame capture returned no data
2025-08-31 22:52:49.109 | WARNING  | obscam.core.capture_loop:_capture_worker:168 | {'module': 'capture_loop'} | Frame capture returned no data
2025-08-31 22:52:49.332 | WARNING  | obscam.core.capture_loop:_capture_worker:168 | {'module': 'capture_loop'} | Frame capture returned no data
2025-08-31 22:52:49.553 | WARNING  | obscam.core.capture_loop:_capture_worker:168 | {'module': 'capture_loop'} | Frame capture returned no data
2025-08-31 22:52:49.778 | WARNING  | obscam.core.capture_loop:_capture_worker:168 | {'module': 'capture_loop'} | Frame capture returned no data
2025-08-31 22:52:50.001 | WARNING  | obscam.core.capture_loop:_capture_worker:168 | {'module': 'capture_loop'} | Frame capture returned no data
2025-08-31 22:52:50.227 | WARNING  | obscam.core.capture_loop:_capture_worker:168 | {'module': 'capture_loop'} | Frame capture returned no data
2025-08-31 22:52:50.448 | WARNING  | obscam.core.capture_loop:_capture_worker:168 | {'module': 'capture_loop'} | Frame capture returned no data
2025-08-31 22:52:50.672 | WARNING  | obscam.core.capture_loop:_capture_worker:168 | {'module': 'capture_loop'} | Frame capture returned no data
2025-08-31 22:52:50.897 | WARNING  | obscam.core.capture_loop:_capture_worker:168 | {'module': 'capture_loop'} | Frame capture returned no data
2025-08-31 22:52:51.124 | WARNING  | obscam.core.capture_loop:_capture_worker:168 | {'module': 'capture_loop'} | Frame capture returned no data
2025-08-31 22:52:51.350 | WARNING  | obscam.core.capture_loop:_capture_worker:168 | {'module': 'capture_loop'} | Frame capture returned no data
2025-08-31 22:52:51.573 | WARNING  | obscam.core.capture_loop:_capture_worker:168 | {'module': 'capture_loop'} | Frame capture returned no data
2025-08-31 22:52:51.800 | WARNING  | obscam.core.capture_loop:_capture_worker:168 | {'module': 'capture_loop'} | Frame capture returned no data
2025-08-31 22:52:52.025 | WARNING  | obscam.core.capture_loop:_capture_worker:168 | {'module': 'capture_loop'} | Frame capture returned no data
2025-08-31 22:52:52.251 | WARNING  | obscam.core.capture_loop:_capture_worker:168 | {'module': 'capture_loop'} | Frame capture returned no data
2025-08-31 22:52:52.473 | WARNING  | obscam.core.capture_loop:_capture_worker:168 | {'module': 'capture_loop'} | Frame capture returned no data
2025-08-31 22:52:52.699 | WARNING  | obscam.core.capture_loop:_capture_worker:168 | {'module': 'capture_loop'} | Frame capture returned no data
2025-08-31 22:52:52.924 | WARNING  | obscam.core.capture_loop:_capture_worker:168 | {'module': 'capture_loop'} | Frame capture returned no data
2025-08-31 22:52:53.150 | WARNING  | obscam.core.capture_loop:_capture_worker:168 | {'module': 'capture_loop'} | Frame capture returned no data
2025-08-31 22:52:53.374 | WARNING  | obscam.core.capture_loop:_capture_worker:168 | {'module': 'capture_loop'} | Frame capture returned no data
2025-08-31 22:52:53.601 | WARNING  | obscam.core.capture_loop:_capture_worker:168 | {'module': 'capture_loop'} | Frame capture returned no data
2025-08-31 22:52:53.825 | WARNING  | obscam.core.capture_loop:_capture_worker:168 | {'module': 'capture_loop'} | Frame capture returned no data
2025-08-31 22:52:54.049 | WARNING  | obscam.core.capture_loop:_capture_worker:168 | {'module': 'capture_loop'} | Frame capture returned no data
2025-08-31 22:52:54.271 | WARNING  | obscam.core.capture_loop:_capture_worker:168 | {'module': 'capture_loop'} | Frame capture returned no data
2025-08-31 22:52:54.495 | WARNING  | obscam.core.capture_loop:_capture_worker:168 | {'module': 'capture_loop'} | Frame capture returned no data
2025-08-31 22:52:54.721 | WARNING  | obscam.core.capture_loop:_capture_worker:168 | {'module': 'capture_loop'} | Frame capture returned no data
2025-08-31 22:52:54.939 | WARNING  | obscam.core.capture_loop:_capture_worker:168 | {'module': 'capture_loop'} | Frame capture returned no data
2025-08-31 22:52:55.165 | WARNING  | obscam.core.capture_loop:_capture_worker:168 | {'module': 'capture_loop'} | Frame capture returned no data
2025-08-31 22:52:55.390 | WARNING  | obscam.core.capture_loop:_capture_worker:168 | {'module': 'capture_loop'} | Frame capture returned no data
2025-08-31 22:52:55.616 | WARNING  | obscam.core.capture_loop:_capture_worker:168 | {'module': 'capture_loop'} | Frame capture returned no data
2025-08-31 22:52:55.842 | WARNING  | obscam.core.capture_loop:_capture_worker:168 | {'module': 'capture_loop'} | Frame capture returned no data
2025-08-31 22:52:56.068 | WARNING  | obscam.core.capture_loop:_capture_worker:168 | {'module': 'capture_loop'} | Frame capture returned no data
2025-08-31 22:52:56.292 | WARNING  | obscam.core.capture_loop:_capture_worker:168 | {'module': 'capture_loop'} | Frame capture returned no data
2025-08-31 22:52:56.517 | WARNING  | obscam.core.capture_loop:_capture_worker:168 | {'module': 'capture_loop'} | Frame capture returned no data
2025-08-31 22:52:56.743 | WARNING  | obscam.core.capture_loop:_capture_worker:168 | {'module': 'capture_loop'} | Frame capture returned no data
2025-08-31 22:52:56.969 | WARNING  | obscam.core.capture_loop:_capture_worker:168 | {'module': 'capture_loop'} | Frame capture returned no data
2025-08-31 22:52:57.190 | WARNING  | obscam.core.capture_loop:_capture_worker:168 | {'module': 'capture_loop'} | Frame capture returned no data
2025-08-31 22:52:57.416 | WARNING  | obscam.core.capture_loop:_capture_worker:168 | {'module': 'capture_loop'} | Frame capture returned no data
2025-08-31 22:52:57.642 | WARNING  | obscam.core.capture_loop:_capture_worker:168 | {'module': 'capture_loop'} | Frame capture returned no data
2025-08-31 22:52:57.864 | WARNING  | obscam.core.capture_loop:_capture_worker:168 | {'module': 'capture_loop'} | Frame capture returned no data
2025-08-31 22:52:58.094 | WARNING  | obscam.core.capture_loop:_capture_worker:168 | {'module': 'capture_loop'} | Frame capture returned no data
2025-08-31 22:52:58.319 | WARNING  | obscam.core.capture_loop:_capture_worker:168 | {'module': 'capture_loop'} | Frame capture returned no data
2025-08-31 22:52:58.545 | WARNING  | obscam.core.capture_loop:_capture_worker:168 | {'module': 'capture_loop'} | Frame capture returned no data
2025-08-31 22:52:58.769 | WARNING  | obscam.core.capture_loop:_capture_worker:168 | {'module': 'capture_loop'} | Frame capture returned no data
2025-08-31 22:52:58.993 | WARNING  | obscam.core.capture_loop:_capture_worker:168 | {'module': 'capture_loop'} | Frame capture returned no data
2025-08-31 22:52:59.216 | WARNING  | obscam.core.capture_loop:_capture_worker:168 | {'module': 'capture_loop'} | Frame capture returned no data
2025-08-31 22:52:59.442 | WARNING  | obscam.core.capture_loop:_capture_worker:168 | {'module': 'capture_loop'} | Frame capture returned no data
2025-08-31 22:52:59.668 | WARNING  | obscam.core.capture_loop:_capture_worker:168 | {'module': 'capture_loop'} | Frame capture returned no data
2025-08-31 22:52:59.893 | WARNING  | obscam.core.capture_loop:_capture_worker:168 | {'module': 'capture_loop'} | Frame capture returned no data
2025-08-31 22:53:00.114 | WARNING  | obscam.core.capture_loop:_capture_worker:168 | {'module': 'capture_loop'} | Frame capture returned no data
2025-08-31 22:53:00.340 | WARNING  | obscam.core.capture_loop:_capture_worker:168 | {'module': 'capture_loop'} | Frame capture returned no data
2025-08-31 22:53:00.563 | WARNING  | obscam.core.capture_loop:_capture_worker:168 | {'module': 'capture_loop'} | Frame capture returned no data
2025-08-31 22:53:00.789 | WARNING  | obscam.core.capture_loop:_capture_worker:168 | {'module': 'capture_loop'} | Frame capture returned no data
2025-08-31 22:53:01.012 | WARNING  | obscam.core.capture_loop:_capture_worker:168 | {'module': 'capture_loop'} | Frame capture returned no data
2025-08-31 22:53:01.238 | WARNING  | obscam.core.capture_loop:_capture_worker:168 | {'module': 'capture_loop'} | Frame capture returned no data
2025-08-31 22:53:01.463 | WARNING  | obscam.core.capture_loop:_capture_worker:168 | {'module': 'capture_loop'} | Frame capture returned no data
2025-08-31 22:53:01.688 | WARNING  | obscam.core.capture_loop:_capture_worker:168 | {'module': 'capture_loop'} | Frame capture returned no data
2025-08-31 22:53:01.914 | WARNING  | obscam.core.capture_loop:_capture_worker:168 | {'module': 'capture_loop'} | Frame capture returned no data
2025-08-31 22:53:02.141 | WARNING  | obscam.core.capture_loop:_capture_worker:168 | {'module': 'capture_loop'} | Frame capture returned no data
2025-08-31 22:53:02.362 | WARNING  | obscam.core.capture_loop:_capture_worker:168 | {'module': 'capture_loop'} | Frame capture returned no data
2025-08-31 22:53:02.587 | WARNING  | obscam.core.capture_loop:_capture_worker:168 | {'module': 'capture_loop'} | Frame capture returned no data
2025-08-31 22:53:02.809 | WARNING  | obscam.core.capture_loop:_capture_worker:168 | {'module': 'capture_loop'} | Frame capture returned no data
2025-08-31 22:53:03.033 | WARNING  | obscam.core.capture_loop:_capture_worker:168 | {'module': 'capture_loop'} | Frame capture returned no data
2025-08-31 22:53:03.259 | WARNING  | obscam.core.capture_loop:_capture_worker:168 | {'module': 'capture_loop'} | Frame capture returned no data
2025-08-31 22:53:03.484 | WARNING  | obscam.core.capture_loop:_capture_worker:168 | {'module': 'capture_loop'} | Frame capture returned no data
2025-08-31 22:53:03.710 | WARNING  | obscam.core.capture_loop:_capture_worker:168 | {'module': 'capture_loop'} | Frame capture returned no data
2025-08-31 22:53:03.935 | WARNING  | obscam.core.capture_loop:_capture_worker:168 | {'module': 'capture_loop'} | Frame capture returned no data
2025-08-31 22:53:04.158 | WARNING  | obscam.core.capture_loop:_capture_worker:168 | {'module': 'capture_loop'} | Frame capture returned no data
2025-08-31 22:53:04.382 | WARNING  | obscam.core.capture_loop:_capture_worker:168 | {'module': 'capture_loop'} | Frame capture returned no data
2025-08-31 22:53:04.608 | WARNING  | obscam.core.capture_loop:_capture_worker:168 | {'module': 'capture_loop'} | Frame capture returned no data
2025-08-31 22:53:04.833 | WARNING  | obscam.core.capture_loop:_capture_worker:168 | {'module': 'capture_loop'} | Frame capture returned no data
2025-08-31 22:53:05.054 | WARNING  | obscam.core.capture_loop:_capture_worker:168 | {'module': 'capture_loop'} | Frame capture returned no data
2025-08-31 22:53:05.275 | WARNING  | obscam.core.capture_loop:_capture_worker:168 | {'module': 'capture_loop'} | Frame capture returned no data
2025-08-31 22:53:05.498 | WARNING  | obscam.core.capture_loop:_capture_worker:168 | {'module': 'capture_loop'} | Frame capture returned no data
2025-08-31 22:53:05.720 | WARNING  | obscam.core.capture_loop:_capture_worker:168 | {'module': 'capture_loop'} | Frame capture returned no data
2025-08-31 22:53:05.944 | WARNING  | obscam.core.capture_loop:_capture_worker:168 | {'module': 'capture_loop'} | Frame capture returned no data
2025-08-31 22:53:06.166 | WARNING  | obscam.core.capture_loop:_capture_worker:168 | {'module': 'capture_loop'} | Frame capture returned no data
2025-08-31 22:53:06.391 | WARNING  | obscam.core.capture_loop:_capture_worker:168 | {'module': 'capture_loop'} | Frame capture returned no data
2025-08-31 22:53:06.616 | WARNING  | obscam.core.capture_loop:_capture_worker:168 | {'module': 'capture_loop'} | Frame capture returned no data
2025-08-31 22:53:06.843 | WARNING  | obscam.core.capture_loop:_capture_worker:168 | {'module': 'capture_loop'} | Frame capture returned no data
2025-08-31 22:53:07.068 | WARNING  | obscam.core.capture_loop:_capture_worker:168 | {'module': 'capture_loop'} | Frame capture returned no data
2025-08-31 22:53:07.293 | WARNING  | obscam.core.capture_loop:_capture_worker:168 | {'module': 'capture_loop'} | Frame capture returned no data
2025-08-31 22:53:07.519 | WARNING  | obscam.core.capture_loop:_capture_worker:168 | {'module': 'capture_loop'} | Frame capture returned no data
2025-08-31 22:53:07.742 | WARNING  | obscam.core.capture_loop:_capture_worker:168 | {'module': 'capture_loop'} | Frame capture returned no data
2025-08-31 22:53:07.967 | WARNING  | obscam.core.capture_loop:_capture_worker:168 | {'module': 'capture_loop'} | Frame capture returned no data
2025-08-31 22:53:08.193 | WARNING  | obscam.core.capture_loop:_capture_worker:168 | {'module': 'capture_loop'} | Frame capture returned no data
2025-08-31 22:53:08.427 | WARNING  | obscam.core.capture_loop:_capture_worker:168 | {'module': 'capture_loop'} | Frame capture returned no data
2025-08-31 22:53:08.652 | WARNING  | obscam.core.capture_loop:_capture_worker:168 | {'module': 'capture_loop'} | Frame capture returned no data
2025-08-31 22:53:08.880 | WARNING  | obscam.core.capture_loop:_capture_worker:168 | {'module': 'capture_loop'} | Frame capture returned no data
2025-08-31 22:53:09.106 | WARNING  | obscam.core.capture_loop:_capture_worker:168 | {'module': 'capture_loop'} | Frame capture returned no data
2025-08-31 22:53:09.328 | WARNING  | obscam.core.capture_loop:_capture_worker:168 | {'module': 'capture_loop'} | Frame capture returned no data
2025-08-31 22:53:09.554 | WARNING  | obscam.core.capture_loop:_capture_worker:168 | {'module': 'capture_loop'} | Frame capture returned no data
2025-08-31 22:53:09.778 | WARNING  | obscam.core.capture_loop:_capture_worker:168 | {'module': 'capture_loop'} | Frame capture returned no data
2025-08-31 22:53:10.004 | WARNING  | obscam.core.capture_loop:_capture_worker:168 | {'module': 'capture_loop'} | Frame capture returned no data
2025-08-31 22:53:10.225 | WARNING  | obscam.core.capture_loop:_capture_worker:168 | {'module': 'capture_loop'} | Frame capture returned no data
2025-08-31 22:53:10.451 | WARNING  | obscam.core.capture_loop:_capture_worker:168 | {'module': 'capture_loop'} | Frame capture returned no data
2025-08-31 22:53:10.675 | WARNING  | obscam.core.capture_loop:_capture_worker:168 | {'module': 'capture_loop'} | Frame capture returned no data
2025-08-31 22:53:10.901 | WARNING  | obscam.core.capture_loop:_capture_worker:168 | {'module': 'capture_loop'} | Frame capture returned no data
2025-08-31 22:53:11.128 | WARNING  | obscam.core.capture_loop:_capture_worker:168 | {'module': 'capture_loop'} | Frame capture returned no data
2025-08-31 22:53:11.352 | WARNING  | obscam.core.capture_loop:_capture_worker:168 | {'module': 'capture_loop'} | Frame capture returned no data
2025-08-31 22:53:11.575 | WARNING  | obscam.core.capture_loop:_capture_worker:168 | {'module': 'capture_loop'} | Frame capture returned no data
2025-08-31 22:53:11.800 | WARNING  | obscam.core.capture_loop:_capture_worker:168 | {'module': 'capture_loop'} | Frame capture returned no data
2025-08-31 22:53:11.884 | INFO     | obscam.common.logging_config:setup_logging:71 | {'log_dir': '/Users/gheadley/nas/develop/python/obscam/logs', 'debug_mode': False, 'console_level': 'INFO'} | Logging initialized
2025-08-31 22:53:11.884 | INFO     | obscam:main:20 | {'module': 'main'} | Starting ObsCam with debug_mode=False
2025-08-31 22:53:11.993 | INFO     | obscam.core.camera_factory:get_backend_service:48 | {'module': 'camera_factory'} | Using ZWO ASI camera implementation (production mode)
2025-08-31 22:53:12.018 | ERROR    | obscam:main:33 | {'module': 'main'} | Unexpected error: Failed to initialize ZWO ASI SDK: ZWO ASI SDK library not found. Set ZWO_ASI_LIB environment variable or provide library_path
2025-08-31 22:53:12.025 | WARNING  | obscam.core.capture_loop:_capture_worker:168 | {'module': 'capture_loop'} | Frame capture returned no data
2025-08-31 22:53:12.250 | WARNING  | obscam.core.capture_loop:_capture_worker:168 | {'module': 'capture_loop'} | Frame capture returned no data
2025-08-31 22:53:12.473 | WARNING  | obscam.core.capture_loop:_capture_worker:168 | {'module': 'capture_loop'} | Frame capture returned no data
2025-08-31 22:53:12.697 | WARNING  | obscam.core.capture_loop:_capture_worker:168 | {'module': 'capture_loop'} | Frame capture returned no data
2025-08-31 22:53:12.923 | WARNING  | obscam.core.capture_loop:_capture_worker:168 | {'module': 'capture_loop'} | Frame capture returned no data
2025-08-31 22:53:13.148 | WARNING  | obscam.core.capture_loop:_capture_worker:168 | {'module': 'capture_loop'} | Frame capture returned no data
2025-08-31 22:53:13.371 | WARNING  | obscam.core.capture_loop:_capture_worker:168 | {'module': 'capture_loop'} | Frame capture returned no data
2025-08-31 22:53:13.595 | WARNING  | obscam.core.capture_loop:_capture_worker:168 | {'module': 'capture_loop'} | Frame capture returned no data
2025-08-31 22:53:13.820 | WARNING  | obscam.core.capture_loop:_capture_worker:168 | {'module': 'capture_loop'} | Frame capture returned no data
2025-08-31 22:53:14.045 | WARNING  | obscam.core.capture_loop:_capture_worker:168 | {'module': 'capture_loop'} | Frame capture returned no data
2025-08-31 22:53:14.270 | WARNING  | obscam.core.capture_loop:_capture_worker:168 | {'module': 'capture_loop'} | Frame capture returned no data
2025-08-31 22:53:14.496 | WARNING  | obscam.core.capture_loop:_capture_worker:168 | {'module': 'capture_loop'} | Frame capture returned no data
2025-08-31 22:53:14.722 | WARNING  | obscam.core.capture_loop:_capture_worker:168 | {'module': 'capture_loop'} | Frame capture returned no data
2025-08-31 22:53:14.945 | WARNING  | obscam.core.capture_loop:_capture_worker:168 | {'module': 'capture_loop'} | Frame capture returned no data
2025-08-31 22:53:15.171 | WARNING  | obscam.core.capture_loop:_capture_worker:168 | {'module': 'capture_loop'} | Frame capture returned no data
2025-08-31 22:53:15.396 | WARNING  | obscam.core.capture_loop:_capture_worker:168 | {'module': 'capture_loop'} | Frame capture returned no data
2025-08-31 22:53:15.618 | WARNING  | obscam.core.capture_loop:_capture_worker:168 | {'module': 'capture_loop'} | Frame capture returned no data
2025-08-31 22:53:15.839 | WARNING  | obscam.core.capture_loop:_capture_worker:168 | {'module': 'capture_loop'} | Frame capture returned no data
2025-08-31 22:53:16.064 | WARNING  | obscam.core.capture_loop:_capture_worker:168 | {'module': 'capture_loop'} | Frame capture returned no data
2025-08-31 22:53:16.287 | WARNING  | obscam.core.capture_loop:_capture_worker:168 | {'module': 'capture_loop'} | Frame capture returned no data
2025-08-31 22:53:16.381 | INFO     | obscam.common.logging_config:setup_logging:71 | {'log_dir': '/Users/gheadley/nas/develop/python/obscam/logs', 'debug_mode': False, 'console_level': 'INFO'} | Logging initialized
2025-08-31 22:53:16.381 | INFO     | obscam:main:20 | {'module': 'main'} | Starting ObsCam with debug_mode=False
2025-08-31 22:53:16.486 | INFO     | obscam.core.camera_factory:get_backend_service:43 | {'module': 'camera_factory'} | Using gphoto2 camera implementation (development mode)
2025-08-31 22:53:16.498 | INFO     | obscam.core.capture_loop:__init__:31 | {'module': 'capture_loop'} | Capture loop initialized
2025-08-31 22:53:16.498 | INFO     | obscam.storage.settings_manager:__init__:30 | {'module': 'settings_manager', 'settings_file': '/tmp/obscam/obscam_settings.json'} | Settings manager initialized
2025-08-31 22:53:16.498 | INFO     | obscam.core.backend_service:__init__:42 | {'module': 'backend_service', 'camera_type': 'Gphoto2Camera', 'cache_dir': '/tmp/obscam'} | Backend service initialized
2025-08-31 22:53:16.498 | INFO     | obscam.core.camera_factory:get_backend_service:54 | {'module': 'camera_factory', 'cache_dir': '/tmp/obscam'} | Backend service created
2025-08-31 22:53:16.498 | INFO     | obscam.api.main:start_server:555 | {'module': 'api_main'} | Starting backend service...
2025-08-31 22:53:16.498 | INFO     | obscam.core.backend_service:start_backend:54 | {'module': 'backend_service'} | Starting camera backend service
2025-08-31 22:53:16.499 | INFO     | obscam.storage.settings_manager:start:44 | {'module': 'settings_manager'} | Settings save worker started
2025-08-31 22:53:16.509 | WARNING  | obscam.core.capture_loop:_capture_worker:168 | {'module': 'capture_loop'} | Frame capture returned no data
2025-08-31 22:53:16.618 | INFO     | obscam.common.logging_config:log_camera_event:114 | {'event_type': 'connected', 'camera_status': {'status': 'connected', 'camera_model': 'Nikon Zf (via gphoto2)', 'is_color_camera': True, 'current_exposure_ms': 200.0, 'current_gain': 100, 'image_format': 'color', 'shutter_mode': 'Bulb'}} | Camera event
2025-08-31 22:53:16.618 | INFO     | obscam.storage.settings_manager:load_settings:62 | {'module': 'settings_manager', 'settings': {'exposure_ms': 200.0, 'gain': 100, 'wb_r': 100, 'wb_b': 100, 'image_format': 'color', 'timestamp': 1756676767.197595}} | Settings loaded successfully
2025-08-31 22:53:16.619 | INFO     | obscam.core.backend_service:start_backend:72 | {'module': 'backend_service', 'settings': {'exposure_ms': 200.0, 'gain': 100, 'wb_r': 100, 'wb_b': 100, 'image_format': 'color', 'timestamp': 1756676767.197595}} | Applying cached settings
2025-08-31 22:53:16.621 | INFO     | obscam.common.logging_config:log_camera_event:114 | {'event_type': 'settings_applied', 'settings': {'exposure_ms': 200.0, 'gain': 100, 'wb_r': 100, 'wb_b': 100, 'image_format': 'color', 'timestamp': 1756676767.197595}} | Camera event
2025-08-31 22:53:16.623 | INFO     | obscam.core.capture_loop:_capture_worker:107 | {'module': 'capture_loop'} | Capture loop thread started
2025-08-31 22:53:16.623 | INFO     | obscam.common.logging_config:log_camera_event:114 | {'event_type': 'capture_loop_started'} | Camera event
2025-08-31 22:53:16.623 | INFO     | obscam.core.backend_service:start_backend:87 | {'module': 'backend_service'} | Backend service started successfully
2025-08-31 22:53:16.623 | INFO     | obscam.common.logging_config:log_camera_event:114 | {'event_type': 'backend_started', 'status': {'backend_service': 'running', 'continuous_capture': True, 'has_frame': False, 'status': 'connected', 'camera_model': 'Nikon Zf (via gphoto2)', 'is_color_camera': True, 'current_exposure_ms': 200.0, 'current_gain': 100, 'image_format': 'color', 'shutter_mode': 'Unknown'}} | Camera event
2025-08-31 22:53:16.623 | INFO     | obscam.api.main:start_server:557 | {'module': 'api_main'} | Backend service started successfully!
2025-08-31 22:53:16.623 | INFO     | obscam.api.main:start_server:558 | {'module': 'api_main'} | Available endpoints:
2025-08-31 22:53:16.623 | INFO     | obscam.api.main:start_server:559 | {'module': 'api_main'} |   - Main page: http://localhost:8000/
2025-08-31 22:53:16.623 | INFO     | obscam.api.main:start_server:560 | {'module': 'api_main'} |   - Latest frame: http://localhost:8000/api/latest-frame
2025-08-31 22:53:16.623 | INFO     | obscam.api.main:start_server:561 | {'module': 'api_main'} |   - Update settings: POST http://localhost:8000/api/update-settings
2025-08-31 22:53:16.623 | INFO     | obscam.api.main:start_server:564 | {'module': 'api_main'} |   - Status: http://localhost:8000/api/status
2025-08-31 22:53:16.623 | INFO     | obscam.api.main:start_server:569 | {'module': 'api_main'} | Starting web server on port 8000...
2025-08-31 22:53:16.623 | INFO     | obscam.api.main:start_server:570 | {'module': 'api_main'} | Press Ctrl+C to shut down gracefully
2025-08-31 22:53:16.631 | INFO     | obscam.api.main:shutdown:56 | {'module': 'api_main'} | FastAPI shutdown event triggered
2025-08-31 22:53:16.734 | WARNING  | obscam.core.capture_loop:_capture_worker:168 | {'module': 'capture_loop'} | Frame capture returned no data
2025-08-31 22:53:16.961 | WARNING  | obscam.core.capture_loop:_capture_worker:168 | {'module': 'capture_loop'} | Frame capture returned no data
2025-08-31 22:53:17.132 | INFO     | obscam.api.main:shutdown:60 | {'module': 'api_main'} | FastAPI shutdown cleanup completed
2025-08-31 22:53:17.132 | INFO     | obscam.api.main:start_server:576 | {'module': 'api_main'} | Shutting down backend service...
2025-08-31 22:53:17.133 | INFO     | obscam.core.backend_service:shutdown_gracefully:240 | {'module': 'backend_service'} | Performing graceful shutdown of backend service
2025-08-31 22:53:17.133 | INFO     | obscam.storage.settings_manager:_save_settings_to_disk:125 | {'module': 'settings_manager', 'settings': {'exposure_ms': 200.0, 'gain': 100, 'wb_r': 100, 'wb_b': 100, 'image_format': 'color', 'timestamp': 1756677196.498604}} | Settings saved successfully
2025-08-31 22:53:17.133 | INFO     | obscam.core.backend_service:shutdown_gracefully:246 | {'module': 'backend_service'} | Settings saved successfully during shutdown
2025-08-31 22:53:17.133 | INFO     | obscam.core.backend_service:stop_backend:96 | {'module': 'backend_service'} | Stopping backend service
2025-08-31 22:53:17.133 | INFO     | obscam.core.capture_loop:stop:57 | {'module': 'capture_loop'} | Stopping capture loop...
2025-08-31 22:53:17.185 | WARNING  | obscam.core.capture_loop:_capture_worker:168 | {'module': 'capture_loop'} | Frame capture returned no data
2025-08-31 22:53:17.410 | WARNING  | obscam.core.capture_loop:_capture_worker:168 | {'module': 'capture_loop'} | Frame capture returned no data
2025-08-31 22:53:17.636 | WARNING  | obscam.core.capture_loop:_capture_worker:168 | {'module': 'capture_loop'} | Frame capture returned no data
2025-08-31 22:53:17.857 | WARNING  | obscam.core.capture_loop:_capture_worker:168 | {'module': 'capture_loop'} | Frame capture returned no data
2025-08-31 22:53:17.959 | WARNING  | obscam.core.capture_loop:_capture_worker:168 | {'module': 'capture_loop'} | Frame capture returned no data
2025-08-31 22:53:17.972 | INFO     | obscam.core.capture_loop:_capture_worker:218 | {'module': 'capture_loop', 'final_frame_count': 0} | Capture loop thread ended
2025-08-31 22:53:17.972 | INFO     | obscam.core.capture_loop:stop:70 | {'module': 'capture_loop'} | Capture thread stopped successfully
2025-08-31 22:53:17.972 | INFO     | obscam.common.logging_config:log_camera_event:114 | {'event_type': 'capture_loop_stopped'} | Camera event
2025-08-31 22:53:17.983 | INFO     | obscam.storage.settings_manager:stop:54 | {'module': 'settings_manager'} | Settings save worker stopped
2025-08-31 22:53:17.983 | INFO     | obscam.common.logging_config:log_camera_event:114 | {'event_type': 'backend_stopped'} | Camera event
2025-08-31 22:53:17.983 | INFO     | obscam.core.backend_service:shutdown_gracefully:252 | {'module': 'backend_service'} | Backend service graceful shutdown completed
2025-08-31 22:53:17.983 | INFO     | obscam.api.main:start_server:578 | {'module': 'api_main'} | Shutdown complete. Goodbye!
2025-08-31 22:53:18.082 | WARNING  | obscam.core.capture_loop:_capture_worker:168 | {'module': 'capture_loop'} | Frame capture returned no data
2025-08-31 22:53:18.308 | WARNING  | obscam.core.capture_loop:_capture_worker:168 | {'module': 'capture_loop'} | Frame capture returned no data
2025-08-31 22:53:18.532 | WARNING  | obscam.core.capture_loop:_capture_worker:168 | {'module': 'capture_loop'} | Frame capture returned no data
2025-08-31 22:53:18.753 | WARNING  | obscam.core.capture_loop:_capture_worker:168 | {'module': 'capture_loop'} | Frame capture returned no data
2025-08-31 22:53:18.979 | WARNING  | obscam.core.capture_loop:_capture_worker:168 | {'module': 'capture_loop'} | Frame capture returned no data
2025-08-31 22:53:19.202 | WARNING  | obscam.core.capture_loop:_capture_worker:168 | {'module': 'capture_loop'} | Frame capture returned no data
2025-08-31 22:53:19.426 | WARNING  | obscam.core.capture_loop:_capture_worker:168 | {'module': 'capture_loop'} | Frame capture returned no data
2025-08-31 22:53:19.651 | WARNING  | obscam.core.capture_loop:_capture_worker:168 | {'module': 'capture_loop'} | Frame capture returned no data
2025-08-31 22:53:19.872 | WARNING  | obscam.core.capture_loop:_capture_worker:168 | {'module': 'capture_loop'} | Frame capture returned no data
2025-08-31 22:53:20.098 | WARNING  | obscam.core.capture_loop:_capture_worker:168 | {'module': 'capture_loop'} | Frame capture returned no data
2025-08-31 22:53:20.323 | WARNING  | obscam.core.capture_loop:_capture_worker:168 | {'module': 'capture_loop'} | Frame capture returned no data
2025-08-31 22:53:20.548 | WARNING  | obscam.core.capture_loop:_capture_worker:168 | {'module': 'capture_loop'} | Frame capture returned no data
2025-08-31 22:53:20.774 | WARNING  | obscam.core.capture_loop:_capture_worker:168 | {'module': 'capture_loop'} | Frame capture returned no data
2025-08-31 22:53:20.997 | WARNING  | obscam.core.capture_loop:_capture_worker:168 | {'module': 'capture_loop'} | Frame capture returned no data
2025-08-31 22:53:21.223 | WARNING  | obscam.core.capture_loop:_capture_worker:168 | {'module': 'capture_loop'} | Frame capture returned no data
2025-08-31 22:53:21.449 | WARNING  | obscam.core.capture_loop:_capture_worker:168 | {'module': 'capture_loop'} | Frame capture returned no data
2025-08-31 22:53:21.673 | WARNING  | obscam.core.capture_loop:_capture_worker:168 | {'module': 'capture_loop'} | Frame capture returned no data
2025-08-31 22:53:21.898 | WARNING  | obscam.core.capture_loop:_capture_worker:168 | {'module': 'capture_loop'} | Frame capture returned no data
2025-08-31 22:53:22.124 | WARNING  | obscam.core.capture_loop:_capture_worker:168 | {'module': 'capture_loop'} | Frame capture returned no data
2025-08-31 22:53:22.349 | WARNING  | obscam.core.capture_loop:_capture_worker:168 | {'module': 'capture_loop'} | Frame capture returned no data
2025-08-31 22:53:22.575 | WARNING  | obscam.core.capture_loop:_capture_worker:168 | {'module': 'capture_loop'} | Frame capture returned no data
2025-08-31 22:53:22.800 | WARNING  | obscam.core.capture_loop:_capture_worker:168 | {'module': 'capture_loop'} | Frame capture returned no data
2025-08-31 22:53:23.024 | WARNING  | obscam.core.capture_loop:_capture_worker:168 | {'module': 'capture_loop'} | Frame capture returned no data
2025-08-31 22:53:23.248 | WARNING  | obscam.core.capture_loop:_capture_worker:168 | {'module': 'capture_loop'} | Frame capture returned no data
2025-08-31 22:53:23.474 | WARNING  | obscam.core.capture_loop:_capture_worker:168 | {'module': 'capture_loop'} | Frame capture returned no data
2025-08-31 22:53:23.699 | WARNING  | obscam.core.capture_loop:_capture_worker:168 | {'module': 'capture_loop'} | Frame capture returned no data
2025-08-31 22:53:23.921 | WARNING  | obscam.core.capture_loop:_capture_worker:168 | {'module': 'capture_loop'} | Frame capture returned no data
2025-08-31 22:53:24.141 | WARNING  | obscam.core.capture_loop:_capture_worker:168 | {'module': 'capture_loop'} | Frame capture returned no data
2025-08-31 22:53:24.367 | WARNING  | obscam.core.capture_loop:_capture_worker:168 | {'module': 'capture_loop'} | Frame capture returned no data
2025-08-31 22:53:24.592 | WARNING  | obscam.core.capture_loop:_capture_worker:168 | {'module': 'capture_loop'} | Frame capture returned no data
2025-08-31 22:53:24.816 | WARNING  | obscam.core.capture_loop:_capture_worker:168 | {'module': 'capture_loop'} | Frame capture returned no data
2025-08-31 22:53:25.041 | WARNING  | obscam.core.capture_loop:_capture_worker:168 | {'module': 'capture_loop'} | Frame capture returned no data
2025-08-31 22:53:25.267 | WARNING  | obscam.core.capture_loop:_capture_worker:168 | {'module': 'capture_loop'} | Frame capture returned no data
2025-08-31 22:53:25.494 | WARNING  | obscam.core.capture_loop:_capture_worker:168 | {'module': 'capture_loop'} | Frame capture returned no data
2025-08-31 22:53:25.719 | WARNING  | obscam.core.capture_loop:_capture_worker:168 | {'module': 'capture_loop'} | Frame capture returned no data
2025-08-31 22:53:25.942 | WARNING  | obscam.core.capture_loop:_capture_worker:168 | {'module': 'capture_loop'} | Frame capture returned no data
2025-08-31 22:53:26.165 | WARNING  | obscam.core.capture_loop:_capture_worker:168 | {'module': 'capture_loop'} | Frame capture returned no data
2025-08-31 22:53:26.391 | WARNING  | obscam.core.capture_loop:_capture_worker:168 | {'module': 'capture_loop'} | Frame capture returned no data
2025-08-31 22:53:26.615 | WARNING  | obscam.core.capture_loop:_capture_worker:168 | {'module': 'capture_loop'} | Frame capture returned no data
2025-08-31 22:53:26.835 | WARNING  | obscam.core.capture_loop:_capture_worker:168 | {'module': 'capture_loop'} | Frame capture returned no data
2025-08-31 22:53:27.061 | WARNING  | obscam.core.capture_loop:_capture_worker:168 | {'module': 'capture_loop'} | Frame capture returned no data
2025-08-31 22:53:27.287 | WARNING  | obscam.core.capture_loop:_capture_worker:168 | {'module': 'capture_loop'} | Frame capture returned no data
2025-08-31 22:53:27.512 | WARNING  | obscam.core.capture_loop:_capture_worker:168 | {'module': 'capture_loop'} | Frame capture returned no data
2025-08-31 22:53:27.737 | WARNING  | obscam.core.capture_loop:_capture_worker:168 | {'module': 'capture_loop'} | Frame capture returned no data
2025-08-31 22:53:27.958 | WARNING  | obscam.core.capture_loop:_capture_worker:168 | {'module': 'capture_loop'} | Frame capture returned no data
2025-08-31 22:53:28.184 | WARNING  | obscam.core.capture_loop:_capture_worker:168 | {'module': 'capture_loop'} | Frame capture returned no data
2025-08-31 22:53:28.409 | WARNING  | obscam.core.capture_loop:_capture_worker:168 | {'module': 'capture_loop'} | Frame capture returned no data
2025-08-31 22:53:28.635 | WARNING  | obscam.core.capture_loop:_capture_worker:168 | {'module': 'capture_loop'} | Frame capture returned no data
2025-08-31 22:53:28.859 | WARNING  | obscam.core.capture_loop:_capture_worker:168 | {'module': 'capture_loop'} | Frame capture returned no data
2025-08-31 22:53:29.085 | WARNING  | obscam.core.capture_loop:_capture_worker:168 | {'module': 'capture_loop'} | Frame capture returned no data
2025-08-31 22:53:29.308 | WARNING  | obscam.core.capture_loop:_capture_worker:168 | {'module': 'capture_loop'} | Frame capture returned no data
2025-08-31 22:53:29.534 | WARNING  | obscam.core.capture_loop:_capture_worker:168 | {'module': 'capture_loop'} | Frame capture returned no data
2025-08-31 22:53:29.759 | WARNING  | obscam.core.capture_loop:_capture_worker:168 | {'module': 'capture_loop'} | Frame capture returned no data
2025-08-31 22:53:29.983 | WARNING  | obscam.core.capture_loop:_capture_worker:168 | {'module': 'capture_loop'} | Frame capture returned no data
2025-08-31 22:53:29.984 | INFO     | obscam.common.logging_config:log_performance:99 | {'function': 'continuous_capture', 'duration_ms': 0.0, 'frames_captured': 0, 'error_count': 0, 'fps': 0.0} | Performance metric
2025-08-31 22:53:30.210 | WARNING  | obscam.core.capture_loop:_capture_worker:168 | {'module': 'capture_loop'} | Frame capture returned no data
2025-08-31 22:53:30.433 | WARNING  | obscam.core.capture_loop:_capture_worker:168 | {'module': 'capture_loop'} | Frame capture returned no data
2025-08-31 22:53:30.658 | WARNING  | obscam.core.capture_loop:_capture_worker:168 | {'module': 'capture_loop'} | Frame capture returned no data
2025-08-31 22:53:30.882 | WARNING  | obscam.core.capture_loop:_capture_worker:168 | {'module': 'capture_loop'} | Frame capture returned no data
2025-08-31 22:53:31.108 | WARNING  | obscam.core.capture_loop:_capture_worker:168 | {'module': 'capture_loop'} | Frame capture returned no data
2025-08-31 22:53:31.333 | WARNING  | obscam.core.capture_loop:_capture_worker:168 | {'module': 'capture_loop'} | Frame capture returned no data
2025-08-31 22:53:31.559 | WARNING  | obscam.core.capture_loop:_capture_worker:168 | {'module': 'capture_loop'} | Frame capture returned no data
2025-08-31 22:53:31.785 | WARNING  | obscam.core.capture_loop:_capture_worker:168 | {'module': 'capture_loop'} | Frame capture returned no data
2025-08-31 22:53:32.007 | WARNING  | obscam.core.capture_loop:_capture_worker:168 | {'module': 'capture_loop'} | Frame capture returned no data
2025-08-31 22:53:32.232 | WARNING  | obscam.core.capture_loop:_capture_worker:168 | {'module': 'capture_loop'} | Frame capture returned no data
2025-08-31 22:53:32.458 | WARNING  | obscam.core.capture_loop:_capture_worker:168 | {'module': 'capture_loop'} | Frame capture returned no data
2025-08-31 22:53:32.679 | WARNING  | obscam.core.capture_loop:_capture_worker:168 | {'module': 'capture_loop'} | Frame capture returned no data
2025-08-31 22:53:32.904 | WARNING  | obscam.core.capture_loop:_capture_worker:168 | {'module': 'capture_loop'} | Frame capture returned no data
2025-08-31 22:53:33.125 | WARNING  | obscam.core.capture_loop:_capture_worker:168 | {'module': 'capture_loop'} | Frame capture returned no data
2025-08-31 22:53:33.350 | WARNING  | obscam.core.capture_loop:_capture_worker:168 | {'module': 'capture_loop'} | Frame capture returned no data
2025-08-31 22:53:33.576 | WARNING  | obscam.core.capture_loop:_capture_worker:168 | {'module': 'capture_loop'} | Frame capture returned no data
2025-08-31 22:53:33.802 | WARNING  | obscam.core.capture_loop:_capture_worker:168 | {'module': 'capture_loop'} | Frame capture returned no data
2025-08-31 22:53:34.025 | WARNING  | obscam.core.capture_loop:_capture_worker:168 | {'module': 'capture_loop'} | Frame capture returned no data
2025-08-31 22:53:34.250 | WARNING  | obscam.core.capture_loop:_capture_worker:168 | {'module': 'capture_loop'} | Frame capture returned no data
2025-08-31 22:53:34.475 | WARNING  | obscam.core.capture_loop:_capture_worker:168 | {'module': 'capture_loop'} | Frame capture returned no data
2025-08-31 22:53:34.701 | WARNING  | obscam.core.capture_loop:_capture_worker:168 | {'module': 'capture_loop'} | Frame capture returned no data
2025-08-31 22:53:34.925 | WARNING  | obscam.core.capture_loop:_capture_worker:168 | {'module': 'capture_loop'} | Frame capture returned no data
2025-08-31 22:53:35.151 | WARNING  | obscam.core.capture_loop:_capture_worker:168 | {'module': 'capture_loop'} | Frame capture returned no data
2025-08-31 22:53:35.374 | WARNING  | obscam.core.capture_loop:_capture_worker:168 | {'module': 'capture_loop'} | Frame capture returned no data
2025-08-31 22:53:35.600 | WARNING  | obscam.core.capture_loop:_capture_worker:168 | {'module': 'capture_loop'} | Frame capture returned no data
2025-08-31 22:53:35.825 | WARNING  | obscam.core.capture_loop:_capture_worker:168 | {'module': 'capture_loop'} | Frame capture returned no data
2025-08-31 22:53:36.051 | WARNING  | obscam.core.capture_loop:_capture_worker:168 | {'module': 'capture_loop'} | Frame capture returned no data
2025-08-31 22:53:36.276 | WARNING  | obscam.core.capture_loop:_capture_worker:168 | {'module': 'capture_loop'} | Frame capture returned no data
2025-08-31 22:53:36.497 | WARNING  | obscam.core.capture_loop:_capture_worker:168 | {'module': 'capture_loop'} | Frame capture returned no data
2025-08-31 22:53:36.720 | WARNING  | obscam.core.capture_loop:_capture_worker:168 | {'module': 'capture_loop'} | Frame capture returned no data
2025-08-31 22:53:36.945 | WARNING  | obscam.core.capture_loop:_capture_worker:168 | {'module': 'capture_loop'} | Frame capture returned no data
2025-08-31 22:53:37.177 | WARNING  | obscam.core.capture_loop:_capture_worker:168 | {'module': 'capture_loop'} | Frame capture returned no data
2025-08-31 22:53:37.400 | WARNING  | obscam.core.capture_loop:_capture_worker:168 | {'module': 'capture_loop'} | Frame capture returned no data
2025-08-31 22:53:37.624 | WARNING  | obscam.core.capture_loop:_capture_worker:168 | {'module': 'capture_loop'} | Frame capture returned no data
2025-08-31 22:53:37.849 | WARNING  | obscam.core.capture_loop:_capture_worker:168 | {'module': 'capture_loop'} | Frame capture returned no data
2025-08-31 22:53:38.072 | WARNING  | obscam.core.capture_loop:_capture_worker:168 | {'module': 'capture_loop'} | Frame capture returned no data
2025-08-31 22:53:38.294 | WARNING  | obscam.core.capture_loop:_capture_worker:168 | {'module': 'capture_loop'} | Frame capture returned no data
2025-08-31 22:53:38.519 | WARNING  | obscam.core.capture_loop:_capture_worker:168 | {'module': 'capture_loop'} | Frame capture returned no data
2025-08-31 22:53:38.741 | WARNING  | obscam.core.capture_loop:_capture_worker:168 | {'module': 'capture_loop'} | Frame capture returned no data
2025-08-31 22:53:38.967 | WARNING  | obscam.core.capture_loop:_capture_worker:168 | {'module': 'capture_loop'} | Frame capture returned no data
2025-08-31 22:53:39.193 | WARNING  | obscam.core.capture_loop:_capture_worker:168 | {'module': 'capture_loop'} | Frame capture returned no data
2025-08-31 22:53:39.417 | WARNING  | obscam.core.capture_loop:_capture_worker:168 | {'module': 'capture_loop'} | Frame capture returned no data
2025-08-31 22:53:39.643 | WARNING  | obscam.core.capture_loop:_capture_worker:168 | {'module': 'capture_loop'} | Frame capture returned no data
2025-08-31 22:53:39.868 | WARNING  | obscam.core.capture_loop:_capture_worker:168 | {'module': 'capture_loop'} | Frame capture returned no data
2025-08-31 22:53:40.093 | WARNING  | obscam.core.capture_loop:_capture_worker:168 | {'module': 'capture_loop'} | Frame capture returned no data
2025-08-31 22:53:40.318 | WARNING  | obscam.core.capture_loop:_capture_worker:168 | {'module': 'capture_loop'} | Frame capture returned no data
2025-08-31 22:53:40.539 | WARNING  | obscam.core.capture_loop:_capture_worker:168 | {'module': 'capture_loop'} | Frame capture returned no data
2025-08-31 22:53:40.764 | WARNING  | obscam.core.capture_loop:_capture_worker:168 | {'module': 'capture_loop'} | Frame capture returned no data
2025-08-31 22:53:40.987 | WARNING  | obscam.core.capture_loop:_capture_worker:168 | {'module': 'capture_loop'} | Frame capture returned no data
2025-08-31 22:53:41.213 | WARNING  | obscam.core.capture_loop:_capture_worker:168 | {'module': 'capture_loop'} | Frame capture returned no data
2025-08-31 22:53:41.439 | WARNING  | obscam.core.capture_loop:_capture_worker:168 | {'module': 'capture_loop'} | Frame capture returned no data
2025-08-31 22:53:41.660 | WARNING  | obscam.core.capture_loop:_capture_worker:168 | {'module': 'capture_loop'} | Frame capture returned no data
2025-08-31 22:53:41.883 | WARNING  | obscam.core.capture_loop:_capture_worker:168 | {'module': 'capture_loop'} | Frame capture returned no data
2025-08-31 22:53:42.108 | WARNING  | obscam.core.capture_loop:_capture_worker:168 | {'module': 'capture_loop'} | Frame capture returned no data
2025-08-31 22:53:42.332 | WARNING  | obscam.core.capture_loop:_capture_worker:168 | {'module': 'capture_loop'} | Frame capture returned no data
2025-08-31 22:53:42.556 | WARNING  | obscam.core.capture_loop:_capture_worker:168 | {'module': 'capture_loop'} | Frame capture returned no data
2025-08-31 22:53:42.783 | WARNING  | obscam.core.capture_loop:_capture_worker:168 | {'module': 'capture_loop'} | Frame capture returned no data
2025-08-31 22:53:43.004 | WARNING  | obscam.core.capture_loop:_capture_worker:168 | {'module': 'capture_loop'} | Frame capture returned no data
2025-08-31 22:53:43.228 | WARNING  | obscam.core.capture_loop:_capture_worker:168 | {'module': 'capture_loop'} | Frame capture returned no data
2025-08-31 22:53:43.449 | WARNING  | obscam.core.capture_loop:_capture_worker:168 | {'module': 'capture_loop'} | Frame capture returned no data
2025-08-31 22:53:43.675 | WARNING  | obscam.core.capture_loop:_capture_worker:168 | {'module': 'capture_loop'} | Frame capture returned no data
2025-08-31 22:53:43.899 | WARNING  | obscam.core.capture_loop:_capture_worker:168 | {'module': 'capture_loop'} | Frame capture returned no data
2025-08-31 22:53:44.124 | WARNING  | obscam.core.capture_loop:_capture_worker:168 | {'module': 'capture_loop'} | Frame capture returned no data
2025-08-31 22:53:44.347 | WARNING  | obscam.core.capture_loop:_capture_worker:168 | {'module': 'capture_loop'} | Frame capture returned no data
2025-08-31 22:53:44.571 | WARNING  | obscam.core.capture_loop:_capture_worker:168 | {'module': 'capture_loop'} | Frame capture returned no data
2025-08-31 22:53:44.792 | WARNING  | obscam.core.capture_loop:_capture_worker:168 | {'module': 'capture_loop'} | Frame capture returned no data
2025-08-31 22:53:45.017 | WARNING  | obscam.core.capture_loop:_capture_worker:168 | {'module': 'capture_loop'} | Frame capture returned no data
2025-08-31 22:53:45.239 | WARNING  | obscam.core.capture_loop:_capture_worker:168 | {'module': 'capture_loop'} | Frame capture returned no data
2025-08-31 22:53:45.461 | WARNING  | obscam.core.capture_loop:_capture_worker:168 | {'module': 'capture_loop'} | Frame capture returned no data
2025-08-31 22:53:45.685 | WARNING  | obscam.core.capture_loop:_capture_worker:168 | {'module': 'capture_loop'} | Frame capture returned no data
2025-08-31 22:53:45.911 | WARNING  | obscam.core.capture_loop:_capture_worker:168 | {'module': 'capture_loop'} | Frame capture returned no data
2025-08-31 22:53:46.136 | WARNING  | obscam.core.capture_loop:_capture_worker:168 | {'module': 'capture_loop'} | Frame capture returned no data
2025-08-31 22:53:46.361 | WARNING  | obscam.core.capture_loop:_capture_worker:168 | {'module': 'capture_loop'} | Frame capture returned no data
2025-08-31 22:53:46.589 | WARNING  | obscam.core.capture_loop:_capture_worker:168 | {'module': 'capture_loop'} | Frame capture returned no data
2025-08-31 22:53:46.811 | WARNING  | obscam.core.capture_loop:_capture_worker:168 | {'module': 'capture_loop'} | Frame capture returned no data
2025-08-31 22:53:47.035 | WARNING  | obscam.core.capture_loop:_capture_worker:168 | {'module': 'capture_loop'} | Frame capture returned no data
2025-08-31 22:53:47.260 | WARNING  | obscam.core.capture_loop:_capture_worker:168 | {'module': 'capture_loop'} | Frame capture returned no data
2025-08-31 22:53:47.486 | WARNING  | obscam.core.capture_loop:_capture_worker:168 | {'module': 'capture_loop'} | Frame capture returned no data
2025-08-31 22:53:47.711 | WARNING  | obscam.core.capture_loop:_capture_worker:168 | {'module': 'capture_loop'} | Frame capture returned no data
2025-08-31 22:53:47.936 | WARNING  | obscam.core.capture_loop:_capture_worker:168 | {'module': 'capture_loop'} | Frame capture returned no data
2025-08-31 22:53:48.159 | WARNING  | obscam.core.capture_loop:_capture_worker:168 | {'module': 'capture_loop'} | Frame capture returned no data
2025-08-31 22:53:48.383 | WARNING  | obscam.core.capture_loop:_capture_worker:168 | {'module': 'capture_loop'} | Frame capture returned no data
2025-08-31 22:53:48.606 | WARNING  | obscam.core.capture_loop:_capture_worker:168 | {'module': 'capture_loop'} | Frame capture returned no data
2025-08-31 22:53:48.828 | WARNING  | obscam.core.capture_loop:_capture_worker:168 | {'module': 'capture_loop'} | Frame capture returned no data
2025-08-31 22:53:49.050 | WARNING  | obscam.core.capture_loop:_capture_worker:168 | {'module': 'capture_loop'} | Frame capture returned no data
2025-08-31 22:53:49.276 | WARNING  | obscam.core.capture_loop:_capture_worker:168 | {'module': 'capture_loop'} | Frame capture returned no data
2025-08-31 22:53:49.501 | WARNING  | obscam.core.capture_loop:_capture_worker:168 | {'module': 'capture_loop'} | Frame capture returned no data
2025-08-31 22:53:49.722 | WARNING  | obscam.core.capture_loop:_capture_worker:168 | {'module': 'capture_loop'} | Frame capture returned no data
2025-08-31 22:53:49.943 | WARNING  | obscam.core.capture_loop:_capture_worker:168 | {'module': 'capture_loop'} | Frame capture returned no data
2025-08-31 22:53:50.165 | WARNING  | obscam.core.capture_loop:_capture_worker:168 | {'module': 'capture_loop'} | Frame capture returned no data
2025-08-31 22:53:50.388 | WARNING  | obscam.core.capture_loop:_capture_worker:168 | {'module': 'capture_loop'} | Frame capture returned no data
2025-08-31 22:53:50.611 | WARNING  | obscam.core.capture_loop:_capture_worker:168 | {'module': 'capture_loop'} | Frame capture returned no data
2025-08-31 22:53:50.837 | WARNING  | obscam.core.capture_loop:_capture_worker:168 | {'module': 'capture_loop'} | Frame capture returned no data
2025-08-31 22:53:51.060 | WARNING  | obscam.core.capture_loop:_capture_worker:168 | {'module': 'capture_loop'} | Frame capture returned no data
2025-08-31 22:53:51.282 | WARNING  | obscam.core.capture_loop:_capture_worker:168 | {'module': 'capture_loop'} | Frame capture returned no data
2025-08-31 22:53:51.508 | WARNING  | obscam.core.capture_loop:_capture_worker:168 | {'module': 'capture_loop'} | Frame capture returned no data
2025-08-31 22:53:51.730 | WARNING  | obscam.core.capture_loop:_capture_worker:168 | {'module': 'capture_loop'} | Frame capture returned no data
2025-08-31 22:53:51.951 | WARNING  | obscam.core.capture_loop:_capture_worker:168 | {'module': 'capture_loop'} | Frame capture returned no data
2025-08-31 22:53:52.175 | WARNING  | obscam.core.capture_loop:_capture_worker:168 | {'module': 'capture_loop'} | Frame capture returned no data
2025-08-31 22:53:52.399 | WARNING  | obscam.core.capture_loop:_capture_worker:168 | {'module': 'capture_loop'} | Frame capture returned no data
2025-08-31 22:53:52.623 | WARNING  | obscam.core.capture_loop:_capture_worker:168 | {'module': 'capture_loop'} | Frame capture returned no data
2025-08-31 22:53:52.848 | WARNING  | obscam.core.capture_loop:_capture_worker:168 | {'module': 'capture_loop'} | Frame capture returned no data
2025-08-31 22:53:53.070 | WARNING  | obscam.core.capture_loop:_capture_worker:168 | {'module': 'capture_loop'} | Frame capture returned no data
2025-08-31 22:53:53.295 | WARNING  | obscam.core.capture_loop:_capture_worker:168 | {'module': 'capture_loop'} | Frame capture returned no data
2025-08-31 22:53:53.521 | WARNING  | obscam.core.capture_loop:_capture_worker:168 | {'module': 'capture_loop'} | Frame capture returned no data
2025-08-31 22:53:53.746 | WARNING  | obscam.core.capture_loop:_capture_worker:168 | {'module': 'capture_loop'} | Frame capture returned no data
2025-08-31 22:53:53.968 | WARNING  | obscam.core.capture_loop:_capture_worker:168 | {'module': 'capture_loop'} | Frame capture returned no data
2025-08-31 22:53:54.194 | WARNING  | obscam.core.capture_loop:_capture_worker:168 | {'module': 'capture_loop'} | Frame capture returned no data
2025-08-31 22:53:54.415 | WARNING  | obscam.core.capture_loop:_capture_worker:168 | {'module': 'capture_loop'} | Frame capture returned no data
2025-08-31 22:53:54.638 | WARNING  | obscam.core.capture_loop:_capture_worker:168 | {'module': 'capture_loop'} | Frame capture returned no data
2025-08-31 22:53:54.863 | WARNING  | obscam.core.capture_loop:_capture_worker:168 | {'module': 'capture_loop'} | Frame capture returned no data
2025-08-31 22:53:55.088 | WARNING  | obscam.core.capture_loop:_capture_worker:168 | {'module': 'capture_loop'} | Frame capture returned no data
2025-08-31 22:53:55.314 | WARNING  | obscam.core.capture_loop:_capture_worker:168 | {'module': 'capture_loop'} | Frame capture returned no data
2025-08-31 22:53:55.540 | WARNING  | obscam.core.capture_loop:_capture_worker:168 | {'module': 'capture_loop'} | Frame capture returned no data
2025-08-31 22:53:55.762 | WARNING  | obscam.core.capture_loop:_capture_worker:168 | {'module': 'capture_loop'} | Frame capture returned no data
2025-08-31 22:53:55.984 | WARNING  | obscam.core.capture_loop:_capture_worker:168 | {'module': 'capture_loop'} | Frame capture returned no data
2025-08-31 22:53:56.204 | WARNING  | obscam.core.capture_loop:_capture_worker:168 | {'module': 'capture_loop'} | Frame capture returned no data
2025-08-31 22:53:56.428 | WARNING  | obscam.core.capture_loop:_capture_worker:168 | {'module': 'capture_loop'} | Frame capture returned no data
2025-08-31 22:53:56.652 | WARNING  | obscam.core.capture_loop:_capture_worker:168 | {'module': 'capture_loop'} | Frame capture returned no data
2025-08-31 22:53:56.880 | WARNING  | obscam.core.capture_loop:_capture_worker:168 | {'module': 'capture_loop'} | Frame capture returned no data
2025-08-31 22:53:57.104 | WARNING  | obscam.core.capture_loop:_capture_worker:168 | {'module': 'capture_loop'} | Frame capture returned no data
2025-08-31 22:53:57.329 | WARNING  | obscam.core.capture_loop:_capture_worker:168 | {'module': 'capture_loop'} | Frame capture returned no data
2025-08-31 22:53:57.554 | WARNING  | obscam.core.capture_loop:_capture_worker:168 | {'module': 'capture_loop'} | Frame capture returned no data
2025-08-31 22:53:57.781 | WARNING  | obscam.core.capture_loop:_capture_worker:168 | {'module': 'capture_loop'} | Frame capture returned no data
2025-08-31 22:53:58.005 | WARNING  | obscam.core.capture_loop:_capture_worker:168 | {'module': 'capture_loop'} | Frame capture returned no data
2025-08-31 22:53:58.232 | WARNING  | obscam.core.capture_loop:_capture_worker:168 | {'module': 'capture_loop'} | Frame capture returned no data
2025-08-31 22:53:58.454 | WARNING  | obscam.core.capture_loop:_capture_worker:168 | {'module': 'capture_loop'} | Frame capture returned no data
2025-08-31 22:53:58.679 | WARNING  | obscam.core.capture_loop:_capture_worker:168 | {'module': 'capture_loop'} | Frame capture returned no data
2025-08-31 22:53:58.904 | WARNING  | obscam.core.capture_loop:_capture_worker:168 | {'module': 'capture_loop'} | Frame capture returned no data
2025-08-31 22:53:59.126 | WARNING  | obscam.core.capture_loop:_capture_worker:168 | {'module': 'capture_loop'} | Frame capture returned no data
2025-08-31 22:53:59.350 | WARNING  | obscam.core.capture_loop:_capture_worker:168 | {'module': 'capture_loop'} | Frame capture returned no data
2025-08-31 22:53:59.576 | WARNING  | obscam.core.capture_loop:_capture_worker:168 | {'module': 'capture_loop'} | Frame capture returned no data
2025-08-31 22:53:59.800 | WARNING  | obscam.core.capture_loop:_capture_worker:168 | {'module': 'capture_loop'} | Frame capture returned no data
2025-08-31 22:54:00.025 | WARNING  | obscam.core.capture_loop:_capture_worker:168 | {'module': 'capture_loop'} | Frame capture returned no data
2025-08-31 22:54:00.248 | WARNING  | obscam.core.capture_loop:_capture_worker:168 | {'module': 'capture_loop'} | Frame capture returned no data
2025-08-31 22:54:00.474 | WARNING  | obscam.core.capture_loop:_capture_worker:168 | {'module': 'capture_loop'} | Frame capture returned no data
2025-08-31 22:54:00.700 | WARNING  | obscam.core.capture_loop:_capture_worker:168 | {'module': 'capture_loop'} | Frame capture returned no data
2025-08-31 22:54:00.923 | WARNING  | obscam.core.capture_loop:_capture_worker:168 | {'module': 'capture_loop'} | Frame capture returned no data
2025-08-31 22:54:01.147 | WARNING  | obscam.core.capture_loop:_capture_worker:168 | {'module': 'capture_loop'} | Frame capture returned no data
2025-08-31 22:54:01.372 | WARNING  | obscam.core.capture_loop:_capture_worker:168 | {'module': 'capture_loop'} | Frame capture returned no data
2025-08-31 22:54:01.602 | WARNING  | obscam.core.capture_loop:_capture_worker:168 | {'module': 'capture_loop'} | Frame capture returned no data
2025-08-31 22:54:01.824 | WARNING  | obscam.core.capture_loop:_capture_worker:168 | {'module': 'capture_loop'} | Frame capture returned no data
2025-08-31 22:54:02.049 | WARNING  | obscam.core.capture_loop:_capture_worker:168 | {'module': 'capture_loop'} | Frame capture returned no data
2025-08-31 22:54:02.273 | WARNING  | obscam.core.capture_loop:_capture_worker:168 | {'module': 'capture_loop'} | Frame capture returned no data
2025-08-31 22:54:02.498 | WARNING  | obscam.core.capture_loop:_capture_worker:168 | {'module': 'capture_loop'} | Frame capture returned no data
2025-08-31 22:54:02.719 | WARNING  | obscam.core.capture_loop:_capture_worker:168 | {'module': 'capture_loop'} | Frame capture returned no data
2025-08-31 22:54:02.945 | WARNING  | obscam.core.capture_loop:_capture_worker:168 | {'module': 'capture_loop'} | Frame capture returned no data
2025-08-31 22:54:03.171 | WARNING  | obscam.core.capture_loop:_capture_worker:168 | {'module': 'capture_loop'} | Frame capture returned no data
2025-08-31 22:54:03.395 | WARNING  | obscam.core.capture_loop:_capture_worker:168 | {'module': 'capture_loop'} | Frame capture returned no data
2025-08-31 22:54:03.619 | WARNING  | obscam.core.capture_loop:_capture_worker:168 | {'module': 'capture_loop'} | Frame capture returned no data
2025-08-31 22:54:03.843 | WARNING  | obscam.core.capture_loop:_capture_worker:168 | {'module': 'capture_loop'} | Frame capture returned no data
2025-08-31 22:54:04.069 | WARNING  | obscam.core.capture_loop:_capture_worker:168 | {'module': 'capture_loop'} | Frame capture returned no data
2025-08-31 22:54:04.293 | WARNING  | obscam.core.capture_loop:_capture_worker:168 | {'module': 'capture_loop'} | Frame capture returned no data
2025-08-31 22:54:04.517 | WARNING  | obscam.core.capture_loop:_capture_worker:168 | {'module': 'capture_loop'} | Frame capture returned no data
2025-08-31 22:54:04.741 | WARNING  | obscam.core.capture_loop:_capture_worker:168 | {'module': 'capture_loop'} | Frame capture returned no data
2025-08-31 22:54:04.967 | WARNING  | obscam.core.capture_loop:_capture_worker:168 | {'module': 'capture_loop'} | Frame capture returned no data
2025-08-31 22:54:05.193 | WARNING  | obscam.core.capture_loop:_capture_worker:168 | {'module': 'capture_loop'} | Frame capture returned no data
2025-08-31 22:54:05.420 | WARNING  | obscam.core.capture_loop:_capture_worker:168 | {'module': 'capture_loop'} | Frame capture returned no data
2025-08-31 22:54:05.643 | WARNING  | obscam.core.capture_loop:_capture_worker:168 | {'module': 'capture_loop'} | Frame capture returned no data
2025-08-31 22:54:05.868 | WARNING  | obscam.core.capture_loop:_capture_worker:168 | {'module': 'capture_loop'} | Frame capture returned no data
2025-08-31 22:54:06.093 | WARNING  | obscam.core.capture_loop:_capture_worker:168 | {'module': 'capture_loop'} | Frame capture returned no data
2025-08-31 22:54:06.318 | WARNING  | obscam.core.capture_loop:_capture_worker:168 | {'module': 'capture_loop'} | Frame capture returned no data
2025-08-31 22:54:06.539 | WARNING  | obscam.core.capture_loop:_capture_worker:168 | {'module': 'capture_loop'} | Frame capture returned no data
2025-08-31 22:54:06.765 | WARNING  | obscam.core.capture_loop:_capture_worker:168 | {'module': 'capture_loop'} | Frame capture returned no data
2025-08-31 22:54:06.987 | WARNING  | obscam.core.capture_loop:_capture_worker:168 | {'module': 'capture_loop'} | Frame capture returned no data
2025-08-31 22:54:07.214 | WARNING  | obscam.core.capture_loop:_capture_worker:168 | {'module': 'capture_loop'} | Frame capture returned no data
2025-08-31 22:54:07.434 | WARNING  | obscam.core.capture_loop:_capture_worker:168 | {'module': 'capture_loop'} | Frame capture returned no data
2025-08-31 22:54:07.660 | WARNING  | obscam.core.capture_loop:_capture_worker:168 | {'module': 'capture_loop'} | Frame capture returned no data
2025-08-31 22:54:07.886 | WARNING  | obscam.core.capture_loop:_capture_worker:168 | {'module': 'capture_loop'} | Frame capture returned no data
2025-08-31 22:54:08.111 | WARNING  | obscam.core.capture_loop:_capture_worker:168 | {'module': 'capture_loop'} | Frame capture returned no data
2025-08-31 22:54:08.337 | WARNING  | obscam.core.capture_loop:_capture_worker:168 | {'module': 'capture_loop'} | Frame capture returned no data
2025-08-31 22:54:08.580 | WARNING  | obscam.core.capture_loop:_capture_worker:168 | {'module': 'capture_loop'} | Frame capture returned no data
2025-08-31 22:54:08.806 | WARNING  | obscam.core.capture_loop:_capture_worker:168 | {'module': 'capture_loop'} | Frame capture returned no data
2025-08-31 22:54:09.030 | WARNING  | obscam.core.capture_loop:_capture_worker:168 | {'module': 'capture_loop'} | Frame capture returned no data
2025-08-31 22:54:09.256 | WARNING  | obscam.core.capture_loop:_capture_worker:168 | {'module': 'capture_loop'} | Frame capture returned no data
2025-08-31 22:54:09.478 | WARNING  | obscam.core.capture_loop:_capture_worker:168 | {'module': 'capture_loop'} | Frame capture returned no data
2025-08-31 22:54:09.701 | WARNING  | obscam.core.capture_loop:_capture_worker:168 | {'module': 'capture_loop'} | Frame capture returned no data
2025-08-31 22:54:09.927 | WARNING  | obscam.core.capture_loop:_capture_worker:168 | {'module': 'capture_loop'} | Frame capture returned no data
2025-08-31 22:54:10.150 | WARNING  | obscam.core.capture_loop:_capture_worker:168 | {'module': 'capture_loop'} | Frame capture returned no data
2025-08-31 22:54:10.375 | WARNING  | obscam.core.capture_loop:_capture_worker:168 | {'module': 'capture_loop'} | Frame capture returned no data
2025-08-31 22:54:10.598 | WARNING  | obscam.core.capture_loop:_capture_worker:168 | {'module': 'capture_loop'} | Frame capture returned no data
2025-08-31 22:54:10.823 | WARNING  | obscam.core.capture_loop:_capture_worker:168 | {'module': 'capture_loop'} | Frame capture returned no data
2025-08-31 22:54:11.048 | WARNING  | obscam.core.capture_loop:_capture_worker:168 | {'module': 'capture_loop'} | Frame capture returned no data
2025-08-31 22:54:11.271 | WARNING  | obscam.core.capture_loop:_capture_worker:168 | {'module': 'capture_loop'} | Frame capture returned no data
2025-08-31 22:54:11.496 | WARNING  | obscam.core.capture_loop:_capture_worker:168 | {'module': 'capture_loop'} | Frame capture returned no data
2025-08-31 22:54:11.718 | WARNING  | obscam.core.capture_loop:_capture_worker:168 | {'module': 'capture_loop'} | Frame capture returned no data
2025-08-31 22:54:11.940 | WARNING  | obscam.core.capture_loop:_capture_worker:168 | {'module': 'capture_loop'} | Frame capture returned no data
2025-08-31 22:54:12.166 | WARNING  | obscam.core.capture_loop:_capture_worker:168 | {'module': 'capture_loop'} | Frame capture returned no data
2025-08-31 22:54:12.390 | WARNING  | obscam.core.capture_loop:_capture_worker:168 | {'module': 'capture_loop'} | Frame capture returned no data
2025-08-31 22:54:12.614 | WARNING  | obscam.core.capture_loop:_capture_worker:168 | {'module': 'capture_loop'} | Frame capture returned no data
2025-08-31 22:54:12.842 | WARNING  | obscam.core.capture_loop:_capture_worker:168 | {'module': 'capture_loop'} | Frame capture returned no data
2025-08-31 22:54:13.067 | WARNING  | obscam.core.capture_loop:_capture_worker:168 | {'module': 'capture_loop'} | Frame capture returned no data
2025-08-31 22:54:13.294 | WARNING  | obscam.core.capture_loop:_capture_worker:168 | {'module': 'capture_loop'} | Frame capture returned no data
2025-08-31 22:54:13.519 | WARNING  | obscam.core.capture_loop:_capture_worker:168 | {'module': 'capture_loop'} | Frame capture returned no data
2025-08-31 22:54:13.744 | WARNING  | obscam.core.capture_loop:_capture_worker:168 | {'module': 'capture_loop'} | Frame capture returned no data
2025-08-31 22:54:13.968 | WARNING  | obscam.core.capture_loop:_capture_worker:168 | {'module': 'capture_loop'} | Frame capture returned no data
2025-08-31 22:54:14.195 | WARNING  | obscam.core.capture_loop:_capture_worker:168 | {'module': 'capture_loop'} | Frame capture returned no data
2025-08-31 22:54:14.420 | WARNING  | obscam.core.capture_loop:_capture_worker:168 | {'module': 'capture_loop'} | Frame capture returned no data
2025-08-31 22:54:14.646 | WARNING  | obscam.core.capture_loop:_capture_worker:168 | {'module': 'capture_loop'} | Frame capture returned no data
2025-08-31 22:54:14.869 | WARNING  | obscam.core.capture_loop:_capture_worker:168 | {'module': 'capture_loop'} | Frame capture returned no data
2025-08-31 22:54:15.092 | WARNING  | obscam.core.capture_loop:_capture_worker:168 | {'module': 'capture_loop'} | Frame capture returned no data
2025-08-31 22:54:15.317 | WARNING  | obscam.core.capture_loop:_capture_worker:168 | {'module': 'capture_loop'} | Frame capture returned no data
2025-08-31 22:54:15.544 | WARNING  | obscam.core.capture_loop:_capture_worker:168 | {'module': 'capture_loop'} | Frame capture returned no data
2025-08-31 22:54:15.767 | WARNING  | obscam.core.capture_loop:_capture_worker:168 | {'module': 'capture_loop'} | Frame capture returned no data
2025-08-31 22:54:15.992 | WARNING  | obscam.core.capture_loop:_capture_worker:168 | {'module': 'capture_loop'} | Frame capture returned no data
2025-08-31 22:54:16.219 | WARNING  | obscam.core.capture_loop:_capture_worker:168 | {'module': 'capture_loop'} | Frame capture returned no data
2025-08-31 22:54:16.443 | WARNING  | obscam.core.capture_loop:_capture_worker:168 | {'module': 'capture_loop'} | Frame capture returned no data
2025-08-31 22:54:16.668 | WARNING  | obscam.core.capture_loop:_capture_worker:168 | {'module': 'capture_loop'} | Frame capture returned no data
2025-08-31 22:54:16.889 | WARNING  | obscam.core.capture_loop:_capture_worker:168 | {'module': 'capture_loop'} | Frame capture returned no data
2025-08-31 22:54:17.117 | WARNING  | obscam.core.capture_loop:_capture_worker:168 | {'module': 'capture_loop'} | Frame capture returned no data
2025-08-31 22:54:17.339 | WARNING  | obscam.core.capture_loop:_capture_worker:168 | {'module': 'capture_loop'} | Frame capture returned no data
2025-08-31 22:54:17.564 | WARNING  | obscam.core.capture_loop:_capture_worker:168 | {'module': 'capture_loop'} | Frame capture returned no data
2025-08-31 22:54:17.791 | WARNING  | obscam.core.capture_loop:_capture_worker:168 | {'module': 'capture_loop'} | Frame capture returned no data
2025-08-31 22:54:18.014 | WARNING  | obscam.core.capture_loop:_capture_worker:168 | {'module': 'capture_loop'} | Frame capture returned no data
2025-08-31 22:54:18.238 | WARNING  | obscam.core.capture_loop:_capture_worker:168 | {'module': 'capture_loop'} | Frame capture returned no data
2025-08-31 22:54:18.461 | WARNING  | obscam.core.capture_loop:_capture_worker:168 | {'module': 'capture_loop'} | Frame capture returned no data
2025-08-31 22:54:18.687 | WARNING  | obscam.core.capture_loop:_capture_worker:168 | {'module': 'capture_loop'} | Frame capture returned no data
2025-08-31 22:54:18.911 | WARNING  | obscam.core.capture_loop:_capture_worker:168 | {'module': 'capture_loop'} | Frame capture returned no data
2025-08-31 22:54:19.137 | WARNING  | obscam.core.capture_loop:_capture_worker:168 | {'module': 'capture_loop'} | Frame capture returned no data
2025-08-31 22:54:19.362 | WARNING  | obscam.core.capture_loop:_capture_worker:168 | {'module': 'capture_loop'} | Frame capture returned no data
2025-08-31 22:54:19.586 | WARNING  | obscam.core.capture_loop:_capture_worker:168 | {'module': 'capture_loop'} | Frame capture returned no data
2025-08-31 22:54:19.811 | WARNING  | obscam.core.capture_loop:_capture_worker:168 | {'module': 'capture_loop'} | Frame capture returned no data
2025-08-31 22:54:20.036 | WARNING  | obscam.core.capture_loop:_capture_worker:168 | {'module': 'capture_loop'} | Frame capture returned no data
2025-08-31 22:54:20.261 | WARNING  | obscam.core.capture_loop:_capture_worker:168 | {'module': 'capture_loop'} | Frame capture returned no data
2025-08-31 22:54:20.487 | WARNING  | obscam.core.capture_loop:_capture_worker:168 | {'module': 'capture_loop'} | Frame capture returned no data
2025-08-31 22:54:20.712 | WARNING  | obscam.core.capture_loop:_capture_worker:168 | {'module': 'capture_loop'} | Frame capture returned no data
2025-08-31 22:54:20.938 | WARNING  | obscam.core.capture_loop:_capture_worker:168 | {'module': 'capture_loop'} | Frame capture returned no data
2025-08-31 22:54:21.163 | WARNING  | obscam.core.capture_loop:_capture_worker:168 | {'module': 'capture_loop'} | Frame capture returned no data
2025-08-31 22:54:21.389 | WARNING  | obscam.core.capture_loop:_capture_worker:168 | {'module': 'capture_loop'} | Frame capture returned no data
2025-08-31 22:54:21.614 | WARNING  | obscam.core.capture_loop:_capture_worker:168 | {'module': 'capture_loop'} | Frame capture returned no data
2025-08-31 22:54:21.837 | WARNING  | obscam.core.capture_loop:_capture_worker:168 | {'module': 'capture_loop'} | Frame capture returned no data
2025-08-31 22:54:22.063 | WARNING  | obscam.core.capture_loop:_capture_worker:168 | {'module': 'capture_loop'} | Frame capture returned no data
2025-08-31 22:54:22.290 | WARNING  | obscam.core.capture_loop:_capture_worker:168 | {'module': 'capture_loop'} | Frame capture returned no data
2025-08-31 22:54:22.517 | WARNING  | obscam.core.capture_loop:_capture_worker:168 | {'module': 'capture_loop'} | Frame capture returned no data
2025-08-31 22:54:22.741 | WARNING  | obscam.core.capture_loop:_capture_worker:168 | {'module': 'capture_loop'} | Frame capture returned no data
2025-08-31 22:54:22.964 | WARNING  | obscam.core.capture_loop:_capture_worker:168 | {'module': 'capture_loop'} | Frame capture returned no data
2025-08-31 22:54:23.190 | WARNING  | obscam.core.capture_loop:_capture_worker:168 | {'module': 'capture_loop'} | Frame capture returned no data
2025-08-31 22:54:23.416 | WARNING  | obscam.core.capture_loop:_capture_worker:168 | {'module': 'capture_loop'} | Frame capture returned no data
2025-08-31 22:54:23.640 | WARNING  | obscam.core.capture_loop:_capture_worker:168 | {'module': 'capture_loop'} | Frame capture returned no data
2025-08-31 22:54:23.867 | WARNING  | obscam.core.capture_loop:_capture_worker:168 | {'module': 'capture_loop'} | Frame capture returned no data
2025-08-31 22:54:24.091 | WARNING  | obscam.core.capture_loop:_capture_worker:168 | {'module': 'capture_loop'} | Frame capture returned no data
2025-08-31 22:54:24.315 | WARNING  | obscam.core.capture_loop:_capture_worker:168 | {'module': 'capture_loop'} | Frame capture returned no data
2025-08-31 22:54:24.538 | WARNING  | obscam.core.capture_loop:_capture_worker:168 | {'module': 'capture_loop'} | Frame capture returned no data
2025-08-31 22:54:24.764 | WARNING  | obscam.core.capture_loop:_capture_worker:168 | {'module': 'capture_loop'} | Frame capture returned no data
2025-08-31 22:54:24.989 | WARNING  | obscam.core.capture_loop:_capture_worker:168 | {'module': 'capture_loop'} | Frame capture returned no data
2025-08-31 22:54:25.210 | WARNING  | obscam.core.capture_loop:_capture_worker:168 | {'module': 'capture_loop'} | Frame capture returned no data
2025-08-31 22:54:25.435 | WARNING  | obscam.core.capture_loop:_capture_worker:168 | {'module': 'capture_loop'} | Frame capture returned no data
2025-08-31 22:54:25.657 | WARNING  | obscam.core.capture_loop:_capture_worker:168 | {'module': 'capture_loop'} | Frame capture returned no data
2025-08-31 22:54:25.881 | WARNING  | obscam.core.capture_loop:_capture_worker:168 | {'module': 'capture_loop'} | Frame capture returned no data
2025-08-31 22:54:34.746 | INFO     | obscam.common.logging_config:setup_logging:71 | {'log_dir': '/Users/gheadley/nas/develop/python/obscam/logs', 'debug_mode': False, 'console_level': 'INFO'} | Logging initialized
2025-08-31 22:54:34.746 | INFO     | obscam:main:20 | {'module': 'main'} | Starting ObsCam with debug_mode=False
2025-08-31 22:54:34.852 | INFO     | obscam.core.camera_factory:get_backend_service:43 | {'module': 'camera_factory'} | Using gphoto2 camera implementation (development mode)
2025-08-31 22:54:34.864 | INFO     | obscam.core.capture_loop:__init__:31 | {'module': 'capture_loop'} | Capture loop initialized
2025-08-31 22:54:34.864 | INFO     | obscam.storage.settings_manager:__init__:30 | {'module': 'settings_manager', 'settings_file': '/tmp/obscam/obscam_settings.json'} | Settings manager initialized
2025-08-31 22:54:34.864 | INFO     | obscam.core.backend_service:__init__:42 | {'module': 'backend_service', 'camera_type': 'Gphoto2Camera', 'cache_dir': '/tmp/obscam'} | Backend service initialized
2025-08-31 22:54:34.864 | INFO     | obscam.core.camera_factory:get_backend_service:54 | {'module': 'camera_factory', 'cache_dir': '/tmp/obscam'} | Backend service created
2025-08-31 22:54:34.864 | INFO     | obscam.api.main:start_server:555 | {'module': 'api_main'} | Starting backend service...
2025-08-31 22:54:34.864 | INFO     | obscam.core.backend_service:start_backend:54 | {'module': 'backend_service'} | Starting camera backend service
2025-08-31 22:54:34.864 | INFO     | obscam.storage.settings_manager:start:44 | {'module': 'settings_manager'} | Settings save worker started
2025-08-31 22:54:35.013 | INFO     | obscam.common.logging_config:log_camera_event:114 | {'event_type': 'connected', 'camera_status': {'status': 'connected', 'camera_model': 'Nikon Zf (via gphoto2)', 'is_color_camera': True, 'current_exposure_ms': 200.0, 'current_gain': 100, 'image_format': 'color', 'shutter_mode': 'Bulb'}} | Camera event
2025-08-31 22:54:35.013 | INFO     | obscam.storage.settings_manager:load_settings:62 | {'module': 'settings_manager', 'settings': {'exposure_ms': 200.0, 'gain': 100, 'wb_r': 100, 'wb_b': 100, 'image_format': 'color', 'timestamp': 1756677196.498604}} | Settings loaded successfully
2025-08-31 22:54:35.013 | INFO     | obscam.core.backend_service:start_backend:72 | {'module': 'backend_service', 'settings': {'exposure_ms': 200.0, 'gain': 100, 'wb_r': 100, 'wb_b': 100, 'image_format': 'color', 'timestamp': 1756677196.498604}} | Applying cached settings
2025-08-31 22:54:35.016 | INFO     | obscam.common.logging_config:log_camera_event:114 | {'event_type': 'settings_applied', 'settings': {'exposure_ms': 200.0, 'gain': 100, 'wb_r': 100, 'wb_b': 100, 'image_format': 'color', 'timestamp': 1756677196.498604}} | Camera event
2025-08-31 22:54:35.018 | INFO     | obscam.core.capture_loop:_capture_worker:107 | {'module': 'capture_loop'} | Capture loop thread started
2025-08-31 22:54:35.018 | INFO     | obscam.common.logging_config:log_camera_event:114 | {'event_type': 'capture_loop_started'} | Camera event
2025-08-31 22:54:35.018 | INFO     | obscam.core.backend_service:start_backend:87 | {'module': 'backend_service'} | Backend service started successfully
2025-08-31 22:54:35.018 | INFO     | obscam.common.logging_config:log_camera_event:114 | {'event_type': 'backend_started', 'status': {'backend_service': 'running', 'continuous_capture': True, 'has_frame': False, 'status': 'connected', 'camera_model': 'Nikon Zf (via gphoto2)', 'is_color_camera': True, 'current_exposure_ms': 200.0, 'current_gain': 100, 'image_format': 'color', 'shutter_mode': 'Unknown'}} | Camera event
2025-08-31 22:54:35.018 | INFO     | obscam.api.main:start_server:557 | {'module': 'api_main'} | Backend service started successfully!
2025-08-31 22:54:35.018 | INFO     | obscam.api.main:start_server:558 | {'module': 'api_main'} | Available endpoints:
2025-08-31 22:54:35.018 | INFO     | obscam.api.main:start_server:559 | {'module': 'api_main'} |   - Main page: http://localhost:8000/
2025-08-31 22:54:35.018 | INFO     | obscam.api.main:start_server:560 | {'module': 'api_main'} |   - Latest frame: http://localhost:8000/api/latest-frame
2025-08-31 22:54:35.018 | INFO     | obscam.api.main:start_server:561 | {'module': 'api_main'} |   - Update settings: POST http://localhost:8000/api/update-settings
2025-08-31 22:54:35.018 | INFO     | obscam.api.main:start_server:564 | {'module': 'api_main'} |   - Status: http://localhost:8000/api/status
2025-08-31 22:54:35.018 | INFO     | obscam.api.main:start_server:569 | {'module': 'api_main'} | Starting web server on port 8000...
2025-08-31 22:54:35.018 | INFO     | obscam.api.main:start_server:570 | {'module': 'api_main'} | Press Ctrl+C to shut down gracefully
2025-08-31 22:54:36.365 | WARNING  | obscam.core.capture_loop:_capture_worker:168 | {'module': 'capture_loop'} | Frame capture returned no data
2025-08-31 22:54:37.599 | WARNING  | obscam.core.capture_loop:_capture_worker:168 | {'module': 'capture_loop'} | Frame capture returned no data
2025-08-31 22:54:38.726 | WARNING  | obscam.core.capture_loop:_capture_worker:168 | {'module': 'capture_loop'} | Frame capture returned no data
2025-08-31 22:54:39.958 | WARNING  | obscam.core.capture_loop:_capture_worker:168 | {'module': 'capture_loop'} | Frame capture returned no data
2025-08-31 22:54:41.127 | WARNING  | obscam.core.capture_loop:_capture_worker:168 | {'module': 'capture_loop'} | Frame capture returned no data
2025-08-31 22:54:42.301 | WARNING  | obscam.core.capture_loop:_capture_worker:168 | {'module': 'capture_loop'} | Frame capture returned no data
2025-08-31 22:54:43.428 | WARNING  | obscam.core.capture_loop:_capture_worker:168 | {'module': 'capture_loop'} | Frame capture returned no data
2025-08-31 22:54:44.612 | WARNING  | obscam.core.capture_loop:_capture_worker:168 | {'module': 'capture_loop'} | Frame capture returned no data
2025-08-31 22:54:45.756 | WARNING  | obscam.core.capture_loop:_capture_worker:168 | {'module': 'capture_loop'} | Frame capture returned no data
2025-08-31 22:54:46.981 | WARNING  | obscam.core.capture_loop:_capture_worker:168 | {'module': 'capture_loop'} | Frame capture returned no data
2025-08-31 22:54:48.132 | WARNING  | obscam.core.capture_loop:_capture_worker:168 | {'module': 'capture_loop'} | Frame capture returned no data
2025-08-31 22:54:49.338 | WARNING  | obscam.core.capture_loop:_capture_worker:168 | {'module': 'capture_loop'} | Frame capture returned no data
2025-08-31 22:54:50.483 | WARNING  | obscam.core.capture_loop:_capture_worker:168 | {'module': 'capture_loop'} | Frame capture returned no data
2025-08-31 22:54:51.678 | WARNING  | obscam.core.capture_loop:_capture_worker:168 | {'module': 'capture_loop'} | Frame capture returned no data
2025-08-31 22:54:52.645 | INFO     | obscam.api.main:shutdown:56 | {'module': 'api_main'} | FastAPI shutdown event triggered
2025-08-31 22:54:52.852 | WARNING  | obscam.core.capture_loop:_capture_worker:168 | {'module': 'capture_loop'} | Frame capture returned no data
2025-08-31 22:54:53.147 | INFO     | obscam.api.main:shutdown:60 | {'module': 'api_main'} | FastAPI shutdown cleanup completed
2025-08-31 22:54:53.147 | INFO     | obscam.api.main:handle_signal:525 | {'module': 'api_main'} | Received signal 2, setting shutdown flag...
2025-08-31 22:54:53.148 | INFO     | obscam.api.main:run_server:539 | {'module': 'api_main'} | Server interrupted by user
2025-08-31 22:54:53.148 | INFO     | obscam.api.main:start_server:576 | {'module': 'api_main'} | Shutting down backend service...
2025-08-31 22:54:53.148 | INFO     | obscam.core.backend_service:shutdown_gracefully:240 | {'module': 'backend_service'} | Performing graceful shutdown of backend service
2025-08-31 22:54:53.149 | INFO     | obscam.storage.settings_manager:_save_settings_to_disk:125 | {'module': 'settings_manager', 'settings': {'exposure_ms': 200.0, 'gain': 100, 'wb_r': 100, 'wb_b': 100, 'image_format': 'color', 'timestamp': 1756677274.864393}} | Settings saved successfully
2025-08-31 22:54:53.150 | INFO     | obscam.core.backend_service:shutdown_gracefully:246 | {'module': 'backend_service'} | Settings saved successfully during shutdown
2025-08-31 22:54:53.150 | INFO     | obscam.core.backend_service:stop_backend:96 | {'module': 'backend_service'} | Stopping backend service
2025-08-31 22:54:53.150 | INFO     | obscam.core.capture_loop:stop:57 | {'module': 'capture_loop'} | Stopping capture loop...
2025-08-31 22:54:54.070 | WARNING  | obscam.core.capture_loop:_capture_worker:168 | {'module': 'capture_loop'} | Frame capture returned no data
2025-08-31 22:54:54.083 | INFO     | obscam.core.capture_loop:_capture_worker:218 | {'module': 'capture_loop', 'final_frame_count': 0} | Capture loop thread ended
2025-08-31 22:54:54.083 | INFO     | obscam.core.capture_loop:stop:70 | {'module': 'capture_loop'} | Capture thread stopped successfully
2025-08-31 22:54:54.083 | INFO     | obscam.common.logging_config:log_camera_event:114 | {'event_type': 'capture_loop_stopped'} | Camera event
2025-08-31 22:54:54.106 | INFO     | obscam.storage.settings_manager:stop:54 | {'module': 'settings_manager'} | Settings save worker stopped
2025-08-31 22:54:54.106 | INFO     | obscam.common.logging_config:log_camera_event:114 | {'event_type': 'backend_stopped'} | Camera event
2025-08-31 22:54:54.106 | INFO     | obscam.core.backend_service:shutdown_gracefully:252 | {'module': 'backend_service'} | Backend service graceful shutdown completed
2025-08-31 22:54:54.106 | INFO     | obscam.api.main:start_server:578 | {'module': 'api_main'} | Shutdown complete. Goodbye!
2025-08-31 23:12:48.124 | INFO     | obscam.common.logging_config:setup_logging:71 | {'log_dir': '/Users/gheadley/nas/develop/python/obscam/logs', 'debug_mode': False, 'console_level': 'INFO'} | Logging initialized
2025-08-31 23:12:48.124 | INFO     | obscam:main:20 | {'module': 'main'} | Starting ObsCam with debug_mode=False
2025-08-31 23:12:48.239 | INFO     | obscam.core.camera_factory:get_backend_service:43 | {'module': 'camera_factory'} | Using gphoto2 camera implementation (development mode)
2025-08-31 23:12:48.254 | INFO     | obscam.core.capture_loop:__init__:31 | {'module': 'capture_loop'} | Capture loop initialized
2025-08-31 23:12:48.254 | INFO     | obscam.storage.settings_manager:__init__:30 | {'module': 'settings_manager', 'settings_file': '/tmp/obscam/obscam_settings.json'} | Settings manager initialized
2025-08-31 23:12:48.254 | INFO     | obscam.core.backend_service:__init__:42 | {'module': 'backend_service', 'camera_type': 'Gphoto2Camera', 'cache_dir': '/tmp/obscam'} | Backend service initialized
2025-08-31 23:12:48.254 | INFO     | obscam.core.camera_factory:get_backend_service:54 | {'module': 'camera_factory', 'cache_dir': '/tmp/obscam'} | Backend service created
2025-08-31 23:12:48.254 | INFO     | obscam.api.main:start_server:555 | {'module': 'api_main'} | Starting backend service...
2025-08-31 23:12:48.254 | INFO     | obscam.core.backend_service:start_backend:54 | {'module': 'backend_service'} | Starting camera backend service
2025-08-31 23:12:48.254 | INFO     | obscam.storage.settings_manager:start:44 | {'module': 'settings_manager'} | Settings save worker started
2025-08-31 23:12:48.375 | INFO     | obscam.common.logging_config:log_camera_event:114 | {'event_type': 'connected', 'camera_status': {'status': 'connected', 'camera_model': 'Nikon Zf (via gphoto2)', 'is_color_camera': True, 'current_exposure_ms': 200.0, 'current_gain': 100, 'image_format': 'color', 'shutter_mode': 'Bulb'}} | Camera event
2025-08-31 23:12:48.375 | INFO     | obscam.storage.settings_manager:load_settings:62 | {'module': 'settings_manager', 'settings': {'exposure_ms': 200.0, 'gain': 100, 'wb_r': 100, 'wb_b': 100, 'image_format': 'color', 'timestamp': 1756677274.864393}} | Settings loaded successfully
2025-08-31 23:12:48.375 | INFO     | obscam.core.backend_service:start_backend:72 | {'module': 'backend_service', 'settings': {'exposure_ms': 200.0, 'gain': 100, 'wb_r': 100, 'wb_b': 100, 'image_format': 'color', 'timestamp': 1756677274.864393}} | Applying cached settings
2025-08-31 23:12:48.377 | INFO     | obscam.common.logging_config:log_camera_event:114 | {'event_type': 'settings_applied', 'settings': {'exposure_ms': 200.0, 'gain': 100, 'wb_r': 100, 'wb_b': 100, 'image_format': 'color', 'timestamp': 1756677274.864393}} | Camera event
2025-08-31 23:12:48.379 | INFO     | obscam.core.capture_loop:_capture_worker:107 | {'module': 'capture_loop'} | Capture loop thread started
2025-08-31 23:12:48.379 | INFO     | obscam.common.logging_config:log_camera_event:114 | {'event_type': 'capture_loop_started'} | Camera event
2025-08-31 23:12:48.379 | INFO     | obscam.core.backend_service:start_backend:87 | {'module': 'backend_service'} | Backend service started successfully
2025-08-31 23:12:48.380 | INFO     | obscam.common.logging_config:log_camera_event:114 | {'event_type': 'backend_started', 'status': {'backend_service': 'running', 'continuous_capture': True, 'has_frame': False, 'status': 'connected', 'camera_model': 'Nikon Zf (via gphoto2)', 'is_color_camera': True, 'current_exposure_ms': 200.0, 'current_gain': 100, 'image_format': 'color', 'shutter_mode': 'Unknown'}} | Camera event
2025-08-31 23:12:48.380 | INFO     | obscam.api.main:start_server:557 | {'module': 'api_main'} | Backend service started successfully!
2025-08-31 23:12:48.380 | INFO     | obscam.api.main:start_server:558 | {'module': 'api_main'} | Available endpoints:
2025-08-31 23:12:48.380 | INFO     | obscam.api.main:start_server:559 | {'module': 'api_main'} |   - Main page: http://localhost:8000/
2025-08-31 23:12:48.380 | INFO     | obscam.api.main:start_server:560 | {'module': 'api_main'} |   - Latest frame: http://localhost:8000/api/latest-frame
2025-08-31 23:12:48.380 | INFO     | obscam.api.main:start_server:561 | {'module': 'api_main'} |   - Update settings: POST http://localhost:8000/api/update-settings
2025-08-31 23:12:48.380 | INFO     | obscam.api.main:start_server:564 | {'module': 'api_main'} |   - Status: http://localhost:8000/api/status
2025-08-31 23:12:48.380 | INFO     | obscam.api.main:start_server:569 | {'module': 'api_main'} | Starting web server on port 8000...
2025-08-31 23:12:48.380 | INFO     | obscam.api.main:start_server:570 | {'module': 'api_main'} | Press Ctrl+C to shut down gracefully
2025-08-31 23:12:49.681 | WARNING  | obscam.core.capture_loop:_capture_worker:168 | {'module': 'capture_loop'} | Frame capture returned no data
2025-08-31 23:12:50.806 | WARNING  | obscam.core.capture_loop:_capture_worker:168 | {'module': 'capture_loop'} | Frame capture returned no data
2025-08-31 23:12:51.961 | WARNING  | obscam.core.capture_loop:_capture_worker:168 | {'module': 'capture_loop'} | Frame capture returned no data
2025-08-31 23:12:53.130 | WARNING  | obscam.core.capture_loop:_capture_worker:168 | {'module': 'capture_loop'} | Frame capture returned no data
2025-08-31 23:12:54.295 | WARNING  | obscam.core.capture_loop:_capture_worker:168 | {'module': 'capture_loop'} | Frame capture returned no data
2025-08-31 23:12:55.392 | WARNING  | obscam.core.capture_loop:_capture_worker:168 | {'module': 'capture_loop'} | Frame capture returned no data
2025-08-31 23:12:56.544 | WARNING  | obscam.core.capture_loop:_capture_worker:168 | {'module': 'capture_loop'} | Frame capture returned no data
2025-08-31 23:12:57.639 | WARNING  | obscam.core.capture_loop:_capture_worker:168 | {'module': 'capture_loop'} | Frame capture returned no data
2025-08-31 23:12:58.186 | INFO     | obscam.api.main:shutdown:56 | {'module': 'api_main'} | FastAPI shutdown event triggered
2025-08-31 23:12:58.687 | INFO     | obscam.api.main:shutdown:60 | {'module': 'api_main'} | FastAPI shutdown cleanup completed
2025-08-31 23:12:58.688 | INFO     | obscam.api.main:handle_signal:525 | {'module': 'api_main'} | Received signal 15, setting shutdown flag...
2025-08-31 23:12:58.688 | INFO     | obscam.api.main:handle_signal:525 | {'module': 'api_main'} | Received signal 15, setting shutdown flag...
2025-08-31 23:12:58.688 | INFO     | obscam.api.main:start_server:576 | {'module': 'api_main'} | Shutting down backend service...
2025-08-31 23:12:58.688 | INFO     | obscam.core.backend_service:shutdown_gracefully:240 | {'module': 'backend_service'} | Performing graceful shutdown of backend service
2025-08-31 23:12:58.688 | INFO     | obscam.storage.settings_manager:_save_settings_to_disk:125 | {'module': 'settings_manager', 'settings': {'exposure_ms': 200.0, 'gain': 100, 'wb_r': 100, 'wb_b': 100, 'image_format': 'color', 'timestamp': 1756678368.254239}} | Settings saved successfully
2025-08-31 23:12:58.689 | INFO     | obscam.core.backend_service:shutdown_gracefully:246 | {'module': 'backend_service'} | Settings saved successfully during shutdown
2025-08-31 23:12:58.689 | INFO     | obscam.core.backend_service:stop_backend:96 | {'module': 'backend_service'} | Stopping backend service
2025-08-31 23:12:58.689 | INFO     | obscam.core.capture_loop:stop:57 | {'module': 'capture_loop'} | Stopping capture loop...
2025-08-31 23:12:58.800 | WARNING  | obscam.core.capture_loop:_capture_worker:168 | {'module': 'capture_loop'} | Frame capture returned no data
2025-08-31 23:12:58.812 | INFO     | obscam.core.capture_loop:_capture_worker:218 | {'module': 'capture_loop', 'final_frame_count': 0} | Capture loop thread ended
2025-08-31 23:12:58.812 | INFO     | obscam.core.capture_loop:stop:70 | {'module': 'capture_loop'} | Capture thread stopped successfully
2025-08-31 23:12:58.812 | INFO     | obscam.common.logging_config:log_camera_event:114 | {'event_type': 'capture_loop_stopped'} | Camera event
2025-08-31 23:12:58.825 | INFO     | obscam.storage.settings_manager:stop:54 | {'module': 'settings_manager'} | Settings save worker stopped
2025-08-31 23:12:58.825 | INFO     | obscam.common.logging_config:log_camera_event:114 | {'event_type': 'backend_stopped'} | Camera event
2025-08-31 23:12:58.825 | INFO     | obscam.core.backend_service:shutdown_gracefully:252 | {'module': 'backend_service'} | Backend service graceful shutdown completed
2025-08-31 23:12:58.825 | INFO     | obscam.api.main:start_server:578 | {'module': 'api_main'} | Shutdown complete. Goodbye!
2025-08-31 23:13:44.746 | INFO     | obscam.common.logging_config:setup_logging:71 | {'log_dir': '/Users/gheadley/nas/develop/python/obscam/logs', 'debug_mode': False, 'console_level': 'INFO'} | Logging initialized
2025-08-31 23:13:44.746 | INFO     | obscam:main:20 | {'module': 'main'} | Starting ObsCam with debug_mode=False
2025-08-31 23:13:44.860 | INFO     | obscam.core.camera_factory:get_backend_service:43 | {'module': 'camera_factory'} | Using gphoto2 camera implementation (development mode)
2025-08-31 23:13:44.874 | INFO     | obscam.core.capture_loop:__init__:31 | {'module': 'capture_loop'} | Capture loop initialized
2025-08-31 23:13:44.874 | INFO     | obscam.storage.settings_manager:__init__:30 | {'module': 'settings_manager', 'settings_file': '/tmp/obscam/obscam_settings.json'} | Settings manager initialized
2025-08-31 23:13:44.874 | INFO     | obscam.core.backend_service:__init__:42 | {'module': 'backend_service', 'camera_type': 'Gphoto2Camera', 'cache_dir': '/tmp/obscam'} | Backend service initialized
2025-08-31 23:13:44.874 | INFO     | obscam.core.camera_factory:get_backend_service:54 | {'module': 'camera_factory', 'cache_dir': '/tmp/obscam'} | Backend service created
2025-08-31 23:13:44.874 | INFO     | obscam.api.main:start_server:555 | {'module': 'api_main'} | Starting backend service...
2025-08-31 23:13:44.874 | INFO     | obscam.core.backend_service:start_backend:54 | {'module': 'backend_service'} | Starting camera backend service
2025-08-31 23:13:44.875 | INFO     | obscam.storage.settings_manager:start:44 | {'module': 'settings_manager'} | Settings save worker started
2025-08-31 23:13:45.017 | INFO     | obscam.common.logging_config:log_camera_event:114 | {'event_type': 'connected', 'camera_status': {'status': 'connected', 'camera_model': 'Nikon Zf (via gphoto2)', 'is_color_camera': True, 'current_exposure_ms': 200.0, 'current_gain': 100, 'image_format': 'color', 'shutter_mode': 'Bulb'}} | Camera event
2025-08-31 23:13:45.017 | INFO     | obscam.storage.settings_manager:load_settings:62 | {'module': 'settings_manager', 'settings': {'exposure_ms': 200.0, 'gain': 100, 'wb_r': 100, 'wb_b': 100, 'image_format': 'color', 'timestamp': 1756678368.254239}} | Settings loaded successfully
2025-08-31 23:13:45.017 | INFO     | obscam.core.backend_service:start_backend:72 | {'module': 'backend_service', 'settings': {'exposure_ms': 200.0, 'gain': 100, 'wb_r': 100, 'wb_b': 100, 'image_format': 'color', 'timestamp': 1756678368.254239}} | Applying cached settings
2025-08-31 23:13:45.019 | INFO     | obscam.common.logging_config:log_camera_event:114 | {'event_type': 'settings_applied', 'settings': {'exposure_ms': 200.0, 'gain': 100, 'wb_r': 100, 'wb_b': 100, 'image_format': 'color', 'timestamp': 1756678368.254239}} | Camera event
2025-08-31 23:13:45.021 | INFO     | obscam.core.capture_loop:_capture_worker:107 | {'module': 'capture_loop'} | Capture loop thread started
2025-08-31 23:13:45.021 | INFO     | obscam.common.logging_config:log_camera_event:114 | {'event_type': 'capture_loop_started'} | Camera event
2025-08-31 23:13:45.021 | INFO     | obscam.core.backend_service:start_backend:87 | {'module': 'backend_service'} | Backend service started successfully
2025-08-31 23:13:45.021 | INFO     | obscam.common.logging_config:log_camera_event:114 | {'event_type': 'backend_started', 'status': {'backend_service': 'running', 'continuous_capture': True, 'has_frame': False, 'status': 'connected', 'camera_model': 'Nikon Zf (via gphoto2)', 'is_color_camera': True, 'current_exposure_ms': 200.0, 'current_gain': 100, 'image_format': 'color', 'shutter_mode': 'Unknown'}} | Camera event
2025-08-31 23:13:45.021 | INFO     | obscam.api.main:start_server:557 | {'module': 'api_main'} | Backend service started successfully!
2025-08-31 23:13:45.021 | INFO     | obscam.api.main:start_server:558 | {'module': 'api_main'} | Available endpoints:
2025-08-31 23:13:45.021 | INFO     | obscam.api.main:start_server:559 | {'module': 'api_main'} |   - Main page: http://localhost:8000/
2025-08-31 23:13:45.021 | INFO     | obscam.api.main:start_server:560 | {'module': 'api_main'} |   - Latest frame: http://localhost:8000/api/latest-frame
2025-08-31 23:13:45.021 | INFO     | obscam.api.main:start_server:561 | {'module': 'api_main'} |   - Update settings: POST http://localhost:8000/api/update-settings
2025-08-31 23:13:45.021 | INFO     | obscam.api.main:start_server:564 | {'module': 'api_main'} |   - Status: http://localhost:8000/api/status
2025-08-31 23:13:45.021 | INFO     | obscam.api.main:start_server:569 | {'module': 'api_main'} | Starting web server on port 8000...
2025-08-31 23:13:45.021 | INFO     | obscam.api.main:start_server:570 | {'module': 'api_main'} | Press Ctrl+C to shut down gracefully
2025-08-31 23:13:46.309 | WARNING  | obscam.core.capture_loop:_capture_worker:168 | {'module': 'capture_loop'} | Frame capture returned no data
2025-08-31 23:13:47.487 | WARNING  | obscam.core.capture_loop:_capture_worker:168 | {'module': 'capture_loop'} | Frame capture returned no data
2025-08-31 23:13:48.609 | WARNING  | obscam.core.capture_loop:_capture_worker:168 | {'module': 'capture_loop'} | Frame capture returned no data
2025-08-31 23:13:49.751 | WARNING  | obscam.core.capture_loop:_capture_worker:168 | {'module': 'capture_loop'} | Frame capture returned no data
2025-08-31 23:13:50.872 | WARNING  | obscam.core.capture_loop:_capture_worker:168 | {'module': 'capture_loop'} | Frame capture returned no data
2025-08-31 23:13:52.013 | WARNING  | obscam.core.capture_loop:_capture_worker:168 | {'module': 'capture_loop'} | Frame capture returned no data
2025-08-31 23:13:53.182 | WARNING  | obscam.core.capture_loop:_capture_worker:168 | {'module': 'capture_loop'} | Frame capture returned no data
2025-08-31 23:13:54.275 | WARNING  | obscam.core.capture_loop:_capture_worker:168 | {'module': 'capture_loop'} | Frame capture returned no data
2025-08-31 23:13:55.435 | WARNING  | obscam.core.capture_loop:_capture_worker:168 | {'module': 'capture_loop'} | Frame capture returned no data
2025-08-31 23:13:56.536 | WARNING  | obscam.core.capture_loop:_capture_worker:168 | {'module': 'capture_loop'} | Frame capture returned no data
2025-08-31 23:13:57.734 | WARNING  | obscam.core.capture_loop:_capture_worker:168 | {'module': 'capture_loop'} | Frame capture returned no data
2025-08-31 23:13:58.838 | WARNING  | obscam.core.capture_loop:_capture_worker:168 | {'module': 'capture_loop'} | Frame capture returned no data
2025-08-31 23:13:59.879 | INFO     | obscam.api.main:shutdown:56 | {'module': 'api_main'} | FastAPI shutdown event triggered
2025-08-31 23:14:00.002 | WARNING  | obscam.core.capture_loop:_capture_worker:168 | {'module': 'capture_loop'} | Frame capture returned no data
2025-08-31 23:14:00.380 | INFO     | obscam.api.main:shutdown:60 | {'module': 'api_main'} | FastAPI shutdown cleanup completed
2025-08-31 23:14:00.380 | INFO     | obscam.api.main:handle_signal:525 | {'module': 'api_main'} | Received signal 15, setting shutdown flag...
2025-08-31 23:14:00.380 | INFO     | obscam.api.main:handle_signal:525 | {'module': 'api_main'} | Received signal 15, setting shutdown flag...
2025-08-31 23:14:00.380 | INFO     | obscam.api.main:start_server:576 | {'module': 'api_main'} | Shutting down backend service...
2025-08-31 23:14:00.380 | INFO     | obscam.core.backend_service:shutdown_gracefully:240 | {'module': 'backend_service'} | Performing graceful shutdown of backend service
2025-08-31 23:14:00.381 | INFO     | obscam.storage.settings_manager:_save_settings_to_disk:125 | {'module': 'settings_manager', 'settings': {'exposure_ms': 200.0, 'gain': 100, 'wb_r': 100, 'wb_b': 100, 'image_format': 'color', 'timestamp': 1756678424.874646}} | Settings saved successfully
2025-08-31 23:14:00.381 | INFO     | obscam.core.backend_service:shutdown_gracefully:246 | {'module': 'backend_service'} | Settings saved successfully during shutdown
2025-08-31 23:14:00.381 | INFO     | obscam.core.backend_service:stop_backend:96 | {'module': 'backend_service'} | Stopping backend service
2025-08-31 23:14:00.381 | INFO     | obscam.core.capture_loop:stop:57 | {'module': 'capture_loop'} | Stopping capture loop...
2025-08-31 23:14:01.175 | WARNING  | obscam.core.capture_loop:_capture_worker:168 | {'module': 'capture_loop'} | Frame capture returned no data
2025-08-31 23:14:01.187 | INFO     | obscam.core.capture_loop:_capture_worker:218 | {'module': 'capture_loop', 'final_frame_count': 0} | Capture loop thread ended
2025-08-31 23:14:01.188 | INFO     | obscam.core.capture_loop:stop:70 | {'module': 'capture_loop'} | Capture thread stopped successfully
2025-08-31 23:14:01.188 | INFO     | obscam.common.logging_config:log_camera_event:114 | {'event_type': 'capture_loop_stopped'} | Camera event
2025-08-31 23:14:01.199 | INFO     | obscam.storage.settings_manager:stop:54 | {'module': 'settings_manager'} | Settings save worker stopped
2025-08-31 23:14:01.199 | INFO     | obscam.common.logging_config:log_camera_event:114 | {'event_type': 'backend_stopped'} | Camera event
2025-08-31 23:14:01.199 | INFO     | obscam.core.backend_service:shutdown_gracefully:252 | {'module': 'backend_service'} | Backend service graceful shutdown completed
2025-08-31 23:14:01.199 | INFO     | obscam.api.main:start_server:578 | {'module': 'api_main'} | Shutdown complete. Goodbye!
2025-08-31 23:14:30.226 | INFO     | obscam.common.logging_config:setup_logging:71 | {'log_dir': '/Users/gheadley/nas/develop/python/obscam/logs', 'debug_mode': False, 'console_level': 'INFO'} | Logging initialized
2025-08-31 23:14:30.226 | INFO     | obscam:main:20 | {'module': 'main'} | Starting ObsCam with debug_mode=False
2025-08-31 23:14:30.338 | INFO     | obscam.core.camera_factory:get_backend_service:43 | {'module': 'camera_factory'} | Using gphoto2 camera implementation (development mode)
2025-08-31 23:14:30.353 | INFO     | obscam.core.capture_loop:__init__:31 | {'module': 'capture_loop'} | Capture loop initialized
2025-08-31 23:14:30.353 | INFO     | obscam.storage.settings_manager:__init__:30 | {'module': 'settings_manager', 'settings_file': '/tmp/obscam/obscam_settings.json'} | Settings manager initialized
2025-08-31 23:14:30.353 | INFO     | obscam.core.backend_service:__init__:42 | {'module': 'backend_service', 'camera_type': 'Gphoto2Camera', 'cache_dir': '/tmp/obscam'} | Backend service initialized
2025-08-31 23:14:30.353 | INFO     | obscam.core.camera_factory:get_backend_service:54 | {'module': 'camera_factory', 'cache_dir': '/tmp/obscam'} | Backend service created
2025-08-31 23:14:30.353 | INFO     | obscam.api.main:start_server:555 | {'module': 'api_main'} | Starting backend service...
2025-08-31 23:14:30.353 | INFO     | obscam.core.backend_service:start_backend:54 | {'module': 'backend_service'} | Starting camera backend service
2025-08-31 23:14:30.353 | INFO     | obscam.storage.settings_manager:start:44 | {'module': 'settings_manager'} | Settings save worker started
2025-08-31 23:14:30.494 | INFO     | obscam.common.logging_config:log_camera_event:114 | {'event_type': 'connected', 'camera_status': {'status': 'connected', 'camera_model': 'Nikon Zf (via gphoto2)', 'is_color_camera': True, 'current_exposure_ms': 200.0, 'current_gain': 100, 'image_format': 'color', 'shutter_mode': 'Bulb'}} | Camera event
2025-08-31 23:14:30.494 | INFO     | obscam.storage.settings_manager:load_settings:62 | {'module': 'settings_manager', 'settings': {'exposure_ms': 200.0, 'gain': 100, 'wb_r': 100, 'wb_b': 100, 'image_format': 'color', 'timestamp': 1756678424.874646}} | Settings loaded successfully
2025-08-31 23:14:30.494 | INFO     | obscam.core.backend_service:start_backend:72 | {'module': 'backend_service', 'settings': {'exposure_ms': 200.0, 'gain': 100, 'wb_r': 100, 'wb_b': 100, 'image_format': 'color', 'timestamp': 1756678424.874646}} | Applying cached settings
2025-08-31 23:14:30.496 | INFO     | obscam.common.logging_config:log_camera_event:114 | {'event_type': 'settings_applied', 'settings': {'exposure_ms': 200.0, 'gain': 100, 'wb_r': 100, 'wb_b': 100, 'image_format': 'color', 'timestamp': 1756678424.874646}} | Camera event
2025-08-31 23:14:30.498 | INFO     | obscam.core.capture_loop:_capture_worker:107 | {'module': 'capture_loop'} | Capture loop thread started
2025-08-31 23:14:30.498 | INFO     | obscam.common.logging_config:log_camera_event:114 | {'event_type': 'capture_loop_started'} | Camera event
2025-08-31 23:14:30.498 | INFO     | obscam.core.backend_service:start_backend:87 | {'module': 'backend_service'} | Backend service started successfully
2025-08-31 23:14:30.498 | INFO     | obscam.common.logging_config:log_camera_event:114 | {'event_type': 'backend_started', 'status': {'backend_service': 'running', 'continuous_capture': True, 'has_frame': False, 'status': 'connected', 'camera_model': 'Nikon Zf (via gphoto2)', 'is_color_camera': True, 'current_exposure_ms': 200.0, 'current_gain': 100, 'image_format': 'color', 'shutter_mode': 'Unknown'}} | Camera event
2025-08-31 23:14:30.498 | INFO     | obscam.api.main:start_server:557 | {'module': 'api_main'} | Backend service started successfully!
2025-08-31 23:14:30.498 | INFO     | obscam.api.main:start_server:558 | {'module': 'api_main'} | Available endpoints:
2025-08-31 23:14:30.498 | INFO     | obscam.api.main:start_server:559 | {'module': 'api_main'} |   - Main page: http://localhost:8000/
2025-08-31 23:14:30.498 | INFO     | obscam.api.main:start_server:560 | {'module': 'api_main'} |   - Latest frame: http://localhost:8000/api/latest-frame
2025-08-31 23:14:30.498 | INFO     | obscam.api.main:start_server:561 | {'module': 'api_main'} |   - Update settings: POST http://localhost:8000/api/update-settings
2025-08-31 23:14:30.499 | INFO     | obscam.api.main:start_server:564 | {'module': 'api_main'} |   - Status: http://localhost:8000/api/status
2025-08-31 23:14:30.499 | INFO     | obscam.api.main:start_server:569 | {'module': 'api_main'} | Starting web server on port 8000...
2025-08-31 23:14:30.499 | INFO     | obscam.api.main:start_server:570 | {'module': 'api_main'} | Press Ctrl+C to shut down gracefully
2025-08-31 23:14:35.354 | INFO     | obscam.api.main:shutdown:56 | {'module': 'api_main'} | FastAPI shutdown event triggered
2025-08-31 23:14:35.855 | INFO     | obscam.api.main:shutdown:60 | {'module': 'api_main'} | FastAPI shutdown cleanup completed
2025-08-31 23:14:35.855 | INFO     | obscam.api.main:handle_signal:525 | {'module': 'api_main'} | Received signal 15, setting shutdown flag...
2025-08-31 23:14:35.855 | INFO     | obscam.api.main:handle_signal:525 | {'module': 'api_main'} | Received signal 15, setting shutdown flag...
2025-08-31 23:14:35.855 | INFO     | obscam.api.main:start_server:576 | {'module': 'api_main'} | Shutting down backend service...
2025-08-31 23:14:35.855 | INFO     | obscam.core.backend_service:shutdown_gracefully:240 | {'module': 'backend_service'} | Performing graceful shutdown of backend service
2025-08-31 23:14:35.856 | INFO     | obscam.storage.settings_manager:_save_settings_to_disk:125 | {'module': 'settings_manager', 'settings': {'exposure_ms': 200.0, 'gain': 100, 'wb_r': 100, 'wb_b': 100, 'image_format': 'color', 'timestamp': 1756678470.353319}} | Settings saved successfully
2025-08-31 23:14:35.856 | INFO     | obscam.core.backend_service:shutdown_gracefully:246 | {'module': 'backend_service'} | Settings saved successfully during shutdown
2025-08-31 23:14:35.856 | INFO     | obscam.core.backend_service:stop_backend:96 | {'module': 'backend_service'} | Stopping backend service
2025-08-31 23:14:35.856 | INFO     | obscam.core.capture_loop:stop:57 | {'module': 'capture_loop'} | Stopping capture loop...
2025-08-31 23:14:36.597 | INFO     | obscam.core.capture_loop:_capture_worker:218 | {'module': 'capture_loop', 'final_frame_count': 7} | Capture loop thread ended
2025-08-31 23:14:36.597 | INFO     | obscam.core.capture_loop:stop:70 | {'module': 'capture_loop'} | Capture thread stopped successfully
2025-08-31 23:14:36.597 | INFO     | obscam.common.logging_config:log_camera_event:114 | {'event_type': 'capture_loop_stopped'} | Camera event
2025-08-31 23:14:36.608 | INFO     | obscam.storage.settings_manager:stop:54 | {'module': 'settings_manager'} | Settings save worker stopped
2025-08-31 23:14:36.608 | INFO     | obscam.common.logging_config:log_camera_event:114 | {'event_type': 'backend_stopped'} | Camera event
2025-08-31 23:14:36.608 | INFO     | obscam.core.backend_service:shutdown_gracefully:252 | {'module': 'backend_service'} | Backend service graceful shutdown completed
2025-08-31 23:14:36.608 | INFO     | obscam.api.main:start_server:578 | {'module': 'api_main'} | Shutdown complete. Goodbye!
2025-08-31 23:15:08.791 | INFO     | obscam.common.logging_config:setup_logging:71 | {'log_dir': '/Users/gheadley/nas/develop/python/obscam/logs', 'debug_mode': False, 'console_level': 'INFO'} | Logging initialized
2025-08-31 23:15:08.791 | INFO     | obscam:main:20 | {'module': 'main'} | Starting ObsCam with debug_mode=False
2025-08-31 23:15:08.906 | INFO     | obscam.core.camera_factory:get_backend_service:43 | {'module': 'camera_factory'} | Using gphoto2 camera implementation (development mode)
2025-08-31 23:15:08.920 | INFO     | obscam.core.capture_loop:__init__:31 | {'module': 'capture_loop'} | Capture loop initialized
2025-08-31 23:15:08.920 | INFO     | obscam.storage.settings_manager:__init__:30 | {'module': 'settings_manager', 'settings_file': '/tmp/obscam/obscam_settings.json'} | Settings manager initialized
2025-08-31 23:15:08.920 | INFO     | obscam.core.backend_service:__init__:42 | {'module': 'backend_service', 'camera_type': 'Gphoto2Camera', 'cache_dir': '/tmp/obscam'} | Backend service initialized
2025-08-31 23:15:08.920 | INFO     | obscam.core.camera_factory:get_backend_service:54 | {'module': 'camera_factory', 'cache_dir': '/tmp/obscam'} | Backend service created
2025-08-31 23:15:08.920 | INFO     | obscam.api.main:start_server:555 | {'module': 'api_main'} | Starting backend service...
2025-08-31 23:15:08.920 | INFO     | obscam.core.backend_service:start_backend:54 | {'module': 'backend_service'} | Starting camera backend service
2025-08-31 23:15:08.920 | INFO     | obscam.storage.settings_manager:start:44 | {'module': 'settings_manager'} | Settings save worker started
2025-08-31 23:15:09.049 | INFO     | obscam.common.logging_config:log_camera_event:114 | {'event_type': 'connected', 'camera_status': {'status': 'connected', 'camera_model': 'Nikon Zf (via gphoto2)', 'is_color_camera': True, 'current_exposure_ms': 200.0, 'current_gain': 100, 'image_format': 'color', 'shutter_mode': 'Bulb'}} | Camera event
2025-08-31 23:15:09.050 | INFO     | obscam.storage.settings_manager:load_settings:62 | {'module': 'settings_manager', 'settings': {'exposure_ms': 200.0, 'gain': 100, 'wb_r': 100, 'wb_b': 100, 'image_format': 'color', 'timestamp': 1756678470.353319}} | Settings loaded successfully
2025-08-31 23:15:09.050 | INFO     | obscam.core.backend_service:start_backend:72 | {'module': 'backend_service', 'settings': {'exposure_ms': 200.0, 'gain': 100, 'wb_r': 100, 'wb_b': 100, 'image_format': 'color', 'timestamp': 1756678470.353319}} | Applying cached settings
2025-08-31 23:15:09.052 | INFO     | obscam.common.logging_config:log_camera_event:114 | {'event_type': 'settings_applied', 'settings': {'exposure_ms': 200.0, 'gain': 100, 'wb_r': 100, 'wb_b': 100, 'image_format': 'color', 'timestamp': 1756678470.353319}} | Camera event
2025-08-31 23:15:09.053 | INFO     | obscam.core.capture_loop:_capture_worker:107 | {'module': 'capture_loop'} | Capture loop thread started
2025-08-31 23:15:09.053 | INFO     | obscam.common.logging_config:log_camera_event:114 | {'event_type': 'capture_loop_started'} | Camera event
2025-08-31 23:15:09.054 | INFO     | obscam.core.backend_service:start_backend:87 | {'module': 'backend_service'} | Backend service started successfully
2025-08-31 23:15:09.054 | INFO     | obscam.common.logging_config:log_camera_event:114 | {'event_type': 'backend_started', 'status': {'backend_service': 'running', 'continuous_capture': True, 'has_frame': False, 'status': 'connected', 'camera_model': 'Nikon Zf (via gphoto2)', 'is_color_camera': True, 'current_exposure_ms': 200.0, 'current_gain': 100, 'image_format': 'color', 'shutter_mode': 'Unknown'}} | Camera event
2025-08-31 23:15:09.054 | INFO     | obscam.api.main:start_server:557 | {'module': 'api_main'} | Backend service started successfully!
2025-08-31 23:15:09.054 | INFO     | obscam.api.main:start_server:558 | {'module': 'api_main'} | Available endpoints:
2025-08-31 23:15:09.054 | INFO     | obscam.api.main:start_server:559 | {'module': 'api_main'} |   - Main page: http://localhost:8000/
2025-08-31 23:15:09.054 | INFO     | obscam.api.main:start_server:560 | {'module': 'api_main'} |   - Latest frame: http://localhost:8000/api/latest-frame
2025-08-31 23:15:09.054 | INFO     | obscam.api.main:start_server:561 | {'module': 'api_main'} |   - Update settings: POST http://localhost:8000/api/update-settings
2025-08-31 23:15:09.054 | INFO     | obscam.api.main:start_server:564 | {'module': 'api_main'} |   - Status: http://localhost:8000/api/status
2025-08-31 23:15:09.054 | INFO     | obscam.api.main:start_server:569 | {'module': 'api_main'} | Starting web server on port 8000...
2025-08-31 23:15:09.054 | INFO     | obscam.api.main:start_server:570 | {'module': 'api_main'} | Press Ctrl+C to shut down gracefully
2025-08-31 23:15:44.929 | INFO     | obscam.api.main:shutdown:56 | {'module': 'api_main'} | FastAPI shutdown event triggered
2025-08-31 23:15:45.430 | INFO     | obscam.api.main:shutdown:60 | {'module': 'api_main'} | FastAPI shutdown cleanup completed
2025-08-31 23:15:45.431 | INFO     | obscam.api.main:handle_signal:525 | {'module': 'api_main'} | Received signal 15, setting shutdown flag...
2025-08-31 23:15:45.431 | INFO     | obscam.api.main:handle_signal:525 | {'module': 'api_main'} | Received signal 15, setting shutdown flag...
2025-08-31 23:15:45.431 | INFO     | obscam.api.main:start_server:576 | {'module': 'api_main'} | Shutting down backend service...
2025-08-31 23:15:45.431 | INFO     | obscam.core.backend_service:shutdown_gracefully:240 | {'module': 'backend_service'} | Performing graceful shutdown of backend service
2025-08-31 23:15:45.431 | INFO     | obscam.storage.settings_manager:_save_settings_to_disk:125 | {'module': 'settings_manager', 'settings': {'exposure_ms': 200.0, 'gain': 100, 'wb_r': 100, 'wb_b': 100, 'image_format': 'color', 'timestamp': 1756678508.920448}} | Settings saved successfully
2025-08-31 23:15:45.431 | INFO     | obscam.core.backend_service:shutdown_gracefully:246 | {'module': 'backend_service'} | Settings saved successfully during shutdown
2025-08-31 23:15:45.431 | INFO     | obscam.core.backend_service:stop_backend:96 | {'module': 'backend_service'} | Stopping backend service
2025-08-31 23:15:45.431 | INFO     | obscam.core.capture_loop:stop:57 | {'module': 'capture_loop'} | Stopping capture loop...
2025-08-31 23:15:45.823 | INFO     | obscam.core.capture_loop:_capture_worker:218 | {'module': 'capture_loop', 'final_frame_count': 41} | Capture loop thread ended
2025-08-31 23:15:45.823 | INFO     | obscam.core.capture_loop:stop:70 | {'module': 'capture_loop'} | Capture thread stopped successfully
2025-08-31 23:15:45.823 | INFO     | obscam.common.logging_config:log_camera_event:114 | {'event_type': 'capture_loop_stopped'} | Camera event
2025-08-31 23:15:45.833 | INFO     | obscam.storage.settings_manager:stop:54 | {'module': 'settings_manager'} | Settings save worker stopped
2025-08-31 23:15:45.833 | INFO     | obscam.common.logging_config:log_camera_event:114 | {'event_type': 'backend_stopped'} | Camera event
2025-08-31 23:15:45.833 | INFO     | obscam.core.backend_service:shutdown_gracefully:252 | {'module': 'backend_service'} | Backend service graceful shutdown completed
2025-08-31 23:15:45.834 | INFO     | obscam.api.main:start_server:578 | {'module': 'api_main'} | Shutdown complete. Goodbye!
2025-08-31 23:16:52.963 | INFO     | obscam.common.logging_config:setup_logging:71 | {'log_dir': '/Users/gheadley/nas/develop/python/obscam/logs', 'debug_mode': False, 'console_level': 'INFO'} | Logging initialized
2025-08-31 23:16:52.963 | INFO     | obscam:main:20 | {'module': 'main'} | Starting ObsCam with debug_mode=False
2025-08-31 23:16:53.074 | INFO     | obscam.core.camera_factory:get_backend_service:43 | {'module': 'camera_factory'} | Using gphoto2 camera implementation (development mode)
2025-08-31 23:16:53.088 | INFO     | obscam.core.capture_loop:__init__:31 | {'module': 'capture_loop'} | Capture loop initialized
2025-08-31 23:16:53.088 | INFO     | obscam.storage.settings_manager:__init__:30 | {'module': 'settings_manager', 'settings_file': '/tmp/obscam/obscam_settings.json'} | Settings manager initialized
2025-08-31 23:16:53.088 | INFO     | obscam.core.backend_service:__init__:42 | {'module': 'backend_service', 'camera_type': 'Gphoto2Camera', 'cache_dir': '/tmp/obscam'} | Backend service initialized
2025-08-31 23:16:53.088 | INFO     | obscam.core.camera_factory:get_backend_service:54 | {'module': 'camera_factory', 'cache_dir': '/tmp/obscam'} | Backend service created
2025-08-31 23:16:53.088 | INFO     | obscam.api.main:start_server:555 | {'module': 'api_main'} | Starting backend service...
2025-08-31 23:16:53.088 | INFO     | obscam.core.backend_service:start_backend:54 | {'module': 'backend_service'} | Starting camera backend service
2025-08-31 23:16:53.088 | INFO     | obscam.storage.settings_manager:start:44 | {'module': 'settings_manager'} | Settings save worker started
2025-08-31 23:16:53.240 | INFO     | obscam.common.logging_config:log_camera_event:114 | {'event_type': 'connected', 'camera_status': {'status': 'connected', 'camera_model': 'Nikon Zf (via gphoto2)', 'is_color_camera': True, 'current_exposure_ms': 200.0, 'current_gain': 100, 'image_format': 'color', 'shutter_mode': 'Bulb'}} | Camera event
2025-08-31 23:16:53.240 | INFO     | obscam.storage.settings_manager:load_settings:62 | {'module': 'settings_manager', 'settings': {'exposure_ms': 200.0, 'gain': 100, 'wb_r': 100, 'wb_b': 100, 'image_format': 'color', 'timestamp': 1756678508.920448}} | Settings loaded successfully
2025-08-31 23:16:53.240 | INFO     | obscam.core.backend_service:start_backend:72 | {'module': 'backend_service', 'settings': {'exposure_ms': 200.0, 'gain': 100, 'wb_r': 100, 'wb_b': 100, 'image_format': 'color', 'timestamp': 1756678508.920448}} | Applying cached settings
2025-08-31 23:16:53.242 | INFO     | obscam.common.logging_config:log_camera_event:114 | {'event_type': 'settings_applied', 'settings': {'exposure_ms': 200.0, 'gain': 100, 'wb_r': 100, 'wb_b': 100, 'image_format': 'color', 'timestamp': 1756678508.920448}} | Camera event
2025-08-31 23:16:53.246 | INFO     | obscam.core.capture_loop:_capture_worker:107 | {'module': 'capture_loop'} | Capture loop thread started
2025-08-31 23:16:53.246 | INFO     | obscam.common.logging_config:log_camera_event:114 | {'event_type': 'capture_loop_started'} | Camera event
2025-08-31 23:16:53.246 | INFO     | obscam.core.backend_service:start_backend:87 | {'module': 'backend_service'} | Backend service started successfully
2025-08-31 23:16:53.247 | INFO     | obscam.common.logging_config:log_camera_event:114 | {'event_type': 'backend_started', 'status': {'backend_service': 'running', 'continuous_capture': True, 'has_frame': False, 'status': 'connected', 'camera_model': 'Nikon Zf (via gphoto2)', 'is_color_camera': True, 'current_exposure_ms': 200.0, 'current_gain': 100, 'image_format': 'color', 'shutter_mode': 'Unknown'}} | Camera event
2025-08-31 23:16:53.247 | INFO     | obscam.api.main:start_server:557 | {'module': 'api_main'} | Backend service started successfully!
2025-08-31 23:16:53.247 | INFO     | obscam.api.main:start_server:558 | {'module': 'api_main'} | Available endpoints:
2025-08-31 23:16:53.247 | INFO     | obscam.api.main:start_server:559 | {'module': 'api_main'} |   - Main page: http://localhost:8000/
2025-08-31 23:16:53.247 | INFO     | obscam.api.main:start_server:560 | {'module': 'api_main'} |   - Latest frame: http://localhost:8000/api/latest-frame
2025-08-31 23:16:53.247 | INFO     | obscam.api.main:start_server:561 | {'module': 'api_main'} |   - Update settings: POST http://localhost:8000/api/update-settings
2025-08-31 23:16:53.247 | INFO     | obscam.api.main:start_server:564 | {'module': 'api_main'} |   - Status: http://localhost:8000/api/status
2025-08-31 23:16:53.247 | INFO     | obscam.api.main:start_server:569 | {'module': 'api_main'} | Starting web server on port 8000...
2025-08-31 23:16:53.247 | INFO     | obscam.api.main:start_server:570 | {'module': 'api_main'} | Press Ctrl+C to shut down gracefully
2025-08-31 23:17:48.313 | INFO     | obscam.api.main:shutdown:56 | {'module': 'api_main'} | FastAPI shutdown event triggered
2025-08-31 23:17:48.814 | INFO     | obscam.api.main:shutdown:60 | {'module': 'api_main'} | FastAPI shutdown cleanup completed
2025-08-31 23:17:48.814 | INFO     | obscam.api.main:handle_signal:525 | {'module': 'api_main'} | Received signal 15, setting shutdown flag...
2025-08-31 23:17:48.815 | INFO     | obscam.api.main:start_server:576 | {'module': 'api_main'} | Shutting down backend service...
2025-08-31 23:17:48.815 | INFO     | obscam.core.backend_service:shutdown_gracefully:240 | {'module': 'backend_service'} | Performing graceful shutdown of backend service
2025-08-31 23:17:48.815 | INFO     | obscam.storage.settings_manager:_save_settings_to_disk:125 | {'module': 'settings_manager', 'settings': {'exposure_ms': 200.0, 'gain': 100, 'wb_r': 100, 'wb_b': 100, 'image_format': 'color', 'timestamp': 1756678613.0883179}} | Settings saved successfully
2025-08-31 23:17:48.815 | INFO     | obscam.core.backend_service:shutdown_gracefully:246 | {'module': 'backend_service'} | Settings saved successfully during shutdown
2025-08-31 23:17:48.815 | INFO     | obscam.core.backend_service:stop_backend:96 | {'module': 'backend_service'} | Stopping backend service
2025-08-31 23:17:48.815 | INFO     | obscam.core.capture_loop:stop:57 | {'module': 'capture_loop'} | Stopping capture loop...
2025-08-31 23:17:48.899 | INFO     | obscam.core.capture_loop:_capture_worker:218 | {'module': 'capture_loop', 'final_frame_count': 62} | Capture loop thread ended
2025-08-31 23:17:48.899 | INFO     | obscam.core.capture_loop:stop:70 | {'module': 'capture_loop'} | Capture thread stopped successfully
2025-08-31 23:17:48.899 | INFO     | obscam.common.logging_config:log_camera_event:114 | {'event_type': 'capture_loop_stopped'} | Camera event
2025-08-31 23:17:48.909 | INFO     | obscam.storage.settings_manager:stop:54 | {'module': 'settings_manager'} | Settings save worker stopped
2025-08-31 23:17:48.910 | INFO     | obscam.common.logging_config:log_camera_event:114 | {'event_type': 'backend_stopped'} | Camera event
2025-08-31 23:17:48.910 | INFO     | obscam.core.backend_service:shutdown_gracefully:252 | {'module': 'backend_service'} | Backend service graceful shutdown completed
2025-08-31 23:17:48.910 | INFO     | obscam.api.main:start_server:578 | {'module': 'api_main'} | Shutdown complete. Goodbye!
2025-08-31 23:18:05.839 | INFO     | obscam.common.logging_config:setup_logging:71 | {'log_dir': '/Users/gheadley/nas/develop/python/obscam/logs', 'debug_mode': False, 'console_level': 'INFO'} | Logging initialized
2025-08-31 23:18:05.839 | INFO     | obscam:main:20 | {'module': 'main'} | Starting ObsCam with debug_mode=False
2025-08-31 23:18:05.946 | INFO     | obscam.core.camera_factory:get_backend_service:43 | {'module': 'camera_factory'} | Using gphoto2 camera implementation (development mode)
2025-08-31 23:18:05.959 | INFO     | obscam.core.capture_loop:__init__:31 | {'module': 'capture_loop'} | Capture loop initialized
2025-08-31 23:18:05.959 | INFO     | obscam.storage.settings_manager:__init__:30 | {'module': 'settings_manager', 'settings_file': '/tmp/obscam/obscam_settings.json'} | Settings manager initialized
2025-08-31 23:18:05.959 | INFO     | obscam.core.backend_service:__init__:42 | {'module': 'backend_service', 'camera_type': 'Gphoto2Camera', 'cache_dir': '/tmp/obscam'} | Backend service initialized
2025-08-31 23:18:05.959 | INFO     | obscam.core.camera_factory:get_backend_service:54 | {'module': 'camera_factory', 'cache_dir': '/tmp/obscam'} | Backend service created
2025-08-31 23:18:05.959 | INFO     | obscam.api.main:start_server:555 | {'module': 'api_main'} | Starting backend service...
2025-08-31 23:18:05.959 | INFO     | obscam.core.backend_service:start_backend:54 | {'module': 'backend_service'} | Starting camera backend service
2025-08-31 23:18:05.959 | INFO     | obscam.storage.settings_manager:start:44 | {'module': 'settings_manager'} | Settings save worker started
2025-08-31 23:18:06.100 | INFO     | obscam.common.logging_config:log_camera_event:114 | {'event_type': 'connected', 'camera_status': {'status': 'connected', 'camera_model': 'Nikon Zf (via gphoto2)', 'is_color_camera': True, 'current_exposure_ms': 200.0, 'current_gain': 100, 'image_format': 'color', 'shutter_mode': 'Bulb'}} | Camera event
2025-08-31 23:18:06.101 | INFO     | obscam.storage.settings_manager:load_settings:62 | {'module': 'settings_manager', 'settings': {'exposure_ms': 200.0, 'gain': 100, 'wb_r': 100, 'wb_b': 100, 'image_format': 'color', 'timestamp': 1756678613.0883179}} | Settings loaded successfully
2025-08-31 23:18:06.101 | INFO     | obscam.core.backend_service:start_backend:72 | {'module': 'backend_service', 'settings': {'exposure_ms': 200.0, 'gain': 100, 'wb_r': 100, 'wb_b': 100, 'image_format': 'color', 'timestamp': 1756678613.0883179}} | Applying cached settings
2025-08-31 23:18:06.103 | INFO     | obscam.common.logging_config:log_camera_event:114 | {'event_type': 'settings_applied', 'settings': {'exposure_ms': 200.0, 'gain': 100, 'wb_r': 100, 'wb_b': 100, 'image_format': 'color', 'timestamp': 1756678613.0883179}} | Camera event
2025-08-31 23:18:06.107 | INFO     | obscam.core.capture_loop:_capture_worker:107 | {'module': 'capture_loop'} | Capture loop thread started
2025-08-31 23:18:06.107 | INFO     | obscam.common.logging_config:log_camera_event:114 | {'event_type': 'capture_loop_started'} | Camera event
2025-08-31 23:18:06.107 | INFO     | obscam.core.backend_service:start_backend:87 | {'module': 'backend_service'} | Backend service started successfully
2025-08-31 23:18:06.107 | INFO     | obscam.common.logging_config:log_camera_event:114 | {'event_type': 'backend_started', 'status': {'backend_service': 'running', 'continuous_capture': True, 'has_frame': False, 'status': 'connected', 'camera_model': 'Nikon Zf (via gphoto2)', 'is_color_camera': True, 'current_exposure_ms': 200.0, 'current_gain': 100, 'image_format': 'color', 'shutter_mode': 'Unknown'}} | Camera event
2025-08-31 23:18:06.107 | INFO     | obscam.api.main:start_server:557 | {'module': 'api_main'} | Backend service started successfully!
2025-08-31 23:18:06.107 | INFO     | obscam.api.main:start_server:558 | {'module': 'api_main'} | Available endpoints:
2025-08-31 23:18:06.108 | INFO     | obscam.api.main:start_server:559 | {'module': 'api_main'} |   - Main page: http://localhost:8000/
2025-08-31 23:18:06.108 | INFO     | obscam.api.main:start_server:560 | {'module': 'api_main'} |   - Latest frame: http://localhost:8000/api/latest-frame
2025-08-31 23:18:06.108 | INFO     | obscam.api.main:start_server:561 | {'module': 'api_main'} |   - Update settings: POST http://localhost:8000/api/update-settings
2025-08-31 23:18:06.108 | INFO     | obscam.api.main:start_server:564 | {'module': 'api_main'} |   - Status: http://localhost:8000/api/status
2025-08-31 23:18:06.108 | INFO     | obscam.api.main:start_server:569 | {'module': 'api_main'} | Starting web server on port 8000...
2025-08-31 23:18:06.108 | INFO     | obscam.api.main:start_server:570 | {'module': 'api_main'} | Press Ctrl+C to shut down gracefully
2025-08-31 23:18:13.416 | INFO     | obscam.storage.settings_manager:_save_settings_to_disk:125 | {'module': 'settings_manager', 'settings': {'exposure_ms': 800.0, 'gain': 100, 'wb_r': 100, 'wb_b': 100, 'image_format': 'color', 'timestamp': 1756678685.959525}} | Settings saved successfully
2025-08-31 23:18:13.771 | INFO     | obscam.core.capture_loop:_capture_worker:129 | {'module': 'capture_loop', 'settings': {'exposure_ms': 800.0, 'gain': 100, 'wb_r': 100, 'wb_b': 100}} | Applying settings update
2025-08-31 23:18:13.773 | INFO     | obscam.common.logging_config:log_camera_event:114 | {'event_type': 'settings_updated', 'settings': {'exposure_ms': 800.0, 'gain': 100, 'wb_r': 100, 'wb_b': 100}} | Camera event
2025-08-31 23:18:23.518 | INFO     | obscam.storage.settings_manager:_save_settings_to_disk:125 | {'module': 'settings_manager', 'settings': {'exposure_ms': 200.0, 'gain': 100, 'wb_r': 100, 'wb_b': 100, 'image_format': 'color', 'timestamp': 1756678685.959525}} | Settings saved successfully
2025-08-31 23:18:24.801 | INFO     | obscam.core.capture_loop:_capture_worker:129 | {'module': 'capture_loop', 'settings': {'exposure_ms': 200.0, 'gain': 100, 'wb_r': 100, 'wb_b': 100}} | Applying settings update
2025-08-31 23:18:24.816 | INFO     | obscam.common.logging_config:log_camera_event:114 | {'event_type': 'settings_updated', 'settings': {'exposure_ms': 200.0, 'gain': 100, 'wb_r': 100, 'wb_b': 100}} | Camera event
2025-08-31 23:18:30.331 | INFO     | obscam.storage.settings_manager:_save_settings_to_disk:125 | {'module': 'settings_manager', 'settings': {'exposure_ms': 200.0, 'gain': 400, 'wb_r': 100, 'wb_b': 100, 'image_format': 'color', 'timestamp': 1756678685.959525}} | Settings saved successfully
2025-08-31 23:18:30.412 | INFO     | obscam.core.capture_loop:_capture_worker:129 | {'module': 'capture_loop', 'settings': {'exposure_ms': 200.0, 'gain': 400, 'wb_r': 100, 'wb_b': 100}} | Applying settings update
2025-08-31 23:18:30.426 | INFO     | obscam.common.logging_config:log_camera_event:114 | {'event_type': 'settings_updated', 'settings': {'exposure_ms': 200.0, 'gain': 400, 'wb_r': 100, 'wb_b': 100}} | Camera event
2025-08-31 23:18:57.230 | INFO     | obscam.storage.settings_manager:_save_settings_to_disk:125 | {'module': 'settings_manager', 'settings': {'exposure_ms': 1000.0, 'gain': 400, 'wb_r': 100, 'wb_b': 100, 'image_format': 'color', 'timestamp': 1756678685.959525}} | Settings saved successfully
2025-08-31 23:18:57.968 | INFO     | obscam.core.capture_loop:_capture_worker:129 | {'module': 'capture_loop', 'settings': {'exposure_ms': 1000.0, 'gain': 400, 'wb_r': 100, 'wb_b': 100}} | Applying settings update
2025-08-31 23:18:58.038 | INFO     | obscam.common.logging_config:log_camera_event:114 | {'event_type': 'settings_updated', 'settings': {'exposure_ms': 1000.0, 'gain': 400, 'wb_r': 100, 'wb_b': 100}} | Camera event
2025-08-31 23:18:58.958 | INFO     | obscam.storage.settings_manager:_save_settings_to_disk:125 | {'module': 'settings_manager', 'settings': {'exposure_ms': 1000.0, 'gain': 100, 'wb_r': 100, 'wb_b': 100, 'image_format': 'color', 'timestamp': 1756678685.959525}} | Settings saved successfully
2025-08-31 23:18:59.829 | INFO     | obscam.core.capture_loop:_capture_worker:129 | {'module': 'capture_loop', 'settings': {'exposure_ms': 1000.0, 'gain': 100, 'wb_r': 100, 'wb_b': 100}} | Applying settings update
2025-08-31 23:18:59.840 | INFO     | obscam.common.logging_config:log_camera_event:114 | {'event_type': 'settings_updated', 'settings': {'exposure_ms': 1000.0, 'gain': 100, 'wb_r': 100, 'wb_b': 100}} | Camera event
2025-08-31 23:19:07.089 | INFO     | obscam.common.logging_config:log_performance:99 | {'function': 'continuous_capture', 'duration_ms': 1136.23, 'frames_captured': 53, 'error_count': 0, 'fps': 0.4} | Performance metric
2025-08-31 23:19:48.652 | INFO     | obscam.api.main:shutdown:56 | {'module': 'api_main'} | FastAPI shutdown event triggered
2025-08-31 23:19:49.153 | INFO     | obscam.api.main:shutdown:60 | {'module': 'api_main'} | FastAPI shutdown cleanup completed
2025-08-31 23:19:49.154 | INFO     | obscam.api.main:handle_signal:525 | {'module': 'api_main'} | Received signal 2, setting shutdown flag...
2025-08-31 23:19:49.154 | INFO     | obscam.api.main:run_server:539 | {'module': 'api_main'} | Server interrupted by user
2025-08-31 23:19:49.154 | INFO     | obscam.api.main:start_server:576 | {'module': 'api_main'} | Shutting down backend service...
2025-08-31 23:19:49.155 | INFO     | obscam.core.backend_service:shutdown_gracefully:240 | {'module': 'backend_service'} | Performing graceful shutdown of backend service
2025-08-31 23:19:49.155 | INFO     | obscam.storage.settings_manager:_save_settings_to_disk:125 | {'module': 'settings_manager', 'settings': {'exposure_ms': 1000.0, 'gain': 100, 'wb_r': 100, 'wb_b': 100, 'image_format': 'color', 'timestamp': 1756678685.959525}} | Settings saved successfully
2025-08-31 23:19:49.156 | INFO     | obscam.core.backend_service:shutdown_gracefully:246 | {'module': 'backend_service'} | Settings saved successfully during shutdown
2025-08-31 23:19:49.156 | INFO     | obscam.core.backend_service:stop_backend:96 | {'module': 'backend_service'} | Stopping backend service
2025-08-31 23:19:49.156 | INFO     | obscam.core.capture_loop:stop:57 | {'module': 'capture_loop'} | Stopping capture loop...
2025-08-31 23:19:50.406 | INFO     | obscam.core.capture_loop:_capture_worker:218 | {'module': 'capture_loop', 'final_frame_count': 24} | Capture loop thread ended
2025-08-31 23:19:50.406 | INFO     | obscam.core.capture_loop:stop:70 | {'module': 'capture_loop'} | Capture thread stopped successfully
2025-08-31 23:19:50.406 | INFO     | obscam.common.logging_config:log_camera_event:114 | {'event_type': 'capture_loop_stopped'} | Camera event
2025-08-31 23:19:50.418 | INFO     | obscam.storage.settings_manager:stop:54 | {'module': 'settings_manager'} | Settings save worker stopped
2025-08-31 23:19:50.418 | INFO     | obscam.common.logging_config:log_camera_event:114 | {'event_type': 'backend_stopped'} | Camera event
2025-08-31 23:19:50.418 | INFO     | obscam.core.backend_service:shutdown_gracefully:252 | {'module': 'backend_service'} | Backend service graceful shutdown completed
2025-08-31 23:19:50.418 | INFO     | obscam.api.main:start_server:578 | {'module': 'api_main'} | Shutdown complete. Goodbye!
